,minimum,maximum
FMNRx_c,0.0,0.0
FMNRx2_c,0.0,0.0
tpsamp_c_m,0.0,0.0
ADPh_c,0.0,157.7323150876129
ADPh_m,0.0,155.6637328419774
tpspydx5p_c_m,0.0,0.0
tpsca2_c_g,0.0,0.0
tpspydx5p_c_x,0.0,0.0
tpspydx5p_c_r,0.0,0.0
tpscu2_c_m,0.0,0.0
tpsfad_c_r,0.0,0.0
tpsfe2_c_r,0.0,0.0
tpsfmn_c_x,0.0,0.0
tpsfeCATION_c_n,0.0,0.0
tpsheme_c_r,0.0,0.0
tpsheme_c_x,0.0,0.0
tpsmetal2_c_x,0.0,0.0
tpsmg2_c_m,0.0,0.0
tpsmg2_c_n,0.0,0.0
tpsmg2_c_r,0.0,0.0
tpsmg2_c_rm,0.0,0.0
tpsmg2_c_x,0.0,0.0
tpsmg2ormn2_c_en,0.0,0.0
tpsmg2ormn2_c_m,0.0,0.0
tpsmg2ormn2_c_vm,0.0,0.0
tpsmn2_c_m,0.0,0.0
tpsmn2_c_n,0.0,0.0
tpsmn2_c_r,0.0,0.0
tpsmn2_c_rm,0.0,0.0
tpspyr_c_gm,0.0,0.0
tpspyr_c_mm,0.0,0.0
tpspyr_c_vm,0.0,0.0
tpsthmpp_c_m,0.0,0.0
tpsthmpp_c_x,0.0,0.0
tpszn2_c_n,0.0,0.0
tpszn2_c_r,0.0,0.0
tpsfad_c_x,0.0,0.0
GENERIC_na1CATION1_c,0.0,0.0
GENERIC_na1CATION1_e,0.0,0.0
GENERIC_kCATION1_m,0.0,0.0
GENERIC_kCATION1_e,0.0,0.0
GENERIC_kCATION1_c,0.0,0.0
GENERIC_hCATION1_en,0.0,0.0
GENERIC_hCATION1_vm,0.0,0.0
GENERIC_hCATION1_gm,0.0,0.0
GENERIC_hCATION1_mm,0.0,0.0
GENERIC_hCATION1_rm,0.0,0.0
GENERIC_hCATION1_v,0.0,0.0
GENERIC_hCATION1_x,0.0,0.0
GENERIC_hCATION1_n,0.0,0.0
GENERIC_hCATION1_m,0.0,0.0
GENERIC_hCATION1_l,0.0,0.0
GENERIC_hCATION1_g,0.0,0.0
GENERIC_hCATION1_c,0.0,0.0
GENERIC_hCATION1_r,0.0,0.0
GENERIC_hCATION1_e,0.0,0.0
GENERIC_ca2metal2_c,0.0,0.0
GENERIC_ca2metal2_e,0.0,0.0
GENERIC_cobalt2metal2_c,0.0,0.0
GENERIC_cobalt2metal2_e,0.0,0.0
GENERIC_cu2metal2_e,0.0,0.0
GENERIC_cu2metal2_c,0.0,0.0
GENERIC_fe2metal2_c,0.0,0.0
GENERIC_fe2metal2_e,0.0,0.0
GENERIC_fe2metal2_m,0.0,0.0
GENERIC_mg2metal2_c,0.0,0.0
GENERIC_mg2metal2_e,0.0,0.0
GENERIC_mn2metal2_e,0.0,0.0
GENERIC_mn2metal2_c,0.0,0.0
GENERIC_ni2metal2_c,0.0,0.0
GENERIC_ni2metal2_e,0.0,0.0
GENERIC_zn2metal2_e,0.0,0.0
GENERIC_zn2metal2_c,0.0,0.0
GENERIC_fe2feCATION_c,0.0,0.0
GENERIC_fe2feCATION_e,0.0,0.0
GENERIC_fe2feCATION_m,0.0,0.0
GENERIC_fe3feCATION_c,0.0,0.0
GENERIC_fe3feCATION_e,0.0,0.0
GENERIC_mg2mg2ormn2_c,0.0,0.0
GENERIC_mg2mg2ormn2_e,0.0,0.0
GENERIC_mn2mg2ormn2_c,0.0,0.0
GENERIC_mn2mg2ormn2_e,0.0,0.0
GENERIC_hemeAheme_c,0.0,0.0
GENERIC_hemeAheme_m,0.0,0.0
GENERIC_hemeOheme_m,0.0,0.0
GENERIC_phemeheme_m,0.0,0.0
GENERIC_shemeheme_c,0.0,0.0
RLFC2O_c,0.0,33.080179774840836
RLFC2O_m,0.0,29.404604244302966
BTDDH_c,-4.353481472629296,0.0
LLFC2O_c,0.0,30.788737116217312
13GS_c,0.1001123,0.1001123
16GS_c,0.026345400000000005,0.026345400000000005
PRMICI_c,0.0076302,0.0076302
P5CD2_m,0.0,15.709828592585984
DHPPDA2_c,2e-05,2e-05
DRAPPRy_c,2e-05,2e-05
ACHBS_m,0.023286,3.253216632894174
HPPK2_m,0.0,1.0000000000003062e-05
AATA_c,0.025974300000000002,2.9484275464011507
DPR_c,9.999999999996123e-06,1.8202377543892287
DDPA_m,0.0,0.0
IPPMIb_c,-0.0316673,-0.0316673
UNK3_c,0.0,2.6617220956257825
HCITR_m,0.025974300000000002,2.948427546401189
MCITS_m,0.0,0.0
OMCDC_c,0.0316673,0.0316673
OMCDC_m,0.0,0.0
BPNT_c,0.0,24.96559140455826
PDE1_c,0.0,78.86615754380654
PDE2_c,0.0,0.0
PDE3_c,0.0,0.0
PDE4_c,0.0,0.0
PDE5_c,0.0,0.0
DB4PS_c,4.000000000000612e-05,4e-05
DHQTi_c,0.02521369999999997,2.922329213976819
DHQS_c,0.02521369999999997,2.922329213976819
3DSPHR_r,0.0008081,0.0008081
DDPA_c,0.02521369999999997,2.922329213976819
HKYNH_c,1.9999999999975333e-05,2.0000000000641466e-05
HACD140i_x,0.0,2.800384303474156
3HAO_c,1.9999999999975333e-05,2.0000000002642036e-05
3IPM3MT_c,0.0,0.0
IPPMIa_c,-0.0316673,-0.0316673
IPMD_c,0.0316673,0.0316673
3MOBDC_c,0.0,4.288605271185122
MTMOHT_m,9.9999999998851e-06,1.8202377543892523
3MOPDC_c,0.0,3.2299306328941966
PSCIT_c,0.025213699999999978,2.922329213976799
ADCS_c,1.0000000000003062e-05,2.8971255139767984
ADCL_c,1.0000000000003062e-05,2.8971255139767984
ABTA_c,1e-05,15.18405118181136
4HTHRS_c,0.0,0.0
4DPMIPPH_c,0.0,0.0
IPPYP1_c,0.0,0.0
MTAP_c,0.0,2.661722095625781
NTD4pp_c,0.0,157.7323150876129
NTD2pp_c,0.0,157.73231508761282
PRFGS_c,0.01212750000000631,5.176348149304398
MTHFR3_c,0.027123900000000006,5.3848958875301625
ALAS_m,8e-05,8e-05
PMI12346PS_c,0.0,0.0
FTHFCL_c,0.0,0.0
MHPGLUT_c,0.0,0.0
MDRPD_c,0.0,2.661722095625781
MTRI_c,0.0,2.661722095625781
IPPYP2_c,0.0,0.0
IPPYP3_c,0.0,0.0
6DPMIPPH_c,0.0,0.0
IPPYP4_c,0.0,0.0
ACALDCD_c,0.0,4.353481472629278
KARA1i_m,0.060656299999999996,4.349261571185119
ACLS_m,0.060656299999999996,4.349261571185119
ACOATA_m,0.0,0.0
ACACT180i_x,0.0,10.284957437733807
ACACT260i_x,0.0,3.9098246439325117
ACACT160i_x,0.0,17.362547691143156
ACACT40ir_c,0.089478,3.1365558986966593
ACACT140i_x,0.0,2.8003843034741513
ACACT100i_x,0.0,2.6529956559228927
ACACT120i_x,0.0,2.2912235210243157
ACS_n,0.0,0.0
ACGK_m,0.015270400000000003,11.326150889089886
ACP1_e,0.0,0.0
ACONT2_m,0.0,0.0
ACOTAi_m,0.015270400000000003,11.326150889089886
ACOAO100_x,0.0,0.0
ACOAO120_x,0.0,0.0
ACOAO260_x,0.0,3.909824643932495
ACOAO160_x,0.0,17.362547691143206
ACOAO180_x,0.0,10.28495743773385
ACOAO140_x,0.0,2.8003843034741784
ADD_c,0.0,2.6406381374569694
ADPT_c,0.0,2.6617220956257825
ADA_c,0.0,61.23411138318575
ADNK1_c,0.0,157.75492198761265
AMPDA_c,0.0,91.83986362477819
AHCi_c,0.0226069,52.6000452625376
ADMDC_c,1.9999999999999185e-05,2.661722095625781
AMAOTr_c,0.0,0.0
ADNCYC_c,0.0,78.86615754380634
ADK1_c,0.5365612625177247,158.82059956710887
ADK1_m,0.0,155.66373450864444
ADK3_m,0.0,119.74133423741844
ADSL2i_c,0.012117500000003622,5.176338149304405
ADSL1r_c,0.012430300000003613,91.85230392477867
ADSS_c,0.012430300000003613,91.85230392477867
ADSK_c,0.00509050000000022,24.96559140455832
AGTi_c,0.0,14.360492846438586
ALATRS_c,0.038625400000000004,0.038625400000000004
ALCD2i1_c,0.0,1000.0
ALCD19y_c,0.0,0.0
ALCD2i2_m,0.0,0.0
ALCD22xi_c,0.0,3.0465507710721083
ALCD22xi_m,0.0,3.0465507710720967
ALCD22yi_c,0.0,3.0202578375881597
ALCD25xi_c,0.0,0.0
ALCD25xi_m,0.0,0.0
ALCD25yi_c,0.0,0.0
ALDD20x_m,0.0,0.0
ALDD20y_m,0.0,0.0
ALCD24xi_c,0.0,0.0
ALCD24xi_m,0.0,0.0
ALCD24yi_c,0.0,0.0
ALCD23xi_c,0.0,4.002479928976921
ALCD23xi_m,0.0,4.002479928976921
ALCD23yi_c,0.0,3.9361815209551665
ALCD26xi_c,0.0,1.8299294602407585
ALCD26xi_m,0.0,1.8299294602407585
AKP1_c,0.0,1.0000000000003062e-05
ATAH_c,0.0,0.0
ALLTN_c,0.0,0.0
ALPHNH_c,0.0,157.7323150876165
12AMANTF_g,0.0,0.0
TREH_v,0.0,52.57743836253908
TRE6PS_c,0.0,52.57743836253908
AMID_c,0.0,0.0
AACTOOR_c,0.0,0.0
ABUTD_m,0.0,0.0
ANPRT_c,0.0025898000000008636,11.423386672297578
ANS_c,0.0025898000000008636,1.8967273114772578
AP4AH_c,0.0,157.73231508761657
ARGN_c,0.0,29.479775404901254
ARGSL_c,0.0152604,29.495035804901253
ARGSS_c,0.0152604,29.495035804901253
ARGTRS_c,0.0152604,0.0152604
ASNS1_c,0.0183441,0.0183441
ASNTRS_c,0.0183441,0.0183441
ASNTRS_m,0.0,0.0
ASPCT_c,0.012566999999999998,1.9902051172414146
ASPK_c,0.04983390000000001,30.59124171181457
ASPTA_c,-70.7968990426812,50.1228276625359
ASPTA_x,0.0,0.0
ASAD_c,0.04983390000000001,30.591241711814543
ASPTRS_c,0.0183441,0.0183441
ATPATF1_c,0.0,157.732315087617
ATPPRT_c,0.0076302,0.0076302
ATPASEP2e_c,0.0,157.9974081876164
14BMANTF_c,0.0,0.0
BTS1_c,0.0,0.0
BACCL_c,0.0,0.0
C14STR_c,0.0102571,0.47492654726032346
C22STDSy_c,0.0,0.4139930527082506
C3STDH2_c,0.0102571,0.431846355510237
C3STDH1_c,0.0102571,0.431846355510237
C4STMO1_c,0.0102571,0.431846355510237
C4STMO2_c,0.0102571,0.431846355510237
C4STMO3_c,0.0102571,0.431846355510237
C4STMO4_c,0.0102571,0.431846355510237
C5STDS_c,0.0,0.4139930527082506
C8STI_c,0.0102571,0.431846355510237
C24STR_r,0.0,0.4102966861662126
CBPS_c,0.0278274,29.507602804901243
CRNOAT_c,0.0,50.406917462535986
CRNOAT_x,0.0,23.458947863595444
CAT_c,0.0,22.817998003934598
CAT_x,0.0,11.729473931797733
CERH124A_r,0.0,0.000202025
CERH124B_r,0.0,0.0
CERH126A_r,0.0,0.000202025
CERH126B_r,0.0,0.0
CERH2A24_r,0.0,0.0
CERH2A26_r,0.0,0.0
CERH324_r,0.0,0.0
CERH326_r,0.0,0.0
CHTNDA_c,0.0,0.0
CHTNS_c,0.0023669,0.0023669
CHOLK_c,0.0,52.578985095872305
CHLPCTD_c,0.0,52.578985095872305
CHORM_c,0.0226139,2.2547234776962166
CHORS_c,0.025213699999995537,2.9223292139768646
FRTT_l,0.0015503000000000003,0.0015503000000000003
GGTT_l,0.0015503000000000003,0.0015503000000000003
PPTT_l,0.0015503000000000003,0.0015503000000000003
PRENT6_l,0.0015503000000000003,0.0015503000000000003
PRENT7_l,0.0015503000000000003,0.0015503000000000003
PRENT8_l,0.0015503000000000003,0.0015503000000000003
PRENT9_l,0.0015503000000000003,0.0015503000000000003
PRENT10_l,0.0015503000000000003,0.0015503000000000003
PRENT11_l,0.0015503000000000003,0.0015503000000000003
PRENT12_l,0.0015503000000000003,0.0015503000000000003
PRENT13_l,0.0015503000000000003,0.0015503000000000003
PRENT14_l,0.0013780444444444447,0.0013780444444444447
PRENT15_l,0.001205788888888889,0.001205788888888889
PRENT16_l,0.0010335333333333335,0.0010335333333333335
PRENT17_l,0.0008612777777777779,0.0008612777777777779
PRENT18_l,0.0006890222222222222,0.0006890222222222222
PRENT19_l,0.0005167666666666666,0.0005167666666666666
PRENT20_l,0.0003445111111111111,0.0003445111111111111
PRENT21_l,0.00017225555555555556,0.00017225555555555556
CS_m,0.11921819999999939,50.38094316253593
CS_x,0.0,0.0
CPPPGO_c,1e-05,1e-05
CTPS2_c,0.008160400000000005,31.579973737523478
CTPS1_c,0.0,0.0
CBL_c,0.0,61.58953130876709
CYSTS_c,0.0,61.590104808767094
CYSTGL_c,0.0,3.189238601169406
METB1_c,0.0,3.1934256283133173
CYSS_c,0.0,4.355566310130879
CYSTRS_c,0.0005535000000000001,0.0005535000000000001
CYTD_c,0.0,31.57124573752345
CYTDK2_c,0.0,157.73231508761734
LNS14DMy_c,0.0102571,0.4749265472603233
CSND_c,0.0,31.571245737523416
ARAB14LO_c,0.0,0.0
ARAB1Dx_c,0.0,0.0
FBA2_c,0.0,0.0
SBTD_D2_c,0.0,0.0
DCMPDA_c,0.0,1.9556533868909802
DCTPD_c,0.0,1.9093108895712891
DADA_c,0.0,0.0
DCYTD_c,0.0,1.9322043055133937
DGK1_c,0.0,157.73231508761722
DXHPSq9_c,0.0,0.0
DRBK_c,0.0,0.0
DHFRi_c,0.0007194999999999962,1.9783576172414143
DHFRi_m,0.0,0.0
DHFS_1_c,9.999999999996123e-06,1.0000000000010001e-05
DHNPA2i_m,9.999999999996123e-06,1.0000000000010001e-05
DNMPPA_c,0.0,1.0000000000010001e-05
DHORTS_c,-1.9902051172413595,-0.012566999999999998
DHPTS_m,0.0,9.99999999995449e-06
FOLD3_m,0.0,9.99999999995449e-06
DHAD1_m,0.06065629999999994,4.349261571185226
DHAD2_m,0.023286,3.253216632894295
DHAK_c,0.0,157.73257413899634
DMATT_c,0.0220745,0.9819887246397866
DPGM_c,0.0,0.0
PMI1346PS_c,0.0,0.0
DIPS_c,0.0,0.0
DOLK_c,0.0,0.0
DOLPMT_c,0.0115744,78.8777319438085
DOLPMMT_r,0.0,78.8661575438085
DTMPK_c,0.0007095000000000001,1.9783476172414145
DUTPDP_c,0.0,78.86686704380847
EPGALURS_e,0.0,0.0
ENO_c,-60.86182318318573,9.546271233333458
ETHAK_c,0.0,0.0
ACHLE3_c,0.0,0.0
13BGH_e,0.0,0.0
FRTT_c,0.0,0.7470428240214356
FACOAL100_x,0.0,78.8661575438084
FACOAL120_x,0.0,78.86615754380846
FACOAL160_x,0.0,78.86615754380846
FACOAL80_x,0.0,78.8661575438084
FACOAL140_x,0.0,78.86615754380846
FECPOR_m,0.0,0.0
AFAT_c,1e-05,1e-05
FALDH_c,0.0,0.0
FDH_c,0.0,17.335645689928047
FTHFL_m,-9.335530791073497,0.0
FBP2_c,0.0,0.0
FBP_c,0.0,157.73231508761705
FBA_c,-28.597217231465997,162.48748287583427
FUM_m,0.0,12.583088715633991
FUM_c,-6.4280346116304905,91.87969182478042
DHORDfum_c,0.012566999999999998,1.9902051172414206
FRD_c,0.0,1.4940856480428686
GTMLT_c,0.0,0.0
GALKi_c,0.0,0.0
GALT_c,0.0,0.0
GLUCYS_c,0.0,0.0
GGTT_c,0.0,0.0
GRTT_c,0.022074499999999997,0.9819887246397867
GLCGSD_c,0.0,78.86615754380873
GLCGSD_v,0.0,78.86615754380878
G6PDA_c,0.0,157.73231508761742
G6PDH2i_c,0.0,26.00346853489203
PGI_c,-21.134626834891467,4.868841700000001
GLU5K_c,0.0,9.702850002387816
GLUDC_c,0.0,15.184041181811729
GLUDxi_c,0.0,183.6797272495622
GLUDy_c,0.0,184.23262484956064
GLUSx_c,0.0,157.73231508761685
G5SDy_c,0.0,9.702850002387764
GLUN_c,0.0,157.7323150876172
GLNS_c,0.13393059999999157,157.86695518761712
GF6PTA_c,0.0071664,157.73948148761716
GLNTRS_c,0.030599900000000003,0.030599900000000003
GLUTRS_c,0.030599900000000003,0.030599900000000003
GLUTRS_m,0.0,0.0
GTHO_c,0.0,22.817998003934687
GTHO_m,0.0,0.0
GTHP_c,0.0,22.817998003934687
GTHP_m,0.0,0.0
GTHS_c,0.0,0.0
GAPD_c,-27.51127559433701,9.54627123333344
GLYK_c,0.0,157.73257413899609
G3PDf_m,0.0,50.26172496253604
G3PD1r_c,-29.479735212993056,157.74337533899566
G3PD1i_m,0.0,0.0
GARFT_c,0.012127500000009818,5.17634814930449
GLYAT_c,0.0,0.0
GLYCL_m,-6.473584711630478,22.76344240973441
GHMT2r_c,-12.643989815633697,17.384987189928047
GLYGS_c,0.0,157.73231508761643
GLCP_c,0.0,157.73231508761643
GLYTRS_c,0.0351464,0.0351464
GMPS2_c,0.0073174000000000225,0.007317399999999988
GTPCI_c,1.0000000000003062e-05,1.0000000000003062e-05
GTPCII2_c,2.000000000001694e-05,2e-05
GUAD_1_c,0.0,0.0
GK1_c,0.0,157.7403419876169
GK2_c,-0.0007095000000000001,157.73963248761657
HOMOX_m,1e-05,1e-05
HEMEOS_m,1e-05,1e-05
HEX7_c,0.0,0.0
HEX1_c,1.1228385659092672,110.15487672507813
HEX4_c,0.0,78.86615754380873
HISTD_c,0.0076302,0.0076302
HISTP_c,0.0076302,0.0076302
HSTPT_c,0.0076302,0.0076302
HISTRS_c,0.0076302,0.0076302
HISTRS_m,0.0,0.0
ARMT_c,0.0,0.0
HACNH_m,0.025974300000000002,2.9484275464012253
HCYSMT_c,0.0,52.57743836253904
HICITD_m,0.025974300000000002,2.9484275464012217
HSDy_c,0.0,26.396074017951214
HSK_c,0.0220209,30.58661791856539
HSERTA_c,0.004527000000000007,3.193765601169395
THIORDXi_x,0.0,15.494221594508613
GLYOX_c,0.0,33.08017977484171
HETZK_c,0.0,52.57743836253918
PPBNGD_c,1e-05,1e-05
HMGCOAR_c,0.089478,3.136555898696749
HMGCOAS_c,0.089478,3.136555898696749
HMGCOAS_m,0.0,0.0
HMPK1_c,1e-05,52.57744836253923
IG3PS_c,0.0076302,0.0076302
IGPDH_c,0.0076302,0.0076302
IGPS_c,0.002589799999999934,11.423386672297818
INDPYRD_c,0.0,1.8941375114773027
PPA_c,0.8318898625177363,159.11664766711297
IPK2_n,0.0,0.0
IPK3_n,0.0,0.0
IPK4_n,0.0,0.0
IPK5_n,0.0,0.0
ACHLE1_c,0.0,0.0
ACHLE2_c,0.0,0.0
ICDHx_m,0.0,15.303259381811708
ICL_1_c,0.0,24.77120415891562
ILETA_c,0.0,3.2299306328943103
ILETA_m,-3.2532166328942087,-0.023286
ILETRS_c,0.023286,0.023286
ILETRS_m,0.0,0.0
IPDDI_c,0.0220745,0.981988724639785
ITCOAL_m,0.0,0.0
KARA2i_m,0.023286,3.2532166328942815
KYN_c,0.0,11.420796872297355
KYN3OX_c,2.0000000000086355e-05,1.9999999980552935e-05
PHCD_m,0.0,0.0
4HGLSD_m,0.0,0.0
THRA2_c,0.0,0.0
ATHRDHr_c,0.0,0.0
AASADy_c,0.025974300000000002,2.948427546401223
EGHLAT_c,0.0,0.0
EGHLAT_x,0.0,0.0
HPRORy_c,0.0,0.0
LALDO3_c,0.0,30.788737116218165
LSERDHi_c,0.0,0.0
SBTD_L_c,0.0,0.0
THRD_L_m,0.0,3.253205126072437
TRPO2_c,1.999999999986431e-05,11.420816872297376
LCADi_c,0.0,30.788737116218567
LGTHL_c,0.0,33.080179774841724
LNSTLS_c,0.0102571,0.4902142123198916
LEUTA_c,-0.0316673,-0.0316673
LEUTA_m,0.0,0.0
LEUTRS_c,0.0316673,0.0316673
LTA4H_c,0.0,0.0
LTA4H_n,0.0,0.0
LTA4H2_c,0.0,0.0
LTA4H2_n,0.0,0.0
LTA4H3_c,0.0,0.0
LTA4H3_n,0.0,0.0
LYSTRS_c,0.025974300000000002,0.025974300000000002
MDH_m,-4.201949435110535,50.38094316253609
ME1_m,0.0,22.662942336320377
MAN1PT_c,0.038441099999999985,78.90459864380833
MAN6PI_c,-0.038441099999999985,-0.038441100000000006
MTHFC_m,0.0,9.335530791073703
METAT_c,0.0226369,52.600075262539015
METS_c,0.027123900000000006,5.384895887530427
FMETTRS_m,0.0,0.0
METTRS_c,0.004507,0.004507
METTRS_m,0.0,0.0
MTHFD2i_c,0.0,183.67972724956167
MTHFD_m,0.0,9.33553079107368
MCITL2_m,0.0,0.0
MEVK1_c,0.0,3.077649296085742
MEVK2_c,0.0,3.077649296085742
MEVK3_c,0.0,3.077649296085742
MEVK4_c,0.0,3.077649296085742
DPMVD_c,0.089478,3.077649296085742
MI1PP_c,0.0047006,52.58213896253907
M1PS_c,0.0047006,0.004700599999999611
AGPRi_m,0.015270400000000003,11.326150889090117
ACGAM6PS_c,0.0071664,0.0071664
ACGS_m,0.0,0.0
FKYNH_c,1.9999999999975333e-05,11.420816872297515
NADDP_x,0.0,0.0
NADK_c,0.0,1.0000000000065512e-05
NADK_m,0.0,0.0
NADN_n,0.0,0.0
NADS2_c,1.9999999999975333e-05,1.9999999974665283e-05
NADS2_n,0.0,0.0
NADHq9_c,0.0,50.261724962535965
NADHK1_c,0.0,9.999999998032416e-06
NADHK1_m,0.0,0.0
NAMNPP_c,0.0,0.0
NAMNPP_m,0.0,0.0
NNAM_c,0.0,0.0
NNMT_c,0.0,0.0
NNDPR_c,1.9999999999975333e-05,1.9999999974884292e-05
NNDPR_m,0.0,0.0
NDP1_c,0.0,157.73231508761725
NDP3_c,0.0,157.73231508761728
NDP7_c,0.0,157.73231508761702
NDP7_g,0.0,0.0
NDP5_c,0.0,157.7323150876176
NDP10_c,0.0,61.2265757498541
NDPK3_c,0.0,157.84077728761716
NDPK8_c,0.0,157.7403419876177
NDPK7_c,0.0011074000000000001,1.9104182895712887
NDPK5_c,0.0011074000000000001,157.73342248761725
NDPK4_c,0.0007095000000000001,1.9783476172414152
NDPK1_c,0.05708140000000123,157.8788944876173
NDPK9_c,0.0,157.73231508761734
NDPK10_c,0.0,0.0
NDPK6_c,0.0,78.86686704380867
NTP3_c,0.0,157.73231508761725
NTP7_c,0.0,157.73231508761737
NTP5_c,0.0,157.73231508761705
NTP10_c,0.0,157.73231508761737
NDP3_g,0.0,0.0
NDPK2_c,0.1454816,157.96798418761725
AHSERL_c,0.0,0.0
AHSERL2_c,0.0,2.772940287704591
SHSL1_c,0.0,0.0
OCBT_c,0.0152604,29.49503580490135
ORNDC_c,1.0000000000003062e-05,3.5933814901811343
ORNTACi_m,0.015270400000000003,11.326150889090068
ORNTA_c,0.0,11.310880489090067
ORPT_c,-1.990205117241363,-0.012566999999999998
OMPDC_c,0.012566999999999998,1.9902051172414177
PTPAT_c,9.999999999996123e-06,9.999999999940612e-06
PNTK_c,9.999999999996123e-06,9.999999999940612e-06
PBAL_c,9.999999999996123e-06,1.8202377543892758
FACOAE100_x,0.0,78.8661575438087
FACOAE120_x,0.0,78.8661575438087
FACOAE160_x,0.0,78.86615754380865
FACOAE140_x,0.0,78.86615754380863
FACOAE180_x,0.0,78.86615754380865
FACOAE80_x,0.0,78.8661575438087
PHETA1_c,-2.246974677696155,-0.014865100000000001
PHETRS_c,0.014865100000000001,0.014865100000000001
PHETRS_m,0.0,0.0
PRAIS_c,0.012127500000009839,5.176348149304477
ACGAMPM_c,0.0071664,0.0071664
PAPSR_c,0.005090500000000053,24.965591404558996
PPCK_c,0.0,157.73231508761683
PFK_c,0.0,162.48748287583496
GND_c,0.0,26.00346853489208
PGAMT_c,0.0,0.0
PGCD_c,0.0,63.70123236473805
PGK_c,-27.51127559433693,9.546271233333467
PGM_c,-60.86182318318568,9.546271233333433
PMANM_c,-78.90459864380655,-0.038441099999999985
PMPK_c,1e-05,52.577448362539045
PMEVK_c,0.08947799999999997,3.077649296085741
PPNCL2_c,1.0000000000218168e-05,9.999999999996123e-06
PPCDC_c,1.0000000000218168e-05,9.999999999996123e-06
PPM_c,-157.73233508761285,78.86615754380863
PRASCSi_c,0.012117500000003622,5.176338149304484
PRAMPC_c,0.0076302,0.0076302
PRATPP_c,0.0076302,0.0076302
AIRC1_c,0.012117500000003622,5.176338149304484
PRAGSi_c,0.012127500000003621,5.176348149304483
GLUPRT_c,0.012127500000003621,5.176348149304483
PSERT_c,0.0,63.70123236473808
PSPHPL_r,0.0,0.0
PSPHS_r,0.0,0.00040405
POLYAO1_c,0.0,1.8202377543892792
PPBNGS_1_c,4e-05,4e-05
POLYAO2_c,0.0,0.9101188771946369
POLYAO3_c,0.0,1.8202377543892792
PPNDH_c,0.014865100000000001,2.2469746776962203
PPND2_c,0.0077488,0.0077488
PROD2_m,0.0,15.709828592586318
PROTRS_c,0.016683700000000003,0.016683700000000003
PPPGO_m,5e-06,5e-06
PNP_c,0.0,0.0
PUNP3_c,0.0,0.0
PUNP3_m,0.0,0.0
PUNP5_c,-2.640638137456968,5.171538049304488
PYDXO_c,0.0,0.0
PYAM5PO_c,0.0,0.0
PDX5POi_c,0.0,0.0
PYDXNO_c,0.0,45.63598600786933
P5CR_c,0.0,15.726512292586243
PC_c,0.0,158.28266718552314
PYRDC_c,0.0,17.335645689928064
PYRDC2_c,0.0,4.353481472629408
PDH_m,0.0,17.33564568992799
PYK_c,0.0,158.78486291923997
RBFK_c,1e-05,1e-05
RBFK_m,0.0,0.0
RBFSa_c,4e-05,4e-05
RBFSb_c,2e-05,2e-05
RBK_c,0.0,157.73231508761705
RNDR1_c,0.0007095000000000001,0.0007095000000000001
RNDR1_n,0.0,0.0
RNDR3_c,0.0011074000000000001,1.9567607868909866
RNDR3_n,0.0,0.0
RNDR2_c,0.0011074000000000001,0.0011074000000000001
RNDR2_n,0.0,0.0
RPI_c,-16.5110970250718,12.642335437544233
RNMK_c,0.0,0.0
RPE_c,-7.575510967710768,17.303908123261422
SAM24MT_c,0.0102571,0.4318463555102383
SFGTHi_c,0.0,0.0
SACCD2_c,0.025974300000000002,2.9484275464012444
SACCD1_c,0.025974300000000002,2.9484275464012444
FBA3_c,-157.73231508761256,0.0
SERAT_c,0.0,4.3555663101308975
SERPT_r,0.0008081,0.0008081
SERTRS_c,0.021072,0.021072
SHK3Di_c,0.0252136999999991,2.9223292139768797
SHKK_c,0.0252136999999991,2.9223292139768797
SHCHD2_c,0.0,0.0
SHCHF_c,0.0,0.0
SPHPL_r,0.0,0.0
SBPP2_r,0.0,157.7323150876171
SBPP1_r,0.0,157.7323150876171
SPHGLpK_r,0.0,157.7323150876171
SLCBK1_r,0.0,157.7323150876171
ACONIs_m,0.0,0.0
ACONIs_c,0.0,0.0
SQLEx_r,0.0,0.0
SQLEy_r,0.0102571,0.4902142123198944
SQLS_c,0.0102571,0.4902142123198944
SUCOAS_m,0.0,12.565431240634005
SSALy_c,1e-05,15.184051181811707
SUCR_e,0.0,0.0
SADT_c,0.005090500000000102,24.96559140455923
SO3R_c,0.005090500000000102,4.3566163592404505
TAUDO_c,0.0,0.0
THFGLUS_c,0.0,0.0
TMDPK_c,0.0,1e-05
TMDPPK_c,0.0,0.0
TMPPP_c,1e-05,52.57744836253901
THIORDXi_n,0.0,0.0
TRDR_c,0.008724300000000101,24.96922520455923
THRA_c,0.0,30.541407811814047
THRS_c,0.0220209,30.586617918565274
THRTRS_c,0.0220209,0.0220209
TMDS_c,0.0007095000000000001,1.9783476172414187
ACONMT_c,0.0,0.0
PPTT_m,0.0,0.0
TALA_c,-16.546061525071813,157.69272930916767
TRE6PP_c,0.0,52.57743836253907
TPI_c,-32.276861394336905,4.780685433333388
TRPS1_c,0.0025898000000001975,11.423386672297553
TRPTA_c,0.0,1.8941375114772854
TRPTRS_c,0.0025698,0.0025698
TRPTRS_m,0.0,0.0
TYRTA_c,0.0077488,0.0077488
TYRTAi_x,0.0,0.0
TYRTRS_c,0.0077488,0.0077488
TYRTRS_m,0.0,0.0
ERGSTGLCT_c,0.0,0.0
UAGDP_c,0.0071664,0.0071664
UDPG4E_c,0.0,0.0
UGLT_c,0.0,0.0
UMPK_c,0.014117299999999989,157.74643238761664
UMPK_n,0.0,0.0
UPPRT_c,0.0,78.86615754380844
UREASE_c,0.0,157.73231508761668
URIK1_c,0.0,157.73231508761677
URIK2_c,0.0,157.73231508761677
URIDK2i_c,0.0,78.86615754380838
URIDK2_n,0.0,78.86615754380838
UPPDC1_c,1e-05,1e-05
UPP3MT_2_c,0.0,0.0
UPP3S_c,1e-05,1e-05
GALUi_c,0.1264577,157.85877278761683
VALTA_c,0.0316673,4.3202725711852175
VALTA_m,-4.349251571185118,-0.0606463
VALTRS_c,0.028979,0.028979
VALTRS_m,0.0,0.0
XPPT_c,0.0,0.007317399999999995
XYLK_c,0.0,0.0
YUMPS_c,0.0,0.0
MEVt_c_e,-3.0470778986966587,0.0
BTDt_c_e,0.0,4.3534814726293956
2MBACt_c_e,0.0,0.0
2OXOADPt_c_m,0.025974300000000002,2.9484275464012204
4ABUTtps_e,0.0,0.0
5AOPtps_e,0.0,0.0
5FTHFt_c_e,0.0,0.0
ETACt_c_e,0.0,0.0
ADEtps_e,0.0,0.0
ADNtps_e,0.0,0.0
ADPATPt_c_m,-1.5879719477219216,154.55574573760777
ADPATPt_c_x,0.0,0.0
AKGCITta_m,0.0,999.7816591
ALLTTt_c,0.0,0.0
ALLTNt_c,0.0,0.0
NH4t_c_e,0.6457947000000273,52.28800119304313
AMPATPt_c_x,0.0,78.86615754380568
ASPGLUt_c_m,0.0,50.26172496253252
CRNACRNt_c_m,0.0,50.40691746253437
CHOLtps_e,0.0,0.0
CITMALta_m,-999.7816591,50.261724962535915
CITt3_m,0.0,0.0
CITICITta_m,0.0,24.771204158916284
COAt_c_m,0.0,0.0
CTPt2_m,0.0,47.79767123867157
CTPCMPt_c_m,0.0,43.81453196878226
CYTDtps_e,0.0,0.0
CSNtps_e,0.0,0.0
GALtps_e,0.0,0.0
LACDtps_c,-7.397966118724334,0.0
LACtps_m,0.0,17.381121589927947
LACPYRt_c_m,-17.38112158992719,29.404604244303833
ETHAt_c_e,0.0,0.0
FADH2t_c_m,0.0,0.0
FOLt_c_e,0.0,0.0
GDPMANt_c_g,0.0,0.0
GLCt_c_e,1.1228385659093978,5.0
GTHRDt_c_e,0.0,0.0
GTHRDt_c_v,-157.73231508760702,0.0
G3PIt_c_e,0.0,0.0
G3PCt_c_e,-1.7859239958433861,0.0
GLYCtps_e,-6.501961614773445,0.0
GLYtps_e,-12.910551623260249,0.0
GLYCOGENt_c_v,0.0,78.86615754380838
GTPGDPtp_m,0.0,119.7413342374212
GUAtps_e,0.0,0.0
INOSTtps_e,0.0,0.0
FE2t_c_e,7.64e-05,7.64e-05
FE2t_c_m,1e-05,1e-05
IAMACt_c_e,0.0,0.0
IBUTACt_c_e,0.0,0.0
IPDPt_c_m,0.0,0.0
ALAtps_e,-7.180246423219043,0.0
ARGtps_e,-3.3890949196670315,0.0
ASNtpa_v,0.0,0.0
ASNtps_v,0.0,0.0
ASPtps_v,0.0,0.0
ASPtps_e,-6.455275811630438,0.0
CYStps_e,-4.351525859240369,0.0
CYSItps_v,0.0,0.0
GLUt_c_m,0.0,15.67383461924187
GLUtps_v,0.0,0.0
GLUtps_e,-4.5692477238666065,0.0
GLNtpa_v,0.0,0.0
GLNtps_v,0.0,0.0
HIStpa_v,0.0,0.0
ILEt_c_v,0.0,0.0
ILEtpa_v,0.0,0.0
ILEtps_v,0.0,0.0
LACt_c_m,0.0,0.0
LACLtps_c,0.0,0.0
LEUt_c_v,0.0,0.0
LEUtpa_v,0.0,0.0
LEUtps_v,0.0,0.0
LYStpa_v,0.0,0.0
LYStps_e,-2.9224532464010333,0.0
METtps_e,-2.759151879593758,0.0
PHEtps_e,-2.2321095776961024,0.0
PROtps_e,-3.866286535579576,0.0
SERtps_e,-8.534357206797841,0.0
TYRt_c_v,0.0,0.0
TYRtpa_v,0.0,0.0
TYRtps_v,0.0,0.0
VALtps_e,-3.9361815209549262,0.0
MALt2_m,0.0,14.53302708597297
MALTtps_e,0.0,0.0
NFORTYR2t_c_e,0.0,0.0
NADt_c_m,0.0,0.0
NADt1_m,0.0,0.0
NADt2_m,0.0,0.0
NADt3_m,0.0,0.0
NACt_c_e,0.0,0.0
ORNtpa_m,0.015270400000000003,11.326150889089888
ORNtps_e,-3.593371490181068,0.0
OAAtps_m,0.0,17.381121589927638
PNTOtps_e,-1.8202277543892278,0.0
PENDPt_c_m,0.0,0.0
PHEACt_c_e,0.0,0.0
PItps_e,0.05384220000001605,5.986756551724081
PItps_m,0.0,161.50187179343797
PTRCtpa_e,-3.59337149018106,0.0
PTRCtpa_v,0.0,0.0
PYRtps_e,-8.607034415507304,0.0
AMETt_c_m,0.0,0.0
NAtpa_c,0.0,0.0
SPMDtpa_e,-1.9898608497335848,0.0
SPMDtpa_v,0.0,0.0
SPRMtpa_e,-1.3308510478128905,0.0
SPRMtpa_v,0.0,0.0
SUCCt2_m,0.0,12.58308871563372
SUCFUMt_c_m,0.0,24.79639983309687
SO4t_c_e,0.008212799999999998,24.96871370455822
SO3t_c_e,0.0,24.960500904558216
TAURt_c_e,0.0,0.0
UDPGALt_c_g,0.0,0.0
URAtps_e,0.0,0.0
UREAtps_e,-25.821103246521872,0.0
URItps_e,0.0,0.0
UTPt_c_m,0.0,0.0
UTPUMPtp_m,0.0,0.0
H2Ot_c_e,-53.439185420074956,1.1285827192315794
EX_13BDglucan_e,0.0,0.0
13BDGLUCANt_c_en,0.1001123,0.1001123
EX_crn_e,0.0,0.0
EX_lac__D_e,0.0,7.397966118724598
EX_mev__R_e,0.0,3.047077898696659
EX_pnto__R_e,0.0,1.8202277543892342
EX_btd_e,0.0,4.353481472629284
EX_3mop_e,0.0,3.1663993458585122
EX_lac__L_e,0.0,0.0
EX_mal__L_e,0.0,6.455275811630502
EX_g3pi_e,0.0,0.0
MI13456Pt_c_n,0.0,0.0
MI1Pt_c_r,0.0,0.0
EX_dad_2_e,0.0,0.0
EX_dgsn_e,0.0,0.0
EX_din_e,0.0,0.0
EX_duri_e,0.0,0.0
2DDA7Pt_c_m,0.0,0.0
2DHPt_c_m,-1.8202377543892343,-9.9999999998851e-06
EX_3c3hmp_e,0.0,2.977797683008638
3C3HMPt_c_e,0.0,2.977797683008638
3C3HMPt_c_m,0.0,0.0
2MBTOHt_c_e,0.0,3.046550771072042
2MBTOHt_c_m,-3.046550771072056,0.0
EX_2mbald_e,0.0,3.229930632894202
2MBALDt_c_e,0.0,3.229930632894202
2MBALDt_c_m,0.0,3.0465507710720607
EX_2mbtoh_e,0.0,3.0465507710720607
EX_2mbac_e,0.0,0.0
IBTALDt_c_e,0.0,4.288605271185122
IBTALDt_c_m,0.0,4.002479928976802
2OBUTt_c_m,0.0,3.1892386011692646
EX_akg_e,0.0,5.026172496253497
AKGt_c_n,0.0,0.0
AKGt_c_e,-5.026172496253479,0.0
EX_2phetoh_e,0.0,0.0
2PHETOHt_c_e,0.0,0.0
2PHETOHt_c_m,0.0,0.0
3C4MOPt_c_m,0.0,0.0
3MOPt_c_e,-3.166399345858508,0.0
EX_3mbald_e,0.0,0.0
3MBALDt_c_e,0.0,0.0
3MBALDt_c_m,0.0,0.0
3HXPHBt_c_m,0.0,0.0
AHMMPS4_c,1e-05,1e-05
EX_4abz_e,0.0,2.8971155139768183
4ABZt_c_e,0.0,2.8971155139768183
4ABZt_c_m,1.0000000000003062e-05,1.0000000000003062e-05
4ABUTNt_c_m,0.0,0.0
4ABUTt_c_m,0.0,0.0
4H2OGLTt_c_m,0.0,0.0
4H2OGLTt_c_x,0.0,0.0
4HBZt_c_m,0.0,0.0
NTD7pp_c,0.0,157.7323150876131
NTD6pp_c,0.0,0.0
NTD3pp_c,0.0,1.9322043055133522
NTD8_c,0.0,0.0
NTD5_c,0.0,157.73231508761342
NTD1pp_c,0.0,157.73231508761342
NTD10pp_c,0.0,0.0
EX_5aop_e,0.0,0.0
5AOPt_c_m,-8e-05,-8e-05
EX_5fthf_e,0.0,0.0
EX_dann_e,0.0,0.0
DANNt_c_e,0.0,0.0
EX_8aonn_e,0.0,0.0
EX_xan_e,0.0,5.164220649304404
EX_acald_e,0.0,9.23572587715685
ACALDt_c_m,0.0,0.0
ACALDt_c_e,-9.235725877156847,0.0
EX_ac_e,0.0,11.43509111024504
ACt_c_n,0.0,0.0
ACCOAt_c_n,0.0,0.0
ACRNt_c_x,0.0,23.458947863594954
EX_ade_e,0.0,0.0
ADEt_c_m,0.0,0.0
EX_pap_e,0.0,2.071102866908242
PAPt_c_m,0.0,0.0
EX_adn_e,0.0,0.0
ADPt_c_n,-157.73231508761228,0.0
ADPt_c_r,-157.73231508761214,0.0
AKGt_c_x,0.0,0.0
EX_alltt_e,0.0,0.0
EX_alltn_e,0.0,0.0
EX_tre_e,0.0,1.8740682919972935
EX_gam6p_e,0.0,3.615897186510479
EX_nh4_e,-52.288001193043755,-0.645794700000005
AMPt_c_n,0.0,0.0
ARGtps_m,0.0,0.0
ASNt_c_m,0.0,0.0
ASPGLUt_c_x,0.0,0.0
ATPt_c_n,0.0,157.73231508761288
ATPt_c_r,0.0,157.7323150876129
EX_hco3_e,0.0,0.0
HCO3E_m,0.0,0.0
HCO3E_n,0.0,0.0
HCO3E_c,0.24053727673899988,158.52320446225764
HCO3E_e,0.0,0.0
HCO3t_c_n,0.0,0.0
EX_co2_e,0.0,25.82110324652188
CRNt_c_x,0.0,23.458947863595203
CRNCARt_c_x,0.0,23.458947863595203
CDPt_c_n,0.0,0.0
EX_chol_e,0.0,0.0
CHOLt_c_en,0.0,52.578985095870934
CHRPL_c,0.0,0.0
CITt_c_e,-4.303517207753681,0.0
EX_cit_e,0.0,4.30351720775366
CITICTta_x,0.0,0.0
CITMALta_x,0.0,0.0
CMPN_c,0.0,31.57124573752266
CO2t_c_r,-0.0008081,-0.0008081
CO2t_c_n,0.0,0.0
CO2t_c_x,0.0,0.0
CO2t_c_m,-40.644377099419586,6.145167211630501
CO2t_c_e,0.0,25.821103246521886
COAt_c_r,-0.0033150999999999996,-0.0033150999999999996
COAt_c_n,0.0,0.0
COAt_c_x,0.0,52.57743836253765
EX_cytd_e,0.0,0.0
CYTK1_c,0.0,157.74776648761292
CYTK2_c,-1.955653386890932,0.0
EX_csn_e,0.0,0.0
EX_arab__D_e,0.0,0.0
ARABDt_c,0.0,0.0
E4Pt_c_m,0.0,0.0
EX_fru_e,0.0,0.0
EX_gal_e,0.0,0.0
EX_galur_e,0.0,0.0
EX_sbt__D_e,0.0,0.0
GAM6Pt_c,-3.6158971865104905,0.0
EX_glc__D_e,-5.0,-1.1228385659092712
EX_man_e,0.0,0.0
EX_rib__D_e,0.0,0.0
SBTDt_c,0.0,0.0
EX_xyl__D_e,0.0,0.0
XYLt_c_e,0.0,0.0
DADPt_c_n,0.0,0.0
DCDPt_c_n,0.0,0.0
ATPHs_c,0.0,45.635986007868055
NTPDA2_c,0.0,0.0
NDPDA1_c,0.0,61.22657574985251
NDPDA2_c,0.0,0.0
DNADt_c_n,0.0,0.0
EX_dca_e,0.0,1.17747193038275
DADt_c_e,0.0,0.0
DADK_c,0.0,0.0
EX_dcyt_e,0.0,0.0
DCYTt_c_e,0.0,0.0
DGSNt_c_e,0.0,0.0
DINt_c_e,0.0,0.0
DURIK1_c,0.0,157.73231508761322
DURIt_c_e,0.0,0.0
DPCOAK_c,9.999999999940612e-06,9.999999999940612e-06
DGDPt_c_n,0.0,0.0
DHNPTt_c_m,1.0000000000003062e-05,1.0000000000003062e-05
SPRMAT_c,0.0,0.910118877194612
DHFt_c_m,0.0,0.0
DNTPPA_c,0.0,1.0000000000003062e-05
DHPTt_c_m,-1.0000000000003062e-05,-1.0000000000003062e-05
DHAPt_c_m,0.0,50.26172496253475
PPIt_c_x,-78.86615754380644,0.0
DOLPt_c_r,-78.87773194380665,-0.0115744
EX_dttp_e,0.0,1.9776381172413589
DTTPt_c,-1.977638117241362,0.0
DUDPt_c_n,-78.86615754380657,0.0
DUMPt_c_n,0.0,78.86615754380645
EX_epist_e,0.0,0.42158925551022536
ERGTETROLt_c_r,0.0,0.41029668616620146
EX_ergst_e,0.0,0.41029668616620146
ERGSTt_c_r,0.0,0.41029668616620146
ERGSTt_c_l,0.0,0.0
ERGSTt_c_en,0.0,0.0
EX_etoh_e,0.0,8.146748114546913
ETOHt_c_e,0.0,8.146748114546913
ETOHt_c_m,0.0,0.0
EX_etha_e,0.0,0.0
EX_etac_e,0.0,0.0
FRDPt_c_m,1e-05,1e-05
DCAt_c_x,-1.1774719303827739,0.0
DDCAt_c_x,-52.57743836253773,0.0
TTDCAt_c_x,-52.57743836253773,2.800384303474165
OCTAt_c_x,-1.414533666782655,0.0
TTDCAt_c_e,-1.0495490539955163,0.0
EX_fecost_e,0.0,0.0
FMNAT_m,0.0,0.0
EX_fmn_e,0.0,0.0
EX_fol_e,0.0,0.0
EX_for_e,0.0,17.33564568992764
FORt_c_m,0.0,9.335530791073518
FORt_c_e,-17.335645689927613,0.0
FUMt_c_e,-6.4552758116305595,0.0
FRUK_c,0.0,0.0
EX_fum_e,0.0,6.455275811630482
EX_4abut_e,0.0,0.0
GDPt_c_g,0.0191152,0.0191152
GDPt_c_n,0.0,0.0
GDPMANNt_c_g,0.0191152,0.0191152
GLCt_c_v,-105.15487672507544,0.0
EX_gthox_e,0.0,0.0
EX_gthrd_e,0.0,0.0
EX_glyc_e,0.0,6.501961614773301
GLYC3Pt_c_m,0.0,50.26172496253484
EX_gly_e,0.0,12.910551623260972
GLYt_c_m,-16.27635517109193,45.526954819467726
GCALDt_c_m,-1.0000000000010001e-05,-9.999999999996123e-06
GCALDt_c_e,-2.000000000001e-05,0.0
EX_gcald_e,0.0,1.9999999999996122e-05
EX_glx_e,0.0,12.565431240633705
GLXt_c_e,0.0,12.565431240633705
GLXt_c_x,0.0,0.0
EX_gua_e,0.0,0.0
GUAt_c_m,0.0,0.0
EX_gsn_e,0.0,0.0
GSNK_c,0.0,0.0
GSNt_c_m,0.0,0.0
GSNt_c_e,0.0,0.0
Ht_c_e,0.0,157.7323150876122
Ht_c_r,-157.73233753761335,0.8205709223324017
Ht_c_g,-0.0191152,-0.0191152
Ht_c_l,-78.86667564656332,19.97763556621834
Ht_c_n,-157.73231508761307,0.0
Ht_c_x,-52.57743836253778,4.200576455211225
Ht_c_v,0.0,315.46463017522524
HXCCOAt_c_r,0.00040405,0.00040405
EX_hxdcal_e,0.0,0.0
HDCAt_c_e,-0.9131419263184082,0.0
HDCEAt_c_e,-0.8984850027815076,0.0
HISt_c_m,0.0,0.0
H2O2t_c_n,0.0,0.0
HMGCOAt_c_m,0.0,0.0
EX_hxan_e,0.0,4.772007762377553
HXANt_c_e,-4.772007762377563,0.0
EX_id3acald_e,0.0,1.8941375114772354
ID3ACALDt_c_m,0.0,1.8299294602407064
ID3ACALDt_c_e,0.0,1.8941375114772354
IND3ACt_c_m,0.0,0.0
EX_ins_e,0.0,0.0
INSt_c_e,0.0,0.0
INOSHPt_c_n,0.0,0.0
INSK_c,0.0,61.2341247165187
EX_fe2_e,-7.64e-05,-7.64e-05
EX_iamac_e,0.0,0.0
IAMOHt_c_e,0.0,0.0
IAMOHt_c_m,0.0,0.0
EX_iamoh_e,0.0,0.0
EX_ibutoh_e,0.0,4.002479928976828
EX_ibutac_e,0.0,0.0
IBUTOHt_c_e,0.0,4.002479928976828
IBUTOHt_c_m,-4.002479928976822,0.0
EX_ibtald_e,0.0,4.288605271185118
PHCHGS_m,0.0,0.0
AOBUTDs_c,0.0,0.0
EX_ala__L_e,0.0,7.180246423219272
ALAt_c_m,0.0,14.39909824643857
EX_abt__L_e,0.0,0.0
ABTt_c_e,0.0,0.0
ARABLt_c,0.0,0.0
EX_arab__L_e,0.0,0.0
EX_arg__L_e,0.0,3.3890949196670874
EX_asn__L_e,0.0,0.0
EX_asp__L_e,0.0,6.455275811630493
CRNt_c_m,0.0,50.406917462535226
EX_cys__L_e,0.0,4.351525859240288
E4HGLUt_c_m,0.0,0.0
E4HGLUt_c_x,0.0,0.0
EX_sbt__L_e,0.0,0.0
G5SADr_c,0.0,15.726512292585797
EX_glu__L_e,0.0,4.56924772386682
GLUt_c_n,0.0,0.0
EX_gln__L_e,0.0,0.0
GLNt_c_n,0.0,0.0
EX_his__L_e,0.0,0.0
HOMt_c_e,-5.4238457797657365,0.0
EX_hom__L_e,0.0,5.4238457797657285
EX_ile__L_e,0.0,0.0
ILEt_c_m,0.023286,3.253216632894198
EX_leu__L_e,0.0,0.0
EX_lys__L_e,0.0,2.9224532464011506
MALt_c_e,-6.455275811630479,0.0
EX_met__L_e,0.0,2.7591518795935457
EX_phe__L_e,0.0,2.232109577696158
EX_pro__L_e,0.0,3.866286535579605
PROt_c_m,-3.6088634973239175,15.709828592585941
EX_ser__L_e,0.0,8.534357206798079
SERt_c_r,0.0008081,0.0008081
SBTLt_c,0.0,0.0
EX_srb__L_e,0.0,0.0
SRBt_c_e,0.0,0.0
EX_thr__L_e,0.0,5.42384577976574
EX_trp__L_e,0.0,0.0
EX_tyr__L_e,0.0,0.0
EX_val__L_e,0.0,3.9361815209550586
EX_lanost_e,0.0,0.47995711231987986
EX_ddca_e,0.0,1.168570080737276
LYSt_c_m,0.0,0.0
MALOAAta_x,0.0,0.0
EX_malt_e,0.0,0.0
MANNANt_c_r,-78.86615754380666,0.0
METt_c_m,0.0,0.0
MGSA_c,0.0,33.08017977484082
EX_inost_e,0.0,0.0
EX_Nfortyr2_e,0.0,0.0
NADPt_c_r,-0.8320626223324048,-0.01146925
NADPHt_c_r,0.01146925,0.8320626223324019
NH4t_c_m,-22.813009509734037,6.473584711630517
NCAMt_c_n,0.0,0.0
EX_nac_e,0.0,0.0
EX_nmn_e,0.0,0.0
NMNt_c_n,0.0,0.0
NMNt_c_x,0.0,0.0
NMNt_c_e,0.0,0.0
NDP4_c,0.0,157.73231508761256
NTP4_c,0.0,157.73231508761265
ACRNt_c_m,0.0,50.40691746253491
O2t_c_r,0.01066115,0.4906182623198798
O2t_c_m,0.8489315876267369,25.28917593126744
O2t_c_e,0.9794145646577123,25.419658908298445
O2t_c_x,0.0,15.494221594508042
OCDCAt_c_e,-0.8081131180488212,0.0
EX_octa_e,0.0,1.4145336667826571
EX_orn_e,0.0,3.5933714901810694
OAAt_c_e,0.0,6.45527581163048
EX_oaa_e,0.0,6.45527581163048
GTHOXt_c,0.0,0.0
TRDOXt_c_x,-15.494221594508057,0.0
EX_o2_e,-25.419658908298462,-0.9794145646577219
EX_hdca_e,0.0,0.9131419263184055
EX_hdcea_e,0.0,0.8984850027815112
PMTCOAt_c_r,0.002507,0.002507
PAN4Pt_c_m,0.0,0.0
PAPt_c,-2.071102866908241,0.0
EX_pectin_e,0.0,0.0
EX_pheac_e,0.0,0.0
EX_pacald_e,0.0,0.0
PACALDt_c_e,0.0,0.0
PACALDt_c_m,0.0,0.0
PHEt_c_m,0.0,0.0
EX_pi_e,-5.986756551724103,-0.053842199999964244
PIt_c_v,0.0,0.0
PPPG9t_c_m,1e-05,1e-05
PRPPt_c_m,0.0,0.0
EX_ptrc_e,0.0,3.593371490181063
HYPOE_c,0.0,157.73231508761288
EX_pydxn_e,0.0,0.0
PMDPHT_c,2e-05,2e-05
PYNP2r_c,-157.73231508761253,78.86615754380638
PPIt_c_m,-47.79768426897337,-1e-05
EX_pyr_e,0.0,8.607034415507346
PYRtps_m,0.0,17.38112158992766
QULNt_c_m,0.0,0.0
TRDRDt_c_x,0.0,15.494221594508094
EX_ribflv_e,0.0,0.0
RIBFLVt_c_m,0.0,0.0
RIBt_c_e,0.0,0.0
AHCYSt_c_m,0.0,0.0
EX_amet_e,0.0,1.250619505464943
EX_mmet_e,0.0,0.0
SERt_c_m,-22.76343240973382,9.92598895607508
EX_g3pc_e,0.0,1.7859239958434323
EX_na1_e,0.0,0.0
SPMDAT_c,0.0,1.8202377543892372
EX_spmd_e,0.0,1.989860849733588
EX_sprm_e,0.0,1.3308510478128905
SQLt_c_r,0.0102571,0.4902142123198798
SSQ23EPXt_c_r,0.0102571,0.4902142123198798
EX_ocdca_e,0.0,0.8081131180488255
EX_succ_e,0.0,5.659488083837173
SUCCt_c_e,-5.659488083837057,0.0
EX_sucr_e,0.0,0.0
EX_so4_e,-24.96871370455821,-0.008212799999999998
EX_so3_e,0.0,24.960500904558526
EX_taur_e,0.0,0.0
TTCCOAt_c_r,0.00040405,0.00040405
THMP_c,0.0,52.57744502920416
TMN_c,0.0,52.57743836253749
EX_thmpp_e,0.0,0.0
EX_thm_e,0.0,0.0
EX_thmmp_e,0.0,0.0
TMPK_c,0.0,1e-05
THZPSN2_c,0.0,1e-05
THZPSN1_c,0.0,1e-05
THRt_c_m,0.0,3.2532051260723436
EX_thymd_e,0.0,0.0
TMDK1_c,0.0,157.73231508761256
THYMDt_c_e,0.0,0.0
TREtps_e,0.0,1.874068291997288
TREt_c_v,0.0,52.57743836253762
TRPt_c_m,0.0,0.0
EX_ind3eth_e,0.0,1.829929460240718
IND3ETHt_c_e,0.0,1.829929460240718
IND3ETHt_c_m,-1.829929460240705,0.0
TYRt_c_m,0.0,0.0
TYRt_c_x,0.0,0.0
UMPt_c_n,0.0,0.0
EX_ura_e,0.0,0.0
EX_urea_e,0.0,25.821103246522068
EX_uri_e,0.0,0.0
VALt_c_m,-4.349251571185108,-0.0606463
H2Ot_c_r,-0.49061826231988076,157.72165393761287
H2Ot_c_g,0.0,0.0
H2Ot_c_m,-202.36238484013944,-6.411220430408058
H2Ot_c_n,0.0,0.0
H2Ot_c_x,-12.911851328756786,78.86615754380624
H2Ot_c_v,0.0,78.86615754380641
XANt_c_e,-5.164220649304393,0.0
EX_xtsn_e,0.0,0.0
XTSNt_c_e,0.0,0.0
EX_xylt_e,0.0,0.0
XYLTt_c_e,0.0,0.0
EX_zymst_e,0.0,0.0
ZYMSTt_c_en,0.0,0.0
KYNAT2_c,0.0,0.0
QUILSYN_c,2.0000000000861343e-05,1.9999999999975333e-05
ALCD2i2_c,0.0,1000.0
ALDD2x_c,0.0,32.4732875291444
COAt_c_l,-78.88953997463128,78.86635374656534
SBP_c,0.0,157.73231508761734
Ht_c_m,0.0,515.0219078586948
ICDHyi_m,0.0,8.499310160422665
AKGMALta_m,0.21834090000000012,1000.0
EAR40y_m,0.0,0.0
EAR60y_m,0.0,0.0
EAR80y_m,0.0,0.0
3OACE200_rm,0.0023783842629999997,7.308927325154956
3OACE220_rm,0.0023783842629999997,5.668175833000661
3OACE240_rm,0.001945528013,4.628751865652762
3OACE260_rm,0.00040405,3.9102286939327073
3OACR200_rm,0.0023783842629999997,7.308927325154956
3OACR220_rm,0.0023783842629999997,5.668175833000661
3OACR240_rm,0.001945528013,4.628751865652762
3OACR260_rm,0.00040405,3.9102286939327073
3HACD200_rm,0.0023783842629999997,7.308927325154956
3HACD220_rm,0.0023783842629999997,5.668175833000661
3HACD240_rm,0.001945528013,4.628751865652762
3HACD260_rm,0.00040405,3.9102286939327073
ECOAR200_rm,0.0023783842629999997,7.308927325154956
ECOAR220_rm,0.0023783842629999997,5.668175833000661
ECOAR240_rm,0.001945528013,4.628751865652762
ECOAR260_rm,0.00040405,3.9102286939327073
ACOADS160_rm,0.0,2.6529956559228416
ACOADS180_rm,0.015085811134999997,2.3063093321592913
OCTAt_c_e,-1.4145336667826491,0.0
DCAt_c_e,-1.177471930382786,0.0
DDCAt_c_e,-1.1685700807372763,0.0
EX_but_e,0.0,0.0
EX_hxa_e,0.0,1.3825051709267773
EX_ocdcea_e,0.0,0.7966616562818843
BUTt_c_e,0.0,0.0
HXAt_c_e,-1.382505170926869,0.0
OCDCEAt_c_e,-0.796661656281909,0.0
EX_ttdca_e,0.0,1.0495490539956132
FACOAL120_rm,0.0,78.8661575438063
FACOAL140_rm,0.0,78.8661575438063
FACOAL160_rm,0.0,78.86619751041331
FACOAL161_rm,0.0,78.86615754380637
FACOAL180_rm,0.0,78.86618418890535
FACOAL181_rm,0.0,78.86620645791226
FACOAL120_l,0.0,78.8661575438063
FACOAL140_l,0.0,78.8661575438063
FACOAL160_l,0.0,78.86619751041279
FACOAL161_l,0.0,78.8661575438063
FACOAL180_l,0.0,78.86618418890583
FACOAL181_l,0.0,78.86620645791233
FACOAL161_x,0.0,78.86615754380627
FACOAL180_x,0.0,78.86615754380662
FACOAL181_x,0.0,78.86615754380627
FACOAL200_en,0.0,0.0
FACOAL220_en,0.0,0.0
FACOAL240_en,0.0,0.0
FACOAL260_en,0.0,0.0
FACOAL220_rm,0.0,1.47874606837307
FACOAL240_rm,0.0,3.835971036773211
FACOAL260_rm,0.0,0.0
FACOAL220_l,0.0,1.4787460683730502
FACOAL240_l,0.0,3.8359710367731625
FACOAL260_l,0.0,0.0
FACOA120tabc_x,0.0,52.57743836253705
FACOA140tabc_x,0.0,52.577438362537535
FACOA160tabc_x,0.0,17.36254769114321
FACOA161tabc_x,0.0,2.6529956559228687
FACOA180tabc_x,0.0,10.284957437733036
FACOA181tabc_x,0.0,2.2912235210242065
FACOA200tabc_x,0.0,7.306548940892322
FACOA220tabc_x,0.0,5.665797448737845
FACOA240tabc_x,0.0,4.626806337640044
FACOA260tabc_x,0.0,3.9098246439329154
BUTt_c_x,0.0,0.0
HXAt_c_x,-1.3825051709268603,0.0
FACOAE40_x,0.0,0.0
FACOAE60_x,0.0,1.3825051709269647
FACOAE161_x,0.0,78.86615754380595
FACOAE181_x,0.0,78.86615754380595
ACOAO40_x,0.0,0.0
ACOAO60_x,0.0,0.0
ACOAO80_x,0.0,0.0
ACOAO200_x,0.0,7.306548940892529
ACOAO220_x,0.0,5.6657974487382345
ACOAO240_x,0.0,4.626806337640291
ACOAO161b_x,0.0,2.652995655922849
ACOAO141b_x,0.0,2.652995655922849
ACOAO121a_x,0.0,2.652995655922849
ACOAO181a_x,0.0,2.291223521024286
ACOAO161a_x,0.0,2.291223521024286
ACOAO141a_x,0.0,2.291223521024286
ECOAH100_x,0.0,2.65299565592286
ECOAH120_x,0.0,2.291223521024287
ECOAH140_x,0.0,2.8003843034741185
ECOAH160_x,0.0,17.36254769114252
ECOAH180_x,0.0,10.284957437732858
ECOAH260_x,0.0,3.909824643932477
ECOAH40_x,0.0,0.0
ECOAH60_x,0.0,0.0
ECOAH80_x,0.0,2.100288227605486
ECOAH200_x,0.0,7.30654894089156
ECOAH220_x,0.0,5.66579744873749
ECOAH240_x,0.0,4.626806337639682
ECOAH161b_x,0.0,2.6529956559229313
ECOAH141b_x,0.0,2.6529956559229313
ECOAH121a_x,0.0,2.6529956559229313
ECOAH181a_x,0.0,2.2912235210243463
ECOAH161c_x,0.0,2.2912235210243463
ECOAH141c_x,0.0,2.2912235210243463
HACD100i_x,0.0,2.652995655922913
HACD120i_x,0.0,2.2912235210243463
HACD160i_x,0.0,17.36254769114462
HACD180i_x,0.0,10.284957437732707
HACD260i_x,0.0,3.909824643932102
HACD40i_x,0.0,0.0
HACD60i_x,0.0,0.0
HACD80i_x,0.0,2.1002882276056822
HACD200i_x,0.0,7.306548940891579
HACD220i_x,0.0,5.665797448737496
HACD240i_x,0.0,4.626806337639368
HACD161bi_x,0.0,2.652995655922746
HACD141bi_x,0.0,2.652995655922746
HACD121ai_x,0.0,2.652995655922746
HACD181ai_x,0.0,2.291223521024194
HACD161ai_x,0.0,2.291223521024194
HACD141ai_x,0.0,2.291223521024194
ACACT40i_x,0.0,0.0
ACACT60i_x,0.0,0.0
ACACT80i_x,0.0,2.1002882276054486
ACACT200i_x,0.0,7.30654894089248
ACACT220i_x,0.0,5.665797448738068
ACACT240i_x,0.0,4.6268063376398025
ACACT161bi_x,0.0,2.6529956559229353
ACACT141bi_x,0.0,2.6529956559229353
ACACT121ai_x,0.0,2.6529956559229353
ACACT181ai_x,0.0,2.2912235210244236
ACACT161ai_x,0.0,2.2912235210244236
ACACT141ai_x,0.0,2.2912235210244236
ECOAI101a_x,0.0,2.6529956559230206
ECOAI122c_x,0.0,0.0
ECOAI121b_x,0.0,0.0
ECOAI121a_x,0.0,2.291223521024419
ECOAI142c_x,0.0,0.0
ECOAI141a_x,0.0,0.0
ECOAR122_x,0.0,0.0
ECOAR142_x,0.0,0.0
STEHz161_en,0.0,0.0
STEHz181_en,0.0,0.0
DDCAt_c_rm,0.0,78.86615754380638
TTDCAt_c_rm,0.0,78.86615754380638
HDCAt_c_rm,-30.139100252464182,78.86619751041351
HDCEAt_c_rm,0.0,78.86615754380625
OCDCAt_c_rm,-20.07007876670292,78.86618418890544
OCDCEAt_c_rm,-36.85172193738285,78.86620645791221
MALCOAt_c_rm,0.007106346538999997,15.646404922269276
DDCACOAt_c_rm,-78.86615754380634,0.0
TDCOAt_c_rm,-78.86615754380634,0.0
PMTCOAt_c_rm,-78.86619751041331,13.363888524327699
HDCOAt_c_rm,-78.86615754380634,0.0
STCOAt_c_rm,-78.84871999350793,8.916677943186114
ODECOAt_c_rm,-78.87100127675525,16.335517259996816
ICOSCOAt_c_rm,-7.306548940892193,0.0
DOCOSCOAt_c_rm,-5.66623591941468,1.4787460683730553
TTCCOAt_c_rm,-4.628368657759824,3.835566986773175
HXCCOAt_c_rm,-3.910228693932486,-0.00040405
Ht_c_rm,-157.710215823722,62.590595756306485
H2Ot_c_rm,-15.701230776330927,157.67090098976666
CO2t_c_rm,-15.646404922268925,-0.007106346539
COAt_c_rm,-78.89664899310212,78.85924740002338
NADPHt_c_rm,0.014212693077999997,32.18959883918697
NADPt_c_rm,-32.1895988391903,-0.014212693078
O2t_c_rm,0.027412927030999998,6.328277609847513
NADHt_c_rm,0.027412927030999998,6.328277609847513
NADt_c_rm,-6.328277609847856,-0.027412927030999998
GLYC3Pt_c_rm,0.0,31.55839949862519
DHAPt_c_rm,0.0,31.55839949862519
PPIt_c_rm,-78.88179514656315,-0.015441400000000001
PIt_c_rm,-157.73231508761248,0.0
CTPt_c_rm,0.015441400000000001,157.75239668761185
CDPt_c_rm,-157.73695528761255,0.0
CMPt_c_rm,-63.10929547504485,-0.015441400000000001
CDPEAt_c_rm,0.0,0.0
CDPCHOLt_c_rm,0.0,52.57898509587059
ATPt_c_rm,0.0,78.86635374656359
AMPt_c_rm,-78.86635374656309,0.0
SERt_c_rm,0.0107408,1.796664795843449
INOSTt_c_rm,0.0047006,52.58213896253722
AMETt_c_rm,0.012349799999999996,5.370121787530228
AHCYSt_c_rm,-5.3701217875302625,-0.012349800000000001
EPISTt_c_rm,0.0,0.0
FECOSTt_c_rm,0.0,0.0
LANOSTt_c_rm,0.0,0.0
ERGSTt_c_rm,0.0,0.0
ZYMSTt_c_rm,0.0,0.0
G3PCt_c_rm,0.0,1.785923995843409
HDCAt_c_l,0.0,78.86619751041289
HDCEAt_c_l,0.0,78.86615754380588
OCDCAt_c_l,0.0,78.86618418890545
OCDCEAt_c_l,0.0,78.8662064579119
DDCACOAt_c_l,-78.86615754380654,0.0
TDCOAt_c_l,-78.8661575438066,0.0
PMTCOAt_c_l,-78.86619751041363,13.363888524327782
HDCOAt_c_l,-78.86615754380658,0.0
STCOAt_c_l,-78.86618418890617,8.899213747788183
ODECOAt_c_l,-78.86620645791241,16.340312078839943
GLYC3Pt_c_l,0.0,31.558399498625192
DHAPt_c_l,0.0,31.558399498625185
NADPHt_c_l,0.0,31.558399498625185
NADPt_c_l,-31.558399498625388,0.0
ATPt_c_l,0.0,78.86635374656302
AMPt_c_l,-78.8663537465635,0.0
PPIt_c_l,-78.8896082465635,-0.023254500000000008
H2Ot_c_l,0.0,78.86667564656302
GLYCt_c_l,0.0,31.547598298625342
DOCOSCOAt_c_l,-1.479178924623063,1.4787460683730562
TTCCOAt_c_l,-3.837108464786196,3.8359710367731785
HXCCOAt_c_l,0.0,0.0
ATPt_c_en,0.0,157.73231508761137
ADPt_c_en,-157.7323150876128,0.0
Ht_c_en,-157.73231508761285,0.0
H2Ot_c_en,0.0,157.73231508761052
PIt_c_en,-157.73231508761285,0.0
G3PCt_c_en,0.0,1.785895937267905
G3PIt_c_en,0.0,0.0
HDCAt_c_en,0.0,0.0
HDCEAt_c_en,0.0,0.0
OCDCAt_c_en,0.0,0.0
OCDCEAt_c_en,0.0,0.0
ICOSCOAt_c_en,0.0,0.0
DOCOSCOAt_c_en,0.0,0.0
TTCCOAt_c_en,0.0,0.0
HXCCOAt_c_en,0.0,0.0
H2Ot_c_vm,0.0,157.73231508761222
PIt_c_vm,-157.73231508761285,0.0
Ht_c_vm,-157.73231508761285,3.568510073822486
ATPt_c_vm,0.0,157.73231508761052
ADPt_c_vm,-157.73231508761256,0.0
CO2t_c_vm,-1.784255036911243,0.0
H2Ot_c_gm,0.0,157.73231508761125
PIt_c_gm,-157.73231508761216,0.0
Ht_c_gm,-157.73231508761216,3.568510073822507
CO2t_c_gm,-1.7842550369112538,0.0
ATPt_c_gm,0.0,157.7323150876127
ADPt_c_gm,-157.7323150876121,0.0
H2Ot_c_mm,0.0,95.59534247734798
CO2t_c_mm,-1.7961315958433899,0.0
HDCOAt_c_mm,0.0,0.0
ODECOAt_c_mm,0.0,0.0
HDCAt_c_mm,0.0,0.0
OCDCAt_c_mm,0.0,0.0
COAt_c_mm,0.0,0.0
DDCAt_l_rm,0.0,78.86615754380598
TTDCAt_l_rm,0.0,78.86615754380598
HXCAt_l_rm,0.0,0.0
EPISTt_l_rm,0.0,0.0
FECOSTt_l_rm,0.0,0.0
LANOSTt_l_rm,0.0,0.0
ZYMSTt_l_rm,0.0,0.0
ZYM161t_l_rm,0.0,0.0
ZYM181t_l_rm,0.0,0.0
HXCAt_en_rm,0.0,0.0
ZYM161t_en_rm,0.0,0.0
ZYM181t_en_rm,0.0,0.0
HXCAt_r_rm,0.0,0.0
PIt_r_rm,0.0,157.73231508761194
Ht_m_mm,-47.79581531139781,3.592263191686892
GLYC3Pt_m_mm,0.0,0.0
CMPt_m_mm,-47.79767123867054,0.0
CTPt_m_mm,0.0,47.79767123867014
PIt_m_mm,-47.797671238670546,0.0
PPIt_m_mm,-47.797671238670546,0.0
GTHRDtabc_v,0.0,157.73231508761194
GLYCDy_c,0.0,157.73257413899123
uniDOLDP_l,0.00017225555555555556,0.00017225555555555556
CRNOAT_m,0.0,50.40691746253226
EX_h_e,-24.749250004558345,51.85345739304155
EX_k_e,-0.060365,-0.060365
EX_h2o_e,-1.1285827192312883,53.439185420072896
EX_14dmlanost_e,0.0,0.46466944726031006
14DMLANOSTt_c_e,-0.4646694472603106,0.0
EX_ergtetrol_e,0.0,0.4139930527082454
ERGTETROLt_c_e,-0.4139930527082378,0.0
HSDx_c,0.0,30.59124171181404
ME2_m,0.0,11.410093189089938
RAFH_e,0.0,0.0
URIH_c,0.0,157.73231508761148
HEMEAt_c_m,1e-05,1e-05
EX_raffin_e,0.0,0.0
EX_melib_e,0.0,0.0
PYDX5PS_c,1e-05,1e-05
4AMPMS_c,0.0,0.0
AROHL_c,0.0,0.0
4HPPCL_c,0.0,0.0
EX_fe3_e,0.0,0.0
4HPEOR_c,0.0,0.0
GUAPRT_c,0.0,0.0
AICART_c,0.019747700000006363,5.183968349304297
HCITS_m,0.025974300000000002,2.948427546401086
MTHFD_c,-183.65821914955694,17.357153789927388
IMPD_c,0.0,0.007317399999999988
TKT2_c,-16.57127522507187,8.639342211630517
TKT1_c,-16.546061525071867,8.66455591163049
ATPASEV_v,0.0,157.73231508761108
FRUtps_e,0.0,0.0
PSP_L_c,0.0,63.701232364735745
MANtps_e,0.0,0.0
IMPC_c,0.019747700000001346,5.183968349304297
SUCDq9_m,0.0,24.79639983309782
GLYOX_m,0.0,0.0
LANOSTt_c_e,-0.4799571123198805,0.0
SERD_L_c,0.0,61.589531308764755
EPISTt_c_e,-0.4215892555102244,0.0
PGL_c,0.0,26.003468534891436
ERGSTt_c_e,-0.41029668616620135,0.0
IPPS_c,0.0316673,3.009464983008641
ALDD22x_c,9.999999999996123e-06,1.8202377543892416
AOXS_c,0.0,0.0
HCITS_n,0.0,0.0
GNK_c,0.0,157.73231508761134
CRNAT120_m,0.0,2.800384303474155
MPYRCNST_c,0.0,0.0
MANNANH_e,0.0,0.0
GLUTCOADH_m,0.0,0.0
3OAS140_c,0.026503999999999986,2.826888303474155
URO_c,0.0,0.0
3HAD120_c,0.026503999999999986,2.826888303474155
ASPTA4_c,0.0,0.0
TRPDC_c,0.0,0.0
3OAR80_c,0.026503999999999986,2.826888303474155
3OAS100_c,0.026503999999999986,2.826888303474155
3HAD80_c,0.026503999999999982,2.826888303474171
Kt_c_m,0.0,0.0
3HAD180_c,0.020075530200000004,10.30503296793383
QUINDH_c,0.0,0.0
3OAS120_c,0.026503999999999982,2.826888303474155
3HBHYOX_c,0.0,0.0
3OADPCOAT_m,0.0,0.0
MI134PPH_c,0.0,0.0
BZHYOX_c,0.0,0.0
AVNORy_c,0.0,0.0
HQLOR_c,0.0,0.0
OCOAT1_m,0.0,0.0
3HAD60_c,0.026503999999999982,2.826888303474155
PGCPH_c,0.0,157.73231508761282
ARAI2_c,0.0,0.0
3OAS160_c,0.026504000000000003,17.38905169114303
MACACI_c,0.0,0.0
SPHINGSt_c_e,0.0,0.0
3INDACNLAH_c,0.0,0.0
DAG3Pabct_c_m,0.0,0.0
FUMACACH_c,0.0,0.0
3OAS80_c,0.026503999999999982,2.826888303474173
EAR100y_c,0.026503999999999982,2.826888303474173
3HAD40_c,0.026503999999999982,2.826888303474173
XAND_c,0.0,0.0
MERLACOR_c,0.0,0.0
3OAS60_c,0.026503999999999982,2.826888303474173
3OAS40_c,0.026503999999999982,2.826888303474173
PCLAD_c,0.0,0.0
HXAND_c,0.0,5.171538049304432
NITRy_c,0.0,0.0
LCYSTAT_c,0.0,0.0
3HAD100_c,0.026503999999999982,2.826888303474171
3OAS180_c,0.020075530200000004,10.305032967933863
3HAD140_c,0.026503999999999982,2.82688830347418
3OAR60_c,0.026503999999999982,2.82688830347418
HIBH_m,0.0,0.0
3OAR140_c,0.026503999999999982,2.82688830347418
PEtabc_m,0.0,0.0
3OAR100_c,0.026503999999999982,2.82688830347418
PTRCAT1_c,-1.8202377543892296,0.0
NITRx_c,0.0,0.0
ETFOXRq9_m,0.0,50.261724962535105
NOX_c,0.0,0.0
3OAR120_c,0.026503999999999972,2.826888303474142
EAR180y_c,0.020075530199999997,10.305032967933863
DHPM2_c,0.0,0.0
HGENDO_c,0.0,0.0
QUINt_c_e,0.0,0.0
ACKr_c,-49.727361094985035,0.0
PGt_c_m,0.0,0.0
3OAR160_c,0.026504,17.38905169114322
3OAR40_c,0.026503999999999972,2.826888303474158
OPAH_c,0.0,0.0
DOLDPP_c,0.0015503000000000001,0.0015503000000000001
HACDm40_c,0.0,0.0
3HAD160_c,0.026504,17.389051691143127
OAR1_c,0.0,0.0
SPHGAT181_c,0.0,0.0
UREA_c,-183.55341833413485,29.479775404900575
CAROL3_c,0.0,0.3735214120107068
GLUR_c,0.0,0.0
PHYTOES_c,0.0,0.3735214120107068
CSNPURt_c_e,0.0,0.0
GLCDx_c,0.0,0.0
OAR2_c,0.0,0.0
GLCtps_e,0.0,0.0
CITCOAL_c,0.0,0.0
CAROL2_c,0.0,0.3735214120107068
ACt_c_m,0.0,12.565431240633748
HEX7b_c,0.0,0.0
HIBTD_c,0.0,0.0
CAROL1_c,0.0,0.0
ACHAH_c,0.0,0.0
CLt_c_e,0.0,0.0
GLCNtps_e,0.0,0.0
FER_c,0.0,0.0
EAR80y_c,0.026503999999999982,2.8268883034741825
DPGT_c,0.0,0.0
ACOATA_c,0.026503999999999982,2.8268883034741825
3MOPR_m,0.0,0.0
ECOAH40_m,0.0,2.800384303474181
OAR3_m,0.0,0.0
ECOAH140_m,0.0,0.0
3MOBR_m,0.0,0.0
EAR140y_c,0.02650399999999999,2.8268883034741825
ECOAH80_m,0.0,2.800384303474181
EAR160y_c,0.026503999999999996,17.389051691143166
ECOAH160_m,0.0,0.0
MANNANH_c,0.0,78.86615754380625
PKETF_c,0.0,0.0
EAR120y_c,0.026503999999999982,2.8268883034741754
ECOAH100_m,0.0,2.800384303474174
4MOPR_m,0.0,0.0
ECOAH120_m,0.0,2.800384303474174
ECOAH60_m,0.0,2.800384303474174
NO3t_c_e,0.0,0.0
CBMHL_c,0.0,0.0
3OAR180_c,0.020075530199999997,10.30503296793385
ACITL_c,0.0,50.26172496253487
ACEST1_m,0.0,0.0
GLYCK_c,0.0,0.0
AGMT_e,0.0,0.0
MASCBRx_c,0.0,0.0
AHGDf_m,0.0,0.0
RHMND2_c,0.0,0.0
SALCMOX_x,0.0,0.0
BETALDHx_x,0.0,0.0
INOSHP3H_v,0.0,0.0
CHITOSNSE_c,0.0,0.0
DGLCND3H_c,0.0,0.0
DGLCND5H_c,0.0,0.0
ACCOAt_c_r,0.0,0.0
GMAND_c,0.0,0.0
AFLTXNB1S_c,0.0,0.0
AFLTXNB2S_c,0.0,0.0
CPLSPNEST_e,0.0,0.0
NGLYCANS1_c,0.0015503000000000001,0.0015503000000000001
NGLYCANS2_c,0.0015503000000000001,0.0015503000000000001
NGLYCANS3_c,0.0015503000000000001,0.0015503000000000001
NGLYCANS4_c,0.0015503000000000001,0.0015503000000000001
NGLYCANS5_c,0.0015503000000000001,0.0015503000000000001
NGLYCANS6_c,0.0015503000000000001,0.0015503000000000001
NGLYCANS7_c,0.0015503000000000001,0.0015503000000000001
NGLYCANS8_r,0.0,0.0
NGLYCANS9_r,0.0,0.0
NGLYCANS10_r,0.0,0.0
NGLYCANS11_r,0.0,0.0
NGLYCANS12_r,0.0,0.0
NGLYCANS13_r,0.0,0.0
NGLYCANS14_r,0.0,0.0
NGLYCANS15_r,0.0,0.0
NGLYCANS16_r,0.0,0.0
NGLYCANS17_r,0.0,0.0
NGLYCANS18_r,0.0,0.0
NGLYCANS19_g,0.0,0.0
OGLYCANS1_r,0.0047788,0.0047788
OGLYCANS_B3GAT1_r,0.0,0.0
TROPNDH_c,0.0,0.0
PADAH_c,0.0,0.0
PACt_c_x,0.0,0.0
PACCOAL_x,0.0,78.8661575438063
PACCOAE_c,0.0,0.0
CHOLD_c,0.0,0.0
LYSN6MOX_c,0.0,0.0
ORNN5MOX_c,0.0,0.0
CMBOLHcis_c,0.0,0.0
CMBOLHtrans_c,0.0,0.0
PYDXNOR_c,-45.63598600786808,0.0
RDH_c,0.0,0.0
UDPGD_c,0.0,0.0
TDPDRR_c,0.0,0.0
NITROPP_c,0.0,0.0
PGLYCP_c,0.0,0.0
4CMCOAL_x,0.0,0.0
XYLI1_c,0.0,0.0
XYLI2_c,0.0,0.0
3DHSKD_c,0.0,0.0
CMPA_c,0.0,0.0
FRMDH_c,0.0,0.0
DAOorn_x,0.0,0.0
DAOpro_x,0.0,0.0
DAOarg_x,0.0,0.0
DAOala_x,0.0,0.0
DAOgly_x,0.0,0.0
DAO4hpro_x,0.0,0.0
CEPHSCOX_x,0.0,0.0
RADHx_m,0.0,0.0
ETNO2OX_c,0.0,0.0
PAFH_c,0.0,0.0
SDPDS_c,0.0,0.0
PHACRDC1_c,0.0,0.0
PHACRDC2_c,0.0,0.0
PHACRDC3_c,0.0,0.0
PHACRDC4_c,0.0,0.0
CHTNH_e,0.0,0.0
CHTNH_v,0.0,0.0
MUCOCI_c,0.0,0.0
MUCOCI_e,0.0,0.0
CMUCOC_c,0.0,0.0
3HBRDH_c,0.0,0.0
PHEN2MOXy_c,0.0,0.0
3HPPPNH_c,0.0,0.0
3HCINNMH_c,0.0,0.0
MCCC_m,0.0,0.0
ARAK_c,0.0,0.0
DNTP_c,0.0,0.0
CATOX_e,0.0,0.0
ASCBOX_c,0.0,0.0
VANLLOX_x,0.0,0.0
2DOXG6PP_c,0.0,0.0
F1PP_c,0.0,0.0
PGS_x,0.0,0.0
CELLBH_e,0.0,0.0
CFCOAMT_c,0.0,0.0
ARSO4H_c,0.0,0.0
ACGAM6S1_r,0.0,0.0
ACGAM6S2_r,0.0,0.0
CHLSTI2_c,0.0,0.0
TYRCBOX_x,0.0,0.0
MDLDH_x,0.0,0.0
ACRNAH_x,0.0,0.0
ACOAD40f_m,0.0,2.800384303474167
ACOAD60f_m,0.0,2.800384303474167
ACOADm30f_m,0.0,0.0
ACOADm40f_m,0.0,0.0
ACOAD80f_m,0.0,2.800384303474167
ACOADm50f_m,0.0,0.0
INO3GALT_c,0.0,0.0
XYLRy_c,0.0,0.0
ARABRy_c,0.0,0.0
XYLURy_c,0.0,0.0
XYLURx_c,0.0,0.0
RBK_D_c,0.0,0.0
GTPDPDP_c,0.0,0.0
PPGPPDP_c,0.0,0.0
2OGMAH_c,0.0,0.0
2OSUCAH_c,0.0,0.0
ORNCD_m,0.0,11.310880489089874
GBBOX_c,0.0,0.0
HACD40y_c,0.0,0.0
UDPGLDC_c,0.0,0.0
FRMDAH_c,0.0,0.0
MGCH_m,0.0,0.0
ADPRDP_m,0.0,0.0
G6PE_c,0.0,0.0
SULFOX2_c,0.0,24.919464820967054
MANNAN14H_c,0.0,0.0
AEPI1_c,0.0,0.0
AEPI2_c,0.0,0.0
GALOX_e,0.0,0.0
ACPCS_c,0.0,0.0
CATDOX_c,0.0,0.0
TMLYSOX_m,0.0,0.0
BZHYOX_r,0.0,0.0
ARAB14LO_x,0.0,0.0
3OAR80_m,0.0,0.0
3OAR60_m,0.0,0.0
3OAR40_m,0.0,0.0
ACHAH_e,0.0,0.0
BTS1_m,0.0,0.0
FACOAE120_c,0.0,78.86615754380642
FACOAE160_c,0.0,78.86615754380645
FACOAE140_c,0.0,78.86615754380658
FACOAE180_c,0.0,78.86615754380657
FACOAE161_c,0.0,78.8661575438067
FACOAE181_c,0.0,78.86615754380676
FACOAL200_x,0.0,0.0
FACOAL220_x,0.0,0.0
FACOAL240_x,0.0,0.0
FACOAL260_x,0.0,0.0
FUMACACH_m,0.0,0.0
TYRTA_m,0.0,0.0
PHETA1_m,0.0,0.0
EGHLAT_m,0.0,0.0
ALDD20y_c,0.0,0.0
STEHz161_rm,0.0,0.0
STEHz181_rm,0.0,0.0
MCOATA_m,0.0,0.0
ACONTa_m,0.11921820000000016,24.903041033096883
ACONTb_m,0.11921820000000016,24.903041033096883
MALT_c,0.0,0.0
CERS2A24_r,0.0,0.000202025
ALATA_L_m,-14.39909824643857,0.0
GPIA1_c,0.0016989000000000001,0.0016989000000000001
GPIA2_c,0.0016989000000000001,0.0016989000000000001
GPIA3_c_r,0.0016989000000000001,0.0016989000000000001
GPIA4_r,0.0016989000000000001,0.0016989000000000001
GPIA5_r,0.0016989000000000001,0.0016989000000000001
GPIA6_r,0.0016989000000000001,0.0016989000000000001
GPIA7_r,0.0016989000000000001,0.0016989000000000001
GPIA8a_r,0.0016989000000000001,0.0016989000000000001
GPIA9a_r,0.0016989000000000001,0.0016989000000000001
GPIA10a_r,0.0016989000000000001,0.0016989000000000001
GPIA8b_r,0.0,0.0
PCOATA140_c,-17.36254769114304,2.800384303474165
PCOATA160_c,0.006428469800000001,17.368976160943074
PCOATA180_c,0.020075530200000004,10.305032967933768
ACCOAC_c,0.21270987673899996,24.280548620797617
EAR40y_c,0.026503999999999993,2.826888303474151
EAR60y_c,0.026503999999999993,2.826888303474151
MCOATA_c,0.20560353019999997,22.59448231516533
3HAD40_m,0.0,0.0
3HAD60_m,0.0,0.0
3HAD80_m,0.0,0.0
EX_arach_e,0.0,0.0
ARACHt_c_e,0.0,0.0
FACOAL200_rm,0.0,0.0
FACOAL200_l,0.0,0.0
ACACT180i_m,0.0,0.0
ACACT260i_m,0.0,0.0
ACACT160i_m,0.0,0.0
ACACT140i_m,0.0,0.0
ACACT100i_m,0.0,2.8003843034741736
ACACT120i_m,0.0,2.8003843034741736
ACACT40i_m,0.0,2.8003843034741736
ACACT60i_m,0.0,2.8003843034741736
ACACT80i_m,0.0,2.8003843034741736
ACACT200i_m,0.0,0.0
ACACT220i_m,0.0,0.0
ACACT240i_m,0.0,0.0
ACACT161bi_m,0.0,0.0
ACACT141bi_m,0.0,0.0
ACACT121ai_m,0.0,0.0
ACACT181ai_m,0.0,0.0
ACACT161ai_m,0.0,0.0
ACACT141ai_m,0.0,0.0
ECOAH180_m,0.0,0.0
ECOAH161b_m,0.0,0.0
ECOAH141b_m,0.0,0.0
ECOAH121a_m,0.0,0.0
ECOAH181a_m,0.0,0.0
ECOAH161c_m,0.0,0.0
ECOAH141c_m,0.0,0.0
HACD40i_m,0.0,2.8003843034741736
HACD60i_m,0.0,2.8003843034741736
HACD80i_m,0.0,2.8003843034741736
HACD100i_m,0.0,2.8003843034741736
HACD120i_m,0.0,2.8003843034741736
HACD140i_m,0.0,0.0
HACD160i_m,0.0,0.0
HACD180i_m,0.0,0.0
HACD121ai_m,0.0,0.0
HACD141ai_m,0.0,0.0
HACD141bi_m,0.0,0.0
HACD161ai_m,0.0,0.0
HACD161bi_m,0.0,0.0
HACD181ai_m,0.0,0.0
NADHcplxI_c_m,0.0,50.56570486253493
PGMT_c,0.1264577,78.99261524380651
ATPS_m,0.0,51.50219078586838
FECRq9_m,1.6977931752534223,50.57828186253504
FECOOR_m,0.8488965876267112,25.28914093126752
ACEST1_x,0.0,0.0
MDH_c,-199.57656149797407,69.67421794663768
ASPTAi_m,0.0,50.26172496253485
PHYTOED1_c,0.0,0.3735214120107069
PHYTOED2_c,0.0,0.3735214120107069
PHYTOED3_c,0.0,0.3735214120107069
PHYTOED4_c,0.0,0.3735214120107069
PHYTOED5_c,0.0,0.0
CAROMOX1_c,0.0,0.0
CAROMOX2_c,0.0,0.0
ZEAEPOX1_c,0.0,0.0
ZEAEPOX2_c,0.0,0.0
C3STKR1_c,0.0102571,0.4318463555102267
C3STKR2_c,0.0102571,0.4318463555102267
CERS124_c,0.000202025,0.00040405
CERS126_c,0.000202025,0.00040405
CERS2A26_r,0.0,0.000202025
PRAIi_c,0.0025897999999999755,11.423386672297518
PRPPS_c,0.03493450000000091,78.90111204380642
FCLT_m,1e-05,1e-05
MTHFC_c,-12.671823215633784,17.35715378992766
FTHFL_c,-17.325278589927592,12.703698415633738
MALS_c,0.0,24.74796496748702
NFTYROX_c,0.0,0.0
PYDAMK_c,0.0,157.7323150876132
PYDXK_c,0.0,0.0
PYDXNK_c,0.0,0.0
THIORDXi_m,0.0,0.0
TRDR_m,0.0,0.0
ARGtpa_v,0.0,0.0
TCHOLAtabc_v,0.0,0.0
ACt_c_e,0.0,11.435091110245097
NNATi_c,2.0000000000865246e-05,2.0000000000197377e-05
G3PT_c,0.0,157.73231508761353
ANNAT_n,0.0,0.0
ANNAT_c,0.0,0.0
DKMPPH_c,0.0,2.6617220956257808
DKMEOX_c,0.0,2.6617220956257808
DOLDPt_c_l,0.0015503000000000001,0.0015503000000000001
G00006t_c_r,0.0,0.0
G00011t_g_r,0.0,0.0
G13027t_g_r,-0.0047788,-0.0047788
OGLYCANS2_g,0.0047788,0.0047788
OGLYCANS3_g,0.0047788,0.0047788
OGLYCANS4_g,0.0047788,0.0047788
OGLYCANS5_g,0.0047788,0.0047788
EX_nad_e,0.0,0.0
EX_nadp_e,0.0,0.0
EX_pydx5p_e,0.0,0.0
EX_q9h2_e,0.0,0.0
EX_ca2_e,-0.0001286,-0.0001286
EX_cl_e,0.0,0.0
EX_cobalt2_e,0.0,0.0
EX_cu2_e,-1.1400000000000001e-05,-1.1400000000000001e-05
EX_mg2_e,-0.0063607,-0.0063607
EX_mn2_e,-9.4e-06,-9.4e-06
EX_mobd_e,0.0,0.0
EX_ni2_e,0.0,0.0
EX_zn2_e,-0.0001576,-0.0001576
NADt_c_e,0.0,0.0
NADPt_c_e,0.0,0.0
PYDX5Pt_c_e,0.0,0.0
Q9H2t_c_e,0.0,0.0
Q9H2t_c_m,0.0,0.0
CA2t_c_e,0.0001286,0.0001286
COBALT2t_c_e,0.0,0.0
COBALT2t_c_x,0.0,0.0
CU2t_c_e,1.1400000000000001e-05,1.1400000000000001e-05
Kt_c_e,0.0,0.060365
MG2t_c_e,0.0063607,0.0063607
MN2t_c_e,9.4e-06,9.4e-06
MOBDt_c_e,0.0,0.0
NI2t_c_e,0.0,0.0
ZN2t_c_e,0.0001576,0.0001576
DHAPAT_rm,0.0,31.55839949862539
DHAPAT_l,0.0,31.558399498625313
G3PAT_rm,0.0,31.558399498625363
G3PAT_l,0.0,31.558399498625313
AGNPR_rm,0.0,31.55839949862534
AGNPR_l,0.0,31.558399498625313
AGPAT_rm,0.0,31.558399498625384
AGPAT_l,0.0,31.558399498625448
ETHAPT_rm,0.0,0.0
CHOLPT_rm,0.0,52.57898509587106
CDPDAGS_rm,0.015441400000000001,52.592879762537734
CDPDAGS_mm,0.0,47.79767123867059
PSSA_rm,0.0107408,1.7966647958434097
PAILS_rm,0.0047006,52.58213896253771
PGPS_mm,0.0,47.797671238670645
PGPP_mm,0.0,47.797671238670645
CLPNS_mm,0.0,0.0
CLAH1_mm,0.0,0.0
CLAH3_mm,0.0,0.0
1MLCLAT_mm,0.0,0.0
3MLCLAT_mm,0.0,0.0
PAP_rm,0.0,157.73231508761285
PAP_vm,0.0,0.0
DGAT_rm,0.0,78.86794024656365
DGAT_l,0.0,78.86794024656386
TAGL_l,0.0,78.8666756465635
TAGL_m,0.0,19.966834366218656
DAGL_l,0.0,31.547598298625392
DAGL_m,0.0,19.966834366218656
MAGL_l,0.0,31.547598298625392
DAGK_rm,0.0,157.736955287613
DGPP_vm,0.0,0.0
LPAP_vm,0.0,0.0
PDAGATpe_rm,0.0,0.0
PDAGATpc_rm,-78.8666756465631,1.7859239958434292
PSD_mm,0.0,1.7961315958434292
PSD_gm,0.0,1.7842550369112467
PSD_vm,0.0,1.7842550369112467
PEMT_rm,0.004116600000000001,1.7900405958434291
PMEMT_rm,0.004116600000000001,1.7900405958434291
PDMEMT_rm,0.004116600000000001,1.7900405958434291
LPCAT_mm,0.0,0.0
PLAA2pc_rm,0.0,78.86667564656338
PLAA2pc_en,0.0,1.785895937267877
PLAA2pe_en,0.0,0.0
PLAA2pc_mm,0.0,0.0
PLAA2pe_mm,0.0,0.0
PLAA1lpc_rm,0.0,1.7859239958434199
PLAA1lpc_en,0.0,1.7858959372678727
PLAA1lpe_en,0.0,0.0
PLAA1lpc_mm,0.0,0.0
PLAA1lpe_mm,0.0,0.0
PLACipc_r,0.0,0.0
PLACmipc_r,0.0,0.0
PLACmip2c_m,0.0,0.0
PLACipc_m,0.0,0.0
PLACmipc_m,0.0,0.0
PLACpail_c,0.0,52.57743836253774
PLACpail45p_c,0.0,0.0
PLACpail45p_n,0.0,0.0
PLACpg_mm,0.0,47.79767123867064
PLADpc_en,0.0,52.57898509587107
PI3PP_en,0.0,78.86615754380661
PI3PP_c,0.0,78.86615754380661
PI3PP_rm,0.0,157.73231508761322
PI3PP_gm,0.0,157.73231508761322
PI4PP_en,0.0,157.73231508761322
PI4PP_c,0.0,157.73231508761322
PI4PP_rm,0.0,157.73231508761333
PI4PP_gm,0.0,157.73231508761333
LPIAT_rm,0.0,0.0
PAIL4K_en,0.0,157.73231508761322
PAIL4K_vm,0.0,0.0
PAIL4K_gm,0.0,157.73231508761322
PAIL4K_n,0.0,78.86615754380661
PAIL3K_vm,0.0,157.73231508761285
PI4P5K_n,0.0,78.86615754380657
PI4P5K_en,0.0,157.73231508761313
PI45P5P_c,0.0,157.73231508761313
PI45P5P_en,0.0,157.73231508761313
PI3P5K_vm,0.0,157.73231508761313
PI35P5P_en,0.0,78.86615754380657
PI35P5P_c,0.0,78.86615754380657
PI35P5P_vm,0.0,157.73231508761313
IPCS_g,0.0008081,0.0008081
MIPCS_g,0.0,0.0
IPT_g,0.0,0.0
STATg_rm,0.0,0.0
compCER_m,0.0,0.0
compCER_r,0.0008081,0.0008081
compCER_g,0.0,0.0
compACYLCOA_c,0.0,0.0
compACYLCOA_l,0.0,78.88954264656385
compACYLCOA_m,0.0,0.0
compACYLCOA_r,0.0,0.0
compACYLCOA_rm,0.0,78.88954264656331
compACYLCOA_x,0.0,0.0
compFALPD_mm,0.0,0.0
compFALPD_m,0.0,0.0
compFALPD_rm,-177.91676654347214,0.0
compFALPD_en,0.0,0.0
PAt_gm_rm,0.0,0.0
PAt_l_rm,0.0,31.55839949862535
PAt_mm_rm,-47.797671238670475,0.0
PAt_rm_vm,0.0,0.0
PAt_en_rm,0.0,52.57898509587118
DAGt_c_l,-78.86667564656358,78.86794024656362
DAGt_c_mm,-47.79767123867053,0.0
DAGt_c_n,0.0,0.0
DAGt_c_rm,-78.86284354656364,78.87177234656352
DAGt_gm_rm,0.0008081,0.0008081
TAGt_c_rm,-19.96809896621858,-0.0012646
TAGt_l_rm,-78.86667564656348,78.86794024656359
1AGPEt_l_rm,0.0,0.0
1AGPCt_l_rm,0.0,0.0
PSt_c_m,0.0,0.0
PSt_c_rm,-0.0005332000000000001,-0.0005332000000000001
PSt_en_rm,0.0,0.0
PSt_mm_rm,-1.796131595843434,0.0
PSt_gm_rm,-1.7842550369112458,0.0
PSt_rm_vm,0.0,1.7842550369112276
PAILt_c_rm,-52.581330862537776,157.72842258761284
PAILt_en_rm,-157.73231508761307,78.866157543806
PAILt_rm_vm,0.0,157.73231508761208
PAILt_gm_rm,-0.0008081,157.73150698761208
PAILt_n_rm,-78.86615754380654,0.0
CERt_g_r,0.0008081,0.0008081
PCt_l_rm,0.0,0.0
PCt_en_rm,-52.57898509587106,0.0
PCt_mm_rm,0.0,0.0
PCt_c_rm,-0.004116600000000001,-0.004116600000000001
PEt_l_rm,0.0,0.0
PEt_gm_rm,0.0,1.7842550369112486
PEt_c_rm,-0.006091000000000001,-0.006091000000000001
PEt_en_rm,0.0,0.0
PEt_mm_rm,0.0,1.796131595843425
PEt_rm_vm,-1.7842550369112342,0.0
PAIL4Pt_c_en,-157.73231508761285,157.73231508761256
PAIL4Pt_en_rm,0.0,157.73231508761248
PAIL45Pt_c_n,-78.86615754380652,0.0
PAIL45Pt_c_en,-157.73231508761256,78.86615754380604
PAIL45Pt_en_rm,0.0,0.0
PAIL3Pt_gm_vm,-157.73231508761256,0.0
PAIL3Pt_rm_vm,-157.7323150876121,0.0
PAIL35Pt_c_vm,-78.86615754380605,0.0
PAIL35Pt_en_vm,-78.86615754380605,0.0
IPCt_g_r,0.0,0.0
MIPCt_g_r,0.0,0.0
MIP2Ct_g_r,0.0,0.0
ERGSTESTt_l_rm,0.0,0.0
ERGSTESTt_c_rm,0.0,0.0
FRDPt_c_l,-0.0015503000000000003,-0.0015503000000000003
IPDPt_c_l,-0.023254500000000036,-0.023254500000000008
PEt_c_r,0.005096700000000001,0.005096700000000001
DAGt_c_r,-0.005096700000000001,-0.005096700000000001
MANt_c_g,0.0,0.0
GLCt_c_r,0.0,0.0
DOLGLCPt_c_r,0.0,0.0
DOLDPt_c_r,0.0,0.0
4CMCOAL_c,0.0,0.0
4HBZF_c,0.0,0.0
SPRMS_c,0.0,1.8202377543892292
SPMS_c,1.0000000000003062e-05,1.989880849733588
EX_btn_c,-1e-05,-1e-05
tpsbtn_c_m,0.0,0.0
ACOADS181_rm,0.010290992292,2.201896099358745
LINOCOAt_c_rm,-63.28684372460524,28.04991542715933
LINOCOAt_c_l,-78.86621991430528,28.05816934553735
LINOEAt_c_l,0.0,78.86621991430547
FACOAL182_l,0.0,78.86621991430547
FACOAL182_rm,0.0,63.27858885591774
FACOAL182_x,0.0,78.86615754380661
FACOAE182_c,0.0,78.86615754380645
FACOAE182_x,0.0,78.86615754380642
ACOADS182_rm,0.0020361236039999997,2.102324351209622
LINOLNCOAt_c_rm,-15.589679874010681,6.909634486746706
LINOLNCOAt_c_l,-78.8661702358252,6.911670610350716
LINOLENt_c_l,0.0,78.86617023582546
FACOAL183_l,0.0,78.86617023582546
FACOAL183_rm,0.0,15.587643750406706
FACOAL183_x,0.0,78.86615754380655
FACOAE183_c,0.0,78.86615754380661
FACOAE183_x,0.0,78.86615754380655
FE3t_c_e,0.0,0.0
FE3t_c_m,0.0,0.0
4HPPR_c,0.0,0.0
4HPLH_c,0.0,0.0
4HBZCOAS_c,0.0,0.0
4HBZNPT_m,0.0,0.0
3NPDHBZH_m,0.0,0.0
3NPDHMT_m,0.0,0.0
3NP4H5MOBCL_m,0.0,0.0
Q9MO_m,0.0,0.0
Q9MT1_m,0.0,0.0
Q9OR_m,0.0,0.0
Q9MT2_m,0.0,0.0
PREN9DPt_c_l,0.0,0.0
PREN9DPt_c_m,0.0,0.0
BIOMASS_RT_CLIM,0.1,0.1
DM_5mta_c,0.0,1.0793948795993513
AMETt_c_e,0.0,1.2506195054649392
FOLR_c,0.0,0.0
FOLR_m,0.0,0.0
DHAD1_c,0.0,0.0
DHAD2_c,0.0,0.0
DBTS_c,0.0,0.0
ATPM_c,0.0,157.732315087613
ABTLD_c,0.0,0.0
ABTD4Dx_c,0.0,0.0
XYLTOR_c,0.0,0.0
ABTDt_c_e,0.0,0.0
EX_abt__D_e,0.0,0.0
EX_tag_c,0.0,0.2554268203669065
EX_caro_c,0.0,0.3735214120107068
EX_cellb_e,0.0,0.0
THMtps_e,0.0,0.0
PLACmip2c_r,0.0,0.0
THRtps_e,-5.423845779765748,0.0
ASNN_e,0.0,0.0
GLUN_e,0.0,0.0
FALPDt_c_l,-78.86667564656334,0.0
FALPDt_c_m,-59.90050309865556,0.0
FALPDt_c_en,-3.5717918745357435,0.0
FALPDt_c_rm,-78.86667564656302,177.9167665434725
FALPDt_c_mm,0.0,0.0
compFALPD_c,-78.86667564656302,177.91624844071546
DOCOSAt_c_l,0.0,1.478746068373066
TTCOSAt_c_l,0.0,3.8359710367732034
TAGt_c_m,0.0,19.966834366218603
DOCOSAt_c_e,0.0,0.4623706331969814
TTCOSAt_c_e,0.0,0.5254385392258472
EX_docosa_e,0.0,0.46237063319698085
EX_ttcosa_e,0.0,0.5254385392258489
ME2_c,0.0,157.73231508761378
FACOA182tabc_x,0.0,2.191605107066732
FACOA183tabc_x,0.0,2.1002882276056183
MAGL_m,0.0,19.96683436621856
GLYCt_c_m,0.0,19.96683436621856
CRNAT120_x,-2.8003843034741522,0.0
CRN120t_c_x,0.0,2.8003843034741562
ACOAD40f_x,0.0,0.0
ACOAD60f_x,0.0,0.0
ACOAD80f_x,0.0,0.0
ACOAD100f_x,0.0,0.0
ACOAD120f_x,0.0,0.0
ACOAD140f_x,0.0,0.0
ACOAD160f_x,0.0,0.0
ARACHt_c_rm,0.0,0.0
DOCOSAt_c_rm,-3.3359393726901025,1.4787460683730695
TTCOSAt_c_rm,-8.653693607907941,3.8359710367732123
EX_hxca_e,0.0,0.0
HXCAt_c_e,0.0,0.0
HXCAt_c_rm,0.0,0.0
DM_gcald_c,0.0,1.9999999999996122e-05
ACOAD100f_m,0.0,2.800384303474159
ACOAD120f_m,0.0,2.800384303474159
FADt_c_m,0.0,0.0
ACOAD180f_x,0.0,0.0
ACOAD161bf_x,0.0,0.0
ACOAD141bf_x,0.0,0.0
ACOAD121af_x,0.0,0.0
ACOAD181af_x,0.0,0.0
ACOAD161af_x,0.0,0.0
ACOAD141af_x,0.0,0.0
HLYSMT_m,0.0,0.0
GHMT3_m,0.0,0.0
TMABADH_m,0.0,0.0
BBOX_m,0.0,0.0
CRNAT40_m,0.0,0.0
CRNAT60_m,0.0,2.1002882276056294
CRNAT80_m,0.0,2.6529956559228975
CRNAT100_m,0.0,2.291223521024314
CRN40t_c_x,0.0,0.0
CRN60t_c_x,0.0,2.100288227605627
CRN80t_c_x,0.0,2.6529956559228975
CRN100t_c_x,0.0,2.2912235210243175
CRN40t_c_m,0.0,0.0
CRN60t_c_m,0.0,2.100288227605628
CRN80t_c_m,0.0,2.652995655922885
CRN100t_c_m,0.0,2.2912235210243286
CRN120t_c_m,0.0,2.80038430347417
CRNAT40_x,0.0,0.0
CRNAT60_x,-2.1002882276056214,0.0
CRNAT80_x,-2.652995655922893,0.0
CRNAT100_x,-2.291223521024315,0.0
NADPHt_c_x,0.0,4.200576455211238
NADPt_c_x,-4.200576455211262,0.0
RNDR4_c,0.0,1.978347617241353
RNDR4_n,0.0,0.0
FACOAL80_c,0.0,0.0
FACOAL100_c,0.0,0.0
FACOAL120_c,0.0,78.86615754380624
FACOAL40_c,0.0,0.0
FACOAL60_c,0.0,0.0
FACOAL40o_x,0.0,0.0
PKETX_c,0.0,49.72736109498492
ACCOATsucac_m,0.0,12.565431240633735
ACCOATsucpp_m,0.0,0.0
PPAt_c_m,0.0,0.0
PPAt_c_e,0.0,0.0
EX_ppa_e,0.0,0.0
XU5PFGT_x,0.0,0.0
EX_fald_e,0.0,0.0
LDH_L_x,0.0,0.0
G3PD1i_x,0.0,23.458947863595
DHAPt_c_x,0.0,23.458947863595
GLYC3Pt_c_x,-23.458947863593703,0.0
ACOAD182f_x,0.0,0.0
ACOAO182_x,0.0,2.1916051070667315
ECOAH182_x,0.0,2.1916051070667315
HACD182i_x,0.0,2.1916051070667315
ACACT182i_x,0.0,2.1916051070667315
ACOAD162f_x,0.0,0.0
ACOAO162_x,0.0,2.191605107066732
ECOAH162_x,0.0,2.191605107066732
HACD162i_x,0.0,2.191605107066732
ACACT162i_x,0.0,2.191605107066732
ACOAD142f_x,0.0,0.0
ACOAO142_x,0.0,2.1916051070667315
ECOAH142_x,0.0,2.1916051070667315
HACD142i_x,0.0,2.1916051070667315
ACACT142i_x,0.0,2.1916051070667315
ECOAI122d_x,0.0,2.1916051070667315
ECOAH121d_x,0.0,2.1916051070667315
HACD121di_x,0.0,2.1916051070667315
ACACT121di_x,0.0,2.1916051070667315
ACOAD101df_x,0.0,0.0
ACOAO101d_x,0.0,2.1916051070667315
DECOAR102d_x,0.0,2.1916051070667315
ECOAI101d_x,0.0,2.1916051070667315
ACOAD183f_x,0.0,0.0
ACOAO183_x,0.0,2.100288227605617
ECOAH183_x,0.0,2.100288227605617
HACD183i_x,0.0,2.100288227605617
ACACT183i_x,0.0,2.100288227605617
ACOAD163f_x,0.0,0.0
ACOAO163_x,0.0,2.100288227605617
ECOAH163_x,0.0,2.100288227605617
HACD163i_x,0.0,2.100288227605617
ACACT163i_x,0.0,2.100288227605617
ACOAD143f_x,0.0,0.0
ACOAO143_x,0.0,2.100288227605617
ECOAH143_x,0.0,2.100288227605617
HACD143i_x,0.0,2.100288227605617
ACACT143i_x,0.0,2.100288227605617
ECOAI123e_x,0.0,2.100288227605617
ECOAH122e_x,0.0,2.100288227605617
HACD122ei_x,0.0,2.100288227605617
ACACT122ei_x,0.0,2.100288227605617
ACOAD102ef_x,0.0,0.0
ACOAO102e_x,0.0,2.100288227605617
DECOAR103e_x,0.0,2.100288227605617
ECOAI102e_x,0.0,2.100288227605617
ECOAH101e_x,0.0,2.100288227605617
HACD101ei_x,0.0,2.100288227605617
ACACT101ei_x,0.0,2.100288227605617
ACOAD82ef_x,0.0,0.0
ACOAO82e_x,0.0,2.100288227605617
ECOAI82e_x,0.0,2.100288227605617
DECOAI82e_x,0.0,2.100288227605617
DECOAR82e_x,0.0,2.100288227605617
ECOAI81e_x,0.0,2.100288227605617
PACCOAE_x,0.0,78.86615754380624
ACS_c,0.0,49.87408176774061
ABTD2Dx_c,0.0,0.0
ABTD4Dy_c,0.0,0.0
ABTD2Dy_c,0.0,0.0
AKGDH_m,8e-05,12.565511240633745
ALDD2y_c,0.0,37.79677728801949
OAADC_c,0.0,157.73231508761256
Ktps_e,0.0,0.060365
G5SADr_m,-15.709828592585993,0.0
GHMT2r_m,-22.763432409733866,9.925988956075079
ETFOXRq9_c,0.0,1.4940856480428706
