,minimum,maximum
ILEtpa_v,0.0,1000.0
TYRtpa_v,0.0,1000.0
TYRt_c_v,0.0,1000.0
LEUtpa_v,0.0,1000.0
UGLT_c,-1000.0,0.0
HCO3t_c_n,-1000.0,999.5170990398199
HCO3E_n,-999.5170990398199,1000.0
ILEt_c_v,0.0,1000.0
Kt_c_e,0.2804653830423388,1000.0
AKGMALta_m,0.0,1000.0
HCO3E_c,-999.5170990398199,1000.0
H2Ot_c_n,-999.51709903982,1000.0
GALT_c,0.0,1000.0
CO2t_c_n,-1000.0,999.5170990398199
Ht_c_v,-1000.0,-5.400124791776761e-13
Ht_c_n,-1000.0,999.51709903982
LEUt_c_v,0.0,1000.0
Ktps_e,-999.9408029714931,-0.22126835453630864
GALUi_c,-999.8274286058794,0.1725713941198314
Ht_c_e,0.0,999.719534616958
AKGCITta_m,-5.943572581384766,994.0564274186121
CITMALta_m,-994.0564274185963,5.943572581384747
H2Ot_c_m,-28.69080451895608,-28.69080451897314
ADPATPt_c_m,22.620345708678208,22.62034570867347
PItps_m,22.620345708673348,22.62034570867144
EX_h2o_e,1.5630841054701827,9.845202268682037
H2Ot_c_e,-9.845202268682016,-5.704143187076324
NH4t_c_e,0.5246008822106505,8.80671904542251
EX_nh4_e,-8.806719045422504,-0.5246008822106984
EX_h_e,0.16732848306080716,8.449446646272623
ATPS_m,7.544210314852098,7.544210314850085
FECRq9_m,7.402410964067505,7.402410964067233
NADHcplxI_c_m,7.39243347756435,7.392433477563969
MDH_c,-5.911727035073736,-5.911717210278685
MDH_m,5.832780666824522,5.832780666813714
ASPGLUt_c_m,5.736873730852514,5.736873730813386
ASPTAi_m,5.736873730829952,5.736873730823461
ASPTA_c,5.6254489020605565,5.625458726863023
HCO3E_e,0.0,4.141059081606502
EX_urea_e,0.0,4.141059081605975
EX_co2_e,0.0,4.141059081605922
EX_hco3_e,0.0,4.141059081605922
CO2t_c_e,0.0,4.141059081605922
UREAtps_e,-4.141059081605469,0.0
UREA_c,-4.141059081602105,0.0
O2t_c_e,3.794819976905093,3.794819976905054
EX_o2_e,-3.794819976905026,-3.794819976905061
O2t_c_m,3.7012398688651733,3.7012398688651342
FECOOR_m,3.7012054820337523,3.7012054820336164
GHMT2r_c,2.627967121303732,2.6279671213036417
MTHFC_c,2.6080960521682677,2.6080960521649335
MTHFD_c,2.493061787001621,2.608096052165487
GLYt_c_m,2.5900802999648946,2.5900802999536077
FDH_c,2.5899459948172394,2.589945994814355
FTHFL_c,-2.5827280024067214,-2.5827280024190595
GLUDy_c,1.7272371318359623,1.8422713969920572
GAPD_c,1.841985889979119,1.8419858899652588
PGK_c,1.8419858899771397,1.841985889972898
CO2t_c_m,-1.7070663080457464,-1.7070663077758443
PGCD_c,1.3638913305282017,1.3638913305225395
PSP_L_c,1.3638913305237879,1.36389133052302
PSERT_c,1.3638913305237879,1.3638913305230629
GLCt_c_e,1.3532451770000926,1.353245177
EX_glc__D_e,-1.353245177,-1.3532451770000196
HEX1_c,1.3532451770000007,1.3532451769997493
NH4t_c_m,-1.3132769603814458,-1.3132769603822878
GHMT2r_m,-1.2950008507394106,-1.2950008507465591
GLYCL_m,1.2950008507465591,1.2950008507405606
SERt_c_m,-1.2950008507406299,-1.2950008507408557
ATPM_c,1.258692370308065,1.2586923703075783
PPA_c,1.2522508197716258,1.2527395057590822
PGI_c,1.1806737828803093,1.1806737828794232
ADK1_c,0.9074565174941511,0.9074663423026723
PFK_c,0.7782905073867953,0.7782905073824082
FBA_c,0.778290507386675,0.7782905073785713
TPI_c,0.7696277768199706,0.7696277768079561
ACS_c,0.47862009441468145,0.47862009441419595
ENO_c,0.4780945594535388,0.47809455945300366
PGM_c,0.4780945594535146,0.4780945594471791
ACKr_c,-0.472211273273176,-0.47221127329138585
PKETX_c,0.47221127327762474,0.4722112732739322
PYK_c,0.4375790122152909,0.4375790121968627
PC_c,0.28626830821301497,0.28626830821018284
NDPK2_c,0.19184983078168766,0.27333561741866674
TKT2_c,-0.18020098250184308,-0.18020098250760863
ACCOAC_c,0.17437975438973347,0.17437975438973344
PGMT_c,0.17257139412057684,0.17257139412044253
MCOATA_c,0.16901045488919128,0.1690104548891913
TALA_c,-0.15994320888239963,-0.15994320888816518
TKT1_c,-0.15994320888239963,-0.15994320888816518
LACtps_m,0.0,0.1533778438232566
LACPYRt_c_m,-0.15337784379173042,-3.576028362317629e-13
PYRtps_m,0.0,0.1533778437917304
NDPK1_c,0.06746480175301381,0.14848155200916224
13BDGLUCANt_c_en,0.13661897940875262,0.13661897940875262
13GS_c,0.13661897940875262,0.13661897940875262
RPI_c,-0.13210638112568282,-0.13210638112576104
RPE_c,0.1320670818935697,0.1320670818895075
GLUt_c_m,0.12315574893023129,0.12315574892040448
PDH_m,0.11680066949539264,0.11680066948880385
GLUDxi_c,0.0,0.11503426516094173
MTHFD2i_c,0.0,0.11503426516071014
GLNS_c,0.11115474477079262,0.11163360595944383
ME1_m,0.03099167216576136,0.11079191457500404
NDPK3_c,0.02054003181694987,0.10220660350301713
BIOMASS,0.09824808972037172,0.09824808972037172
CS_m,0.0959069359907463,0.09590693599042499
ACONTb_m,0.0959069359904241,0.095906935990083
ACONTa_m,0.0959069359904241,0.095906935990083
ICDHx_m,0.01610669359866232,0.095906935990083
ACACT40ir_c,0.08100692544770258,0.08100692544769604
HMGCOAS_c,0.08100692544770258,0.08100692544769494
DPMVD_c,0.08100692544770258,0.08100692544768806
PMEVK_c,0.08100692544770258,0.08100692544768862
HMGCOAR_c,0.08100692544770258,0.08100692544769494
MEVK2_c,0.0,0.08100692544768949
MEVK1_c,0.0,0.08100692544768388
MEVK4_c,0.0,0.08100692544768388
MEVK3_c,0.0,0.08100692544768388
ME2_m,0.0,0.07980024240934128
ICDHyi_m,0.0,0.07980024239176267
EX_k_e,-0.05919702850685671,-0.05919702850685668
MAN1PT_c,0.052459272761923324,0.05245927276176858
PMANM_c,-0.05245927276166383,-0.052459272761923324
MAN6PI_c,-0.052459272761923074,-0.05245927276192332
EX_pi_e,-0.0495095703642332,-0.04950957036424075
PItps_e,0.049509570364002276,0.049509570364231426
H2Ot_c_rm,-0.04894258515248083,-0.04858101505388866
DHAD1_m,0.04878381172548421,0.04878381172547641
VALt_c_m,-0.048783811725372495,-0.04878381172548421
KARA1i_m,0.04878381172548421,0.048783811725460424
ACLS_m,0.04878381172548421,0.04878381172547641
VALTA_m,-0.048783811725372495,-0.04878381172548421
HSDy_c,0.0,0.04008001345715648
ASPK_c,0.04008001345715648,0.040080013457050825
ASAD_c,0.04008001345715645,0.04008001345715648
HSDx_c,0.0,0.04008001345704914
HSK_c,0.03598965073831184,0.03598965073733388
THRS_c,0.03598965073809984,0.035989650737345225
16GS_c,0.03595241471182423,0.03595241471182423
PPIt_c_l,-0.03187228692293922,-0.03173511546057728
FUM_c,0.031845546314727476,0.031855371122342824
IPDPt_c_l,-0.03173511546057728,-0.031735115460577265
ALAt_c_m,0.03107027063743951,0.031070270642782793
ALATA_L_m,-0.031070270637212637,-0.031070270637739726
ALATRS_c,0.03107027063743951,0.031070270637440004
GLYTRS_c,0.028271673801754726,0.028271673801753973
PRPPS_c,0.02781717813870716,0.02782700294721522
Ht_c_g,-0.02608565380547611,-0.026085653805476457
GDPMANNt_c_g,0.026085653805476457,0.02608565380547611
GDPt_c_g,0.026085653805476457,0.02608565380547611
LEUTA_c,-0.025473175214159535,-0.025473175214159656
LEUTRS_c,0.025473175214159656,0.02547317521415932
IPMD_c,0.025473175214159656,0.02547317521415932
IPPMIa_c,-0.02547317521415932,-0.025473175214159656
IPPS_c,0.025473175214159656,0.025473175214133115
IPPMIb_c,-0.02547317521415932,-0.025473175214159656
OMCDC_c,0.025473175214159656,0.02547317521415932
VALTA_c,0.025473175214159656,0.025473175214158962
GLUTRS_c,0.024614486910003605,0.024614486910003487
GLNTRS_c,0.024614486910003605,0.02461448691000328
COAt_c_rm,-0.02393771434603904,-0.0052396746886180165
VALTRS_c,0.023310636511324555,0.023310636511324555
CBPS_c,0.02225289757739507,0.02225289757734482
CTPt_c_rm,0.021756441415702158,0.021937226464607537
Ht_c_rm,0.012525197215861854,0.021911067980739697
EAR160y_c,0.021876214401407128,0.02187621440140714
3OAR160_c,0.021876214401407128,0.02187621440140714
EAR60y_c,0.021876214401407128,0.021876214401407128
3OAR60_c,0.021876214401407128,0.021876214401407124
3HAD120_c,0.021876214401407128,0.021876214401407124
3HAD100_c,0.021876214401407128,0.021876214401407124
ACOATA_c,0.021876214401407128,0.021876214401407128
3OAS80_c,0.021876214401407128,0.021876214401407128
3OAR80_c,0.021876214401407128,0.021876214401407124
3OAR40_c,0.021876214401407128,0.021876214401407124
3OAS60_c,0.021876214401407128,0.021876214401407128
3OAS40_c,0.021876214401407128,0.021876214401407128
3OAS160_c,0.021876214401407128,0.021876214401407124
3OAS140_c,0.021876214401407128,0.021876214401407124
3HAD80_c,0.021876214401407128,0.021876214401407128
3HAD160_c,0.021876214401407128,0.021876214401258854
3HAD140_c,0.021876214401407128,0.021876214401407124
EAR40y_c,0.021876214401407128,0.021876214401407128
3OAR140_c,0.021876214401407128,0.021876214401407124
3OAR120_c,0.021876214401407128,0.021876214401407124
3HAD40_c,0.021876214401407128,0.021876214401407128
3OAS120_c,0.021876214401407128,0.021876214401407124
3OAR100_c,0.021876214401407128,0.021876214401407124
EAR100y_c,0.021876214401407128,0.021876214401407128
3HAD60_c,0.021876214401407128,0.021876214401407128
EAR80y_c,0.021876214401407128,0.021876214401407128
EAR120y_c,0.021876214401407128,0.021876214401407128
EAR140y_c,0.021876214401407128,0.021876214401407128
3OAS100_c,0.021876214401407128,0.021876214401407124
NADHt_c_rm,0.021786642825969333,0.02178664282596933
O2t_c_rm,0.021786642825969323,0.021786642825969326
NADt_c_rm,-0.021786642825969326,-0.021786642825969326
Ht_m_mm,0.0210353090034765,0.021035309001480852
SACCD1_c,0.02089373350420341,0.020893733504208714
HCITS_m,0.02089373350420341,0.020893733504203142
AATA_c,0.02089373350420341,0.020893733504200873
AASADy_c,0.02089373350420341,0.020893733504200873
HACNH_m,0.02089373350420341,0.020893733504203142
LYSTRS_c,0.02089373350420341,0.02089373350420341
HCITR_m,0.02089373350420341,0.020893733504203142
HICITD_m,0.02089373350420341,0.020893733504197938
2OXOADPt_c_m,0.02089373350420341,0.020893733504193324
SACCD2_c,0.02089373350420341,0.020893733504193324
DDPA_c,0.020257773619443444,0.02025777361941441
PSCIT_c,0.020257773619443444,0.020257773619443444
CHORS_c,0.020257773619443444,0.0202577736194217
DHQS_c,0.020257773619443444,0.020257773619443444
SHKK_c,0.020257773619443444,0.020257773619443444
SHK3Di_c,0.020257773619443444,0.020257773619443444
DHQTi_c,0.020257773619443444,0.020257773619443444
NADPHt_c_rm,0.010738599001084318,0.01958211461753686
NADPt_c_rm,-0.019582114617492343,-0.010738599001084318
METS_c,0.01939220794902398,0.01939220794899247
MTHFR3_c,0.019392207949010833,0.019392207948968156
ILETA_m,-0.01873119480137169,-0.018731194801368308
DHAD2_m,0.018731194801368308,0.01873119480137169
ILETRS_c,0.018731194801368308,0.01873119480136806
ACHBS_m,0.018731194801368308,0.018731194801362212
KARA2i_m,0.018731194801368308,0.01873119480136356
ILEt_c_m,0.018731194801368308,0.018731194801368308
compACYLCOA_l,0.0,0.018568414845691293
compACYLCOA_rm,0.0,0.018568414845691293
COAt_c_l,-0.018566555851080458,0.00013717146212411993
THRD_L_m,0.018276109650055144,0.01827610964930053
THRt_c_m,0.018276109650055144,0.018276109649300525
CHORM_c,0.018190633811726822,0.018190633811729973
THRTRS_c,0.0177135410880447,0.0177135410880447
SERTRS_c,0.01695025167900713,0.01695025167900713
IPDDI_c,0.0164239366623751,0.016423936662365378
GRTT_c,0.0164239366623751,0.016423936662370152
DMATT_c,0.0164239366623751,0.01642393666237011
STCOAt_c_rm,0.013782325474593926,0.01589553728767124
EAR180y_c,0.0158769540793414,0.015876954079341404
PCOATA180_c,0.0158769540793414,0.0158769540793414
3HAD180_c,0.0158769540793414,0.015876954079341393
3OAS180_c,0.0158769540793414,0.01587695407922793
3OAR180_c,0.0158769540793414,0.015876954079341393
DOLPt_c_r,-0.015795247136450478,-0.01579524713625444
DOLPMT_c,0.01579524713625444,0.015795247136101424
METAT_c,0.015776579999224577,0.01577657999920757
ADNK1_c,0.015756930381767505,0.015756930380767642
AHCi_c,0.015756930381263495,0.015756930381088052
AICART_c,0.015752902209587097,0.015752902209562762
IMPC_c,0.015752902209575245,0.015752902209558134
PPIt_c_rm,-0.015429603328520808,-0.015299978515974049
CYTK1_c,0.015309803319074125,0.015309803324452531
CMPt_c_rm,-0.015299978515122936,-0.015299978515974049
CDPDAGS_rm,0.015299978515974049,0.015299978515810601
ASNS1_c,0.014755978843192347,0.014755978843192777
ASNTRS_c,0.014755978843192347,0.014755978843192777
ASPTRS_c,0.014755978843192347,0.014755978843192347
G5SADr_c,0.013420394318340412,0.013420394311423833
G5SDy_c,0.013420394318340412,0.013420394311423833
P5CR_c,0.013420394316076079,0.013420394311533615
GLU5K_c,0.013420394314164197,0.013420394311320508
PROTRS_c,0.013420394311533615,0.013420394311533437
ORNTACi_m,0.01228523588290444,0.012285235882508516
ACGK_m,0.01228523588290444,0.012285235882498746
ORNtpa_m,0.01228523588290444,0.01228523588222119
AGPRi_m,0.01228523588290444,0.012285235879934575
ACOTAi_m,0.01228523588290444,0.012285235880256096
ARGTRS_c,0.012275411073932404,0.012275411073932761
OCBT_c,0.012275411073932404,0.012275411073877092
ARGSL_c,0.012275411073932404,0.012275411073886529
ARGSS_c,0.012275411073932404,0.012275411073886529
UMPK_c,0.012093160867490882,0.012093160866978536
ACOADS180_rm,0.011990275720934772,0.011990275720934772
PHETA1_c,-0.011957480255586626,-0.01195748025559728
PHETRS_c,0.01195748025559728,0.01195748025559728
PPNDH_c,0.01195748025559728,0.01195748025559253
SERt_c_rm,0.0108893270241574,0.010889327024156781
PSSA_rm,0.0108893270241574,0.0108893270241574
PSt_mm_rm,-0.010517654500738903,-0.010517654502189444
CO2t_c_mm,-0.010517654500711116,-0.010517654501793317
PSD_mm,0.010517654501278173,0.010517654500734101
PEt_mm_rm,0.010517654501036588,0.010517654500741802
SUCFUMt_c_m,0.009977486503847999,0.009977486503462666
SUCDq9_m,0.009977486503484734,0.009977486503462666
DHORDfum_c,0.009977486503462668,0.009977486503458447
ORPT_c,-0.009977486503450343,-0.009977486503462666
ASPCT_c,0.009977486503462661,0.009977486503447623
OMPDC_c,0.00997748650346266,0.009977486503459114
DHORTS_c,-0.009977486503459088,-0.009977486503462639
ADSS_c,0.009954987691169787,0.009964812499710263
ADSL1r_c,0.009954987691169787,0.009964812499140052
ACGAM6PS_c,0.009779811346945243,0.009779811346945113
ACGAMPM_c,0.009779811346945243,0.009779811346945113
UAGDP_c,0.009779811346945243,0.009779811346945243
GF6PTA_c,0.009779811346945243,0.009779811346780867
GARFT_c,0.009615147548588387,0.009615147548564539
PRFGS_c,0.009615147548581504,0.009615147548544109
ADSL2i_c,0.009615147548579728,0.009615147548552281
GLUPRT_c,0.009615147548576175,0.009615147548540648
AIRC1_c,0.009615147548576036,0.009615147548551698
PRAGSi_c,0.009615147548572622,0.009615147548544109
PRAIS_c,0.009615147548572622,0.009615147548544109
PRASCSi_c,0.009615147548568502,0.009615147548544109
G3PAT_l,0.0,0.00884351561652538
GLYC3Pt_c_rm,0.0,0.00884351561652449
DHAPt_c_l,0.0,0.00884351561652206
DHAPAT_l,0.0,0.00884351561652206
DHAPAT_rm,0.0,0.008843515616521056
DHAPt_c_rm,0.0,0.008843515616520288
NADPt_c_l,-0.00884351561647983,0.0
PAt_l_rm,0.0,0.008843515616465868
GLYC3Pt_c_l,0.0,0.008843515616465424
AGPAT_rm,0.0,0.00884351561645721
AGNPR_rm,0.0,0.00884351561645721
G3PAT_rm,0.0,0.008843515616444886
G3PD1r_c,-0.0001807850495740837,0.008843515616440811
AGNPR_l,0.0,0.008843515616429785
AGPAT_l,0.0,0.008843515616429785
NADPHt_c_l,0.0,0.008843515616399622
Ht_c_l,-0.0003615700991665711,0.008662730565567989
AMETt_c_rm,0.008607711636581208,0.008607711636522098
AHCYSt_c_rm,-0.008607711636580041,-0.008607711636581208
ACOADS181_rm,0.008178435466286384,0.008178435466286382
NADPHt_c_r,0.007994103192232625,0.007994103192233674
NADPt_c_r,-0.007994103192230574,-0.007994103192232625
PEt_c_rm,-0.007648417288551293,-0.007648417288551498
H2Ot_c_r,-0.0074308468938631975,-0.0074308468943631144
O2t_c_r,0.0074308468938657345,0.007430846893863194
DAGt_c_rm,0.005712421551729916,0.007316945362824598
SO4t_c_e,0.007152264435463631,0.007152264435342342
EX_so4_e,-0.007152264435419919,-0.007152264435463606
C3STDH2_c,0.007149218744682289,0.007149218744679371
C14STR_c,0.007149218744682289,0.0071492187446798305
SQLS_c,0.007149218744682289,0.007149218744679748
SQLt_c_r,0.007149218744682289,0.007149218744679748
SSQ23EPXt_c_r,0.007149218744682289,0.007149218744679748
SQLEy_r,0.007149218744682289,0.007149218744679748
C3STDH1_c,0.007149218744682289,0.007149218744679371
LNSTLS_c,0.007149218744682289,0.007149218744679823
C8STI_c,0.007149218744682289,0.007149218744679371
LNS14DMy_c,0.007149218744682289,0.007149218744680997
SAM24MT_c,0.007149218744682289,0.007149218744681891
C4STMO4_c,0.007149218744682289,0.007149218744679371
C4STMO3_c,0.007149218744682289,0.007149218744679371
C4STMO2_c,0.007149218744682289,0.007149218744679371
C4STMO1_c,0.007149218744682289,0.007149218744679371
C3STKR2_c,0.007149218744682289,0.007149218744679371
C3STKR1_c,0.007149218744682289,0.007149218744679371
CTPS2_c,0.006488991581761416,0.006967852770890709
DAGt_c_r,-0.006955375263664198,-0.006955375263663996
PEt_c_r,0.006955375263663996,0.006955375263663903
DAGK_rm,0.0064564628997281085,0.006637247948651016
CDPt_c_rm,-0.006637247948185597,-0.006456462899746176
Ht_c_r,-0.006609198119274918,-0.0066091981195359
LINOCOAt_c_l,-4.3612870285689165e-05,0.00659657004806002
LINOCOAt_c_rm,-0.00659657004735368,4.3612870140583734e-05
TRDR_c,0.006542831534928141,0.006542831534819486
OGLYCANS1_r,0.006521413451369114,0.006521413451369027
OGLYCANS3_g,0.006521413451369114,0.006521413451369027
OGLYCANS4_g,0.006521413451369114,0.006521413451369027
G13027t_g_r,-0.006521413451369027,-0.006521413451369114
OGLYCANS2_g,0.006521413451369114,0.006521413451369027
OGLYCANS5_g,0.006521413451369114,0.006521413451369027
GK1_c,0.0,0.006276775708151661
NDPK8_c,0.0,0.00627677570722085
MG2t_c_e,0.00623767296825668,0.00623767296825668
EX_mg2_e,-0.00623767296825668,-0.00623767296825668
TYRTRS_c,0.0062331535561295425,0.0062331535561295425
PPND2_c,0.0062331535561295425,0.00623315355612946
TYRTA_c,0.0062331535561295425,0.0062331535561295425
PRAMPC_c,0.006137754661011062,0.006137754660996739
ATPPRT_c,0.006137754661011062,0.006137754661002441
HISTD_c,0.006137754661011062,0.006137754661010981
HISTP_c,0.006137754661011062,0.006137754661010981
IGPDH_c,0.006137754661011062,0.006137754660994653
IG3PS_c,0.006137754661011062,0.006137754660994653
HISTRS_c,0.006137754661011062,0.006137754661010981
HSTPT_c,0.006137754661011062,0.006137754661010981
PRATPP_c,0.006137754661011062,0.006137754660996739
PRMICI_c,0.006137754661011062,0.006137754660996739
PCOATA160_c,0.005999260322065726,0.005999260322041289
IMPD_c,0.005797914519166655,0.005797914518644236
GMPS2_c,0.005797914518668297,0.005797914518654565
GK2_c,-0.00047886118929706676,0.005797914518378505
MALCOAt_c_rm,0.005369299500542159,0.005369299500505964
CO2t_c_rm,-0.005369299500542159,-0.005369299500542159
PAILS_rm,0.004410651491834118,0.0044106514918037295
INOSTtps_e,0.004410651491829623,0.004410651491816589
INOSTt_c_rm,0.004410651491829623,0.004410651491600558
EX_inost_e,-0.004410651491816648,-0.004410651491816648
AHSERL2_c,0.004090362719805578,0.004090362719320145
BPNT_c,0.004090362719329389,0.004090362719286311
ADSK_c,0.004090362719328333,0.004090362719252215
PAPSR_c,0.004090362719328301,0.004090362719285423
SADT_c,0.004090362719328246,0.004090362719284535
SO3R_c,0.004090362719328246,0.004090362719327084
HSERTA_c,0.003635277567743473,0.004090362718826401
PAILt_c_rm,-0.003847395193145692,-0.0038473951934497566
ODECOAt_c_l,-3.421694381623014e-05,0.0038460571985658794
ODECOAt_c_rm,-0.0038460571982397987,3.4216943948074313e-05
METTRS_c,0.003625452758771437,0.003625452758771389
COAt_c_r,-0.0034449710179552603,-0.0034449710179551138
CHTNS_c,0.0032300041976469408,0.003230004197646898
PMTCOAt_c_l,-2.794387215545452e-05,0.0031454894748752754
PMTCOAt_c_rm,-2.794387215545452e-05,0.003145489474854763
PMTCOAt_c_r,0.002881714719588223,0.0028817147195881847
PMEMT_rm,0.002869237212193736,0.0028692372121903397
PCt_c_rm,-0.002869237212193659,-0.002869237212193736
PDMEMT_rm,0.002869237212193736,0.002869237212188902
PEMT_rm,0.002869237212193736,0.002869237212188902
GPIA3_c_r,0.002318458421221332,0.00231845842122127
GPIA4_r,0.002318458421221332,0.00231845842122127
GPIA2_c,0.002318458421221332,0.00231845842122127
GPIA1_c,0.002318458421221332,0.00231845842122127
GPIA10a_r,0.002318458421221332,0.00231845842122127
GPIA9a_r,0.002318458421221332,0.00231845842122127
GPIA8a_r,0.002318458421221332,0.00231845842122127
GPIA7_r,0.002318458421221332,0.00231845842122127
GPIA6_r,0.002318458421221332,0.00231845842122127
GPIA5_r,0.002318458421221332,0.00231845842122127
PRENT10_l,0.0021156743640384852,0.0021156743640384566
PRENT7_l,0.0021156743640384852,0.0021156743640384566
PRENT6_l,0.0021156743640384852,0.0021156743640384566
PRENT11_l,0.0021156743640384852,0.0021156743640384566
FRDPt_c_l,-0.0021156743640384852,-0.002115674364038485
PRENT9_l,0.0021156743640384852,0.0021156743640384566
PRENT12_l,0.0021156743640384852,0.0021156743640384566
PRENT13_l,0.0021156743640384852,0.0021156743640384566
PPTT_l,0.0021156743640384852,0.0021156743640384566
PRENT8_l,0.0021156743640384852,0.0021156743640384566
FRTT_l,0.0021156743640384852,0.0021156743640384852
GGTT_l,0.0021156743640384852,0.0021156743640384852
NGLYCANS4_c,0.002115674364038485,0.0021156743640384566
NGLYCANS5_c,0.002115674364038485,0.0021156743640384566
DOLDPP_c,0.002115674364038485,0.002115674364038428
DOLDPt_c_l,0.002115674364038485,0.002115674364038428
NGLYCANS7_c,0.002115674364038485,0.0021156743640384566
NGLYCANS1_c,0.002115674364038485,0.0021156743640384566
NGLYCANS2_c,0.002115674364038485,0.0021156743640384566
NGLYCANS3_c,0.002115674364038485,0.0021156743640384566
NGLYCANS6_c,0.002115674364038485,0.0021156743640384566
STCOAt_c_l,-1.8583208211631064e-05,0.002094628605084432
ANS_c,0.002067139807716621,0.0020671398080246337
ANPRT_c,0.002067139807716621,0.0020671398077324737
PRAIi_c,0.002067139807716621,0.0020671398076723725
IGPS_c,0.002067139807716621,0.0020671398076901326
TRPTRS_c,0.002067139807716621,0.002067139807716621
TRPS1_c,0.002067139807716621,0.002067139807690476
PRENT14_l,0.0018805994347008757,0.0018805994347008503
3OACE200_rm,0.001810632961652685,0.001810632961652685
ECOAR220_rm,0.0018106329616526847,0.001810632961652685
3OACR200_rm,0.001810632961652685,0.001810632961652685
3OACR220_rm,0.001810632961652685,0.001810632961652685
3OACE220_rm,0.001810632961652685,0.001810632961652685
ECOAR200_rm,0.0018106329616526847,0.001810632961652685
3HACD220_rm,0.001810632961652685,0.001810632961652685
3HACD200_rm,0.001810632961652685,0.001810632961652685
PRENT15_l,0.0016455245053632662,0.001645524505363244
LINOLNCOAt_c_l,-8.884322586097393e-06,0.0016268159614712002
LINOLNCOAt_c_rm,-0.0016268159611708547,8.884322712585914e-06
ACOADS182_rm,0.0016179316387481726,0.001617931638748172
3HACD240_rm,0.0014664054280533437,0.0014664054280533437
3OACE240_rm,0.0014664054280533437,0.0014664054280533437
ECOAR240_rm,0.0014664054280533437,0.0014664054280533437
3OACR240_rm,0.0014664054280533437,0.0014664054280533437
PRENT16_l,0.0014104495760256567,0.0014104495760256378
DGAT_rm,0.0,0.0012429537121903473
TAGt_l_rm,-0.0003615700991594986,0.001242953712154487
DAGt_c_l,-0.0003615700988474453,0.0012429537120081588
DGAT_l,0.0,0.001242953711932157
RNDR3_c,0.0007473732185028677,0.0012262344077920845
TTCCOAt_c_rm,-0.0011847772788698982,-0.00028162814918344557
PRENT17_l,0.0011753746466880472,0.0011753746466880315
PRENT18_l,0.0009402997173504376,0.0009402997173504253
TTCCOAt_c_l,-0.0009031491296791782,0.0
TAGt_c_rm,-0.0008813836125982328,-0.0008813836128814547
RNDR2_c,0.0007473732185028677,0.00074737321849698
NDPK7_c,0.0007473732185028677,0.0007473732181932924
NDPK5_c,0.0007473732185028677,0.0007473732182283754
PRENT19_l,0.0007052247880128282,0.000705224788012819
CO2t_c_r,-0.0005632562983669075,-0.0005632562983668911
3DSPHR_r,0.0005632562983668911,0.0005632562983668911
PAILt_gm_rm,-0.0005632562983668837,-0.0005632562983668911
IPCS_g,0.0005632562983668911,0.0005632562983668837
SERPT_r,0.0005632562983668911,0.0005632562983668911
SERt_c_r,0.0005632562983668911,0.0005632562983668837
compCER_r,0.0005632562983668911,0.0005632562983668837
DAGt_gm_rm,0.0005632562983668911,0.0005632562983668837
CERt_g_r,0.0005632562983668911,0.0005632562983668837
DHFRi_c,0.0004886859982700109,0.0004886859981882985
NDPK4_c,0.00047886118929709175,0.00047886118929355015
TMDS_c,0.00047886118929709175,0.0004788611892932223
DTMPK_c,0.00047886118929709175,0.0004788611892933142
RNDR1_c,0.0004788611892970916,0.00047886118928475163
DCMPDA_c,0.0,0.0004788611892939422
RNDR4_c,0.0,0.0004788611892934391
CYTK2_c,-0.00047886118926668275,0.0
NDPK6_c,0.0,0.0004788611891601846
DUTPDP_c,0.0,0.0004788611891585359
PRENT20_l,0.0004701498586752188,0.00047014985867521264
CYSTGL_c,0.0004550851531614081,0.0004550851510976145
CYSTS_c,0.0004550851531614081,0.0004550851510458989
2OBUTt_c_m,0.0004550851520734537,0.0004550851510917303
CYSTRS_c,0.0004452603426127246,0.0004452603426127187
PSt_c_rm,-0.00037167252341216124,-0.0003716725234121662
FALPDt_c_l,-0.00036157009938686535,0.0
H2Ot_c_l,0.0,0.0003615700993730986
FALPDt_c_rm,-0.00036157009929577985,0.0001014053149496763
PLAA2pc_rm,0.0,0.00036157009928419
TAGL_l,0.0,0.0003615700992806851
compFALPD_c,-0.0003615700991745907,-0.0002601647841558455
PDAGATpc_rm,-0.0003615700990608206,0.0
DOCOSCOAt_c_l,-0.00034815777835899817,3.930244759723181e-06
DOCOSCOAt_c_rm,-0.00034815777834918847,3.930244759723181e-06
HXCCOAt_c_rm,-0.00028162814918344557,-0.00028162814918344557
HXCCOAt_c_r,0.00028162814918344557,0.0002816281491834418
3OACE260_rm,0.00028162814918344557,0.00028162814918344557
TTCCOAt_c_r,0.00028162814918344557,0.0002816281491834418
3OACR260_rm,0.00028162814918344557,0.00028162814918344557
ECOAR260_rm,0.00028162814918344557,0.00028162814918344557
3HACD260_rm,0.00028162814918344557,0.00028162814918344557
CERS126_c,0.00014081407459172278,0.0002816281491834418
CERS124_c,0.00014081407459172278,0.0002816281491834418
PSPHS_r,0.0,0.00028162814918343803
uniDOLDP_l,0.0002350749293376094,0.00023507492933760632
PRENT21_l,0.0002350749293376094,0.00023507492933760632
GLYCt_c_l,0.0,0.00018078504969876175
DAGL_l,0.0,0.00018078504958411387
MAGL_l,0.0,0.00018078504958060626
DHAK_c,0.0,0.00018078504938171674
GLYCDy_c,0.0,0.00018078504915789405
GLYK_c,0.0,0.00018078504915308713
EX_zn2_e,-0.00015454424513014267,-0.0001545442451301447
ZN2t_c_e,0.0001545442451301447,0.00015454424513014267
CERH124A_r,0.0,0.0001408140745917209
CERS2A24_r,0.0,0.0001408140745917209
CERS2A26_r,0.0,0.0001408140745917209
CERH126A_r,0.0,0.0001408140745917209
ATPt_c_l,7.546650150469701e-06,0.00013717146225253606
AMPt_c_l,-0.00013717146200490558,0.0
AMPt_c_rm,-0.00013717146200142554,0.0
ATPt_c_rm,0.0,0.0001296248119716612
EX_ca2_e,-0.0001261505472009573,-0.0001261505472009573
CA2t_c_e,0.0001261505472009573,0.0001261505472009573
compFALPD_rm,-0.00010140531615299153,0.0
AKGDH_m,7.859847177629737e-05,7.85984719649524e-05
ALAS_m,7.859847177629737e-05,7.859847177629862e-05
5AOPt_c_m,-7.859847177629737e-05,-7.859847177629737e-05
EX_fe2_e,-7.496329245664361e-05,-7.496329245664361e-05
FE2t_c_e,7.496329245664361e-05,7.496329245664262e-05
FACOAL182_l,0.0,4.361287006243719e-05
LINOEAt_c_l,7.5466503745304475e-06,4.3612870049562075e-05
PPBNGS_1_c,3.9299235888148686e-05,3.9299235888148164e-05
RBFSa_c,3.9299235888148686e-05,3.92992358881485e-05
DB4PS_c,3.9299235888148686e-05,3.9299235888148686e-05
FACOAL182_rm,0.0,3.606622003253896e-05
FACOAL181_rm,0.0,3.421694382649276e-05
FACOAL181_l,0.0,3.421694382649276e-05
OCDCEAt_c_rm,-2.1003980971828804e-05,3.421694381718077e-05
OCDCEAt_c_l,0.0,3.421694370726869e-05
FACOAL160_l,0.0,2.79438721524361e-05
FACOAL160_rm,0.0,2.79438721524361e-05
HDCAt_c_l,0.0,2.7943872129117717e-05
HDCAt_c_rm,-1.7178060334241608e-05,2.794387212107924e-05
NACt_c_e,1.9649617945205478e-05,1.9649617944539344e-05
NADS2_c,1.9649617943651165e-05,1.964961794476139e-05
NAMNPP_c,1.9649617944206277e-05,1.964961794420281e-05
EX_nac_e,-1.964961794420307e-05,-1.96496179441924e-05
NNATi_c,1.964961794417852e-05,1.964961794397209e-05
GTPCII2_c,1.964961794407439e-05,1.964961794407382e-05
DRAPPRy_c,1.9649617944074343e-05,1.964961794407382e-05
DHPPDA2_c,1.9649617944074343e-05,1.9649617944074082e-05
RBFSb_c,1.9649617944074343e-05,1.964961794407425e-05
PMDPHT_c,1.9649617944074343e-05,1.9649617944074343e-05
FACOAL180_l,0.0,1.858320820961963e-05
OCDCAt_c_l,0.0,1.8583208195082422e-05
FACOAL180_rm,0.0,1.858320810149694e-05
OCDCAt_c_rm,-1.1439127681339263e-05,1.858320809629277e-05
EX_cu2_e,-1.1200282228122376e-05,-1.1200282228122376e-05
CU2t_c_e,1.1200282228122376e-05,1.1200282228122228e-05
ADPT_c,0.0,9.824809159172201e-06
UNK3_c,9.82480901361854e-06,9.824808964050793e-06
MDRPD_c,9.824808980485322e-06,9.824808960010415e-06
MTRI_c,9.824808979326173e-06,9.824808967335735e-06
DKMEOX_c,9.82480897848692e-06,9.824808964082052e-06
DKMPPH_c,9.82480897848692e-06,9.824808964082052e-06
MTAP_c,9.824808973672392e-06,9.82480896004964e-06
FOLt_c_e,9.824808972697119e-06,9.824808971575945e-06
FOLR_c,9.824808972697119e-06,9.824808971575945e-06
NADHK1_c,0.0,9.824808972602739e-06
EX_fol_e,-9.824808971822818e-06,-9.824808972475074e-06
PNTK_c,9.82480897215865e-06,9.824808972037219e-06
PPNCL2_c,9.82480897215865e-06,9.824808972042423e-06
PTPAT_c,9.824808972117884e-06,9.824808972042423e-06
PNTOtps_e,9.824808972103138e-06,9.824808972037219e-06
PPCDC_c,9.824808972103138e-06,9.824808972042423e-06
AFAT_c,9.824808972037219e-06,9.82480897203691e-06
FRDPt_c_m,9.824808972037171e-06,9.82480896782878e-06
PYDX5PS_c,9.824808972037171e-06,9.824808959946196e-06
CPPPGO_c,9.824808972037171e-06,9.824808972037171e-06
PPBNGD_c,9.824808972037171e-06,9.824808972037041e-06
EX_btn_c,-9.824808972037171e-06,-9.824808972037171e-06
UPPDC1_c,9.824808972037171e-06,9.824808972037171e-06
HOMOX_m,9.824808972037171e-06,9.824808965271797e-06
UPP3S_c,9.824808972037171e-06,9.824808972037171e-06
FE2t_c_m,9.824808972037171e-06,9.824808972037041e-06
RBFK_c,9.824808972037171e-06,9.824808972037126e-06
HEMEAt_c_m,9.824808972037171e-06,9.824808972037041e-06
HEMEOS_m,9.824808972037171e-06,9.824808972037041e-06
FCLT_m,9.824808972037171e-06,9.8248089649422e-06
SPMS_c,9.824808972037171e-06,9.824808964074088e-06
ORNDC_c,9.824808972037171e-06,9.824808965134754e-06
EX_thm_e,-9.824808972037041e-06,-9.824808972037171e-06
ADMDC_c,9.824808972037171e-06,9.824808965785276e-06
PPIt_c_m,-9.824808972037171e-06,-9.824808972037171e-06
PPPG9t_c_m,9.824808972037171e-06,9.824808972037041e-06
THMtps_e,9.824808972037171e-06,9.824808972037171e-06
EX_pnto__R_e,-9.824808971952217e-06,-9.824808971992116e-06
DPCOAK_c,9.824808971968697e-06,9.824808971921296e-06
ADD_c,2.817329702864413e-13,9.824808964042829e-06
PUNP5_c,-9.824808963988275e-06,-3.6648808987571613e-13
NADK_c,0.0,9.824808959724152e-06
PPM_c,-9.824808705583646e-06,-4.743080928015786e-13
TMDPK_c,0.0,9.824808462037143e-06
INSK_c,0.0,9.824808069677435e-06
MN2t_c_e,9.235320433714941e-06,9.235320433714941e-06
EX_mn2_e,-9.235320433714941e-06,-9.235320433714941e-06
FACOAL183_rm,0.0,8.884322477031859e-06
LINOLENt_c_l,0.0,8.884322472788725e-06
FACOAL183_l,0.0,8.884322365010355e-06
TTCOSAt_c_rm,-4.932253246323942e-06,0.0
PPPGO_m,4.912404486018586e-06,4.9124044860185205e-06
FACOAL220_rm,0.0,3.930244760155117e-06
FACOAL220_l,0.0,3.930244760118688e-06
DOCOSAt_c_rm,-1.901349707278399e-06,3.930244757454293e-06
DOCOSAt_c_l,0.0,3.930244757454293e-06
ACITL_c,0.0,-1.725403153685079e-11
GLCt_c_v,3.860245456621669e-12,0.0
ALPHNH_c,0.0,-3.3004710076056654e-12
AP4AH_c,0.0,-2.9061197892588098e-12
CITt_c_e,-2.6147972675971687e-12,0.0
FORt_c_m,0.0,-2.1804780203638074e-12
Ht_c_vm,2.7000623958883807e-13,-1.9327386913126077e-12
Ht_c_m,0.0,-1.9043169818822037e-12
CO2t_c_gm,-1.904223306814501e-12,0.0
Ht_c_gm,5.044853423896711e-13,-1.851026276700196e-12
PSD_gm,0.0,-1.6946773845338825e-12
PSD_vm,0.0,-1.6946773845338825e-12
ADK1_m,1.694644424787839e-12,-5.826450433232822e-13
AMPDA_c,0.0,-1.641988628398039e-12
MTHFC_m,0.0,-1.5445422718585178e-12
AMPATPt_c_x,0.0,-1.4871992526366284e-12
PSt_rm_vm,0.0,-1.4442093354549712e-12
PYRDC_c,0.0,-1.1852741010898171e-12
FTHFL_m,-1.0516032489249483e-12,0.0
ADK3_m,0.0,-1.0395729416190491e-12
CDPDAGS_mm,0.0,9.59550147672239e-13
ADPh_c,0.0,-9.52664162834349e-13
PLACpg_mm,0.0,9.521272659185342e-13
PYDAMK_c,0.0,-8.526512829121202e-13
FBP_c,0.0,-8.129885653573865e-13
PAIL3Pt_gm_vm,7.531752999057062e-13,0.0
PAIL3Pt_rm_vm,7.531752999057062e-13,0.0
PAIL4K_en,7.531752999057062e-13,0.0
PAIL45Pt_c_n,7.531752999057062e-13,0.0
PAIL45Pt_c_en,7.531752999057062e-13,0.0
GLCP_c,0.0,-7.454314943089457e-13
NDP3_c,0.0,-7.445389790805557e-13
RBK_c,0.0,-7.354117315117037e-13
NDP1_c,0.0,-7.301485804855901e-13
PPCK_c,0.0,-7.283063041541027e-13
SBP_c,0.0,-7.233935672701364e-13
PIt_c_rm,7.222512518612056e-13,0.0
MALt2_m,0.0,-7.185363415374013e-13
CS_x,0.0,-6.968869925572108e-13
ADPt_c_en,2.7355895326763857e-13,-6.907807659217724e-13
ALCD26xi_c,0.0,-6.890720632979352e-13
ORNTA_c,0.0,-6.832503313125571e-13
FUM_m,0.0,-6.739764996099851e-13
PEt_gm_rm,0.0,-6.661650397976615e-13
G6PDH2i_c,0.0,-6.452338663365254e-13
CO2t_c_vm,-6.216936687675201e-13,0.0
ADPh_m,0.0,-6.004086117172847e-13
ACRNt_c_m,0.0,-5.748734821509061e-13
TAGt_c_m,0.0,-5.692113447253178e-13
TAGL_m,0.0,-5.692113447253178e-13
DAGt_c_mm,-5.542233338928781e-13,0.0
PSt_gm_rm,5.329382768426427e-13,0.0
PAIL4Pt_c_en,5.293543381412746e-13,0.0
PAILt_en_rm,5.293543381412746e-13,0.0
CRNACRNt_c_m,0.0,5.26037546855207e-13
UREASE_c,0.0,-5.186961971048731e-13
ADPt_c_n,5.186961971048731e-13,0.0
URIK1_c,0.0,-5.186961971048731e-13
METB1_c,0.0,-5.173084183240917e-13
SERD_L_c,0.0,-5.169814229488701e-13
ALCD22xi_c,0.0,5.143038772636999e-13
ALCD22yi_c,0.0,5.143038772636999e-13
OAADC_c,0.0,-5.133671265866724e-13
URIK2_c,0.0,-5.132057973034065e-13
TMDK1_c,0.0,-5.115907697472721e-13
GTHRDt_c_v,5.115907697472721e-13,0.0
G3PT_c,0.0,-5.08535921706077e-13
GLUN_c,0.0,-5.051098428410228e-13
PAILt_n_rm,5.044853423896711e-13,0.0
PAIL35Pt_en_vm,5.044853423896711e-13,0.0
Ht_c_en,5.044853423896711e-13,0.0
PAIL35Pt_c_vm,5.044853423896711e-13,0.0
URIH_c,0.0,-5.009326287108706e-13
ALDD2y_c,0.0,5.004885395010206e-13
GTHRDtabc_v,0.0,-4.973799150320701e-13
DGK1_c,0.0,-4.973799150320701e-13
H2Ot_c_en,0.0,-4.973799150320701e-13
GNK_c,0.0,-4.973799150320701e-13
ATPt_c_n,0.0,-4.973799150320701e-13
H2Ot_c_gm,0.0,-4.973799150320701e-13
PROt_c_m,4.945124171262805e-13,-4.016596083511459e-13
CYTDK2_c,0.0,-4.933432135034721e-13
SERAT_c,0.0,-4.886490517774789e-13
ATPt_c_r,0.0,-4.867217739956686e-13
ATPt_c_gm,0.0,-4.867217739956686e-13
ATPt_c_en,4.050093593832571e-13,-4.867217739956686e-13
ATPATF1_c,0.0,-4.867217739956686e-13
ATPASEP2e_c,0.0,-4.867217739956686e-13
ATPASEV_v,0.0,-4.867217739956686e-13
MANNANt_c_r,4.296164118899881e-13,0.0
NTD3pp_c,0.0,-4.282268983857307e-13
HXAND_c,2.4174412471822393e-13,4.270681031037782e-13
DAGL_m,0.0,-4.2533045228193567e-13
GTPGDPtp_m,0.0,-4.1584964638463617e-13
GLYCt_c_m,0.0,-4.136274656119099e-13
PROD2_m,0.0,-4.016596083511459e-13
ORNCD_m,0.0,-3.9592461253956657e-13
ALDD2x_c,0.0,3.8813396940895473e-13
GTHRDt_c_e,0.0,-3.863576125695545e-13
HYPOE_c,0.0,-3.730349362740526e-13
ACOAD100f_m,3.725769692763947e-13,0.0
GLUSx_c,0.0,-3.694822225952521e-13
HDCOAt_c_l,3.665331926860915e-13,0.0
PYNP2r_c,2.6645352591003757e-13,-3.6434744110636075e-13
PMPK_c,0.0,-3.6273761772065427e-13
SUCOAS_m,0.0,-3.422262473407045e-13
THRA_c,0.0,-3.4158786910154504e-13
PCt_en_rm,3.355024591478184e-13,0.0
MAGL_m,0.0,-3.311795282456842e-13
ACt_c_m,0.0,2.938709253155411e-13
PEt_rm_vm,2.9135374668420866e-13,0.0
LALDO3_c,0.0,-2.874089854998374e-13
LCADi_c,0.0,-2.874089854998374e-13
TMPPP_c,0.0,-2.822186928597148e-13
TMPK_c,0.0,-2.822186928597148e-13
TMN_c,0.0,-2.822186928597148e-13
HDCEAt_c_rm,0.0,-2.807129528825669e-13
NDP7_c,0.0,-2.7747248942944225e-13
DURIK1_c,0.0,-2.7711166694643907e-13
GLCGSD_v,0.0,-2.7555735471196385e-13
GLCGSD_c,0.0,-2.7555735471196385e-13
NTP3_c,0.0,-2.75173980823773e-13
NTD4pp_c,0.0,-2.75173980823773e-13
HDCEAt_c_l,0.0,-2.736422064419583e-13
ADPt_c_r,2.7355895326763857e-13,0.0
ADPt_c_vm,2.7355895326763857e-13,0.0
NDPK9_c,0.0,-2.7355895326763857e-13
ADPt_c_gm,2.7355895326763857e-13,0.0
NDP4_c,0.0,-2.7355895326763857e-13
NDP5_c,0.0,-2.733846135583029e-13
XPPT_c,0.0,-2.70984623629289e-13
PIt_c_en,2.7000623958883807e-13,0.0
HEX4_c,0.0,-2.686340733193404e-13
ATPt_c_vm,0.0,-2.6645352591003757e-13
SBPP2_r,0.0,-2.6645352591003757e-13
SBPP1_r,0.0,-2.6645352591003757e-13
PIt_c_vm,2.6645352591003757e-13,0.0
DCYTD_c,0.0,-2.6645352591003757e-13
PIt_c_gm,2.6645352591003757e-13,0.0
H2Ot_c_x,0.0,-2.6623148130511254e-13
CRNAT60_x,2.6451063561694355e-13,0.0
H2Ot_c_vm,0.0,-2.6290081223123707e-13
H2Ot_c_v,0.0,-2.6134649999676185e-13
PPIt_c_x,2.5990321006474915e-13,0.0
URIDK2i_c,0.0,-2.5947576335824674e-13
PI3PP_c,0.0,-2.5934809855243657e-13
PI4PP_c,0.0,-2.5934809855243657e-13
PI35P5P_vm,0.0,-2.5934809855243657e-13
PI4PP_rm,0.0,-2.5934809855243657e-13
PI4P5K_n,0.0,-2.5934809855243657e-13
PI3P5K_vm,0.0,-2.5934809855243657e-13
PI45P5P_en,0.0,-2.5934809855243657e-13
PI3PP_en,0.0,-2.5934809855243657e-13
PI4PP_gm,0.0,-2.5934809855243657e-13
PI4P5K_en,0.0,-2.5934809855243657e-13
PI3PP_gm,0.0,-2.5934809855243657e-13
PIt_r_rm,0.0,-2.5934809855243657e-13
PI3PP_rm,0.0,-2.5934809855243657e-13
PI45P5P_c,0.0,-2.5934809855243657e-13
PI4PP_en,0.0,-2.5934809855243657e-13
PYDXNO_c,0.0,-2.585924638483228e-13
FACOAE80_x,0.0,-2.58043586498502e-13
FACOAE160_x,0.0,-2.58043586498502e-13
FACOAE181_x,0.0,-2.58043586498502e-13
TTDCAt_c_rm,0.0,-2.579464419838473e-13
TTDCAt_c_x,2.568847912165495e-13,0.0
URIDK2_n,0.0,-2.5592304967944624e-13
PLADpc_en,0.0,-2.54978330116451e-13
FACOAE120_c,0.0,-2.544908728197015e-13
ATPHs_c,0.0,-2.5444230056237416e-13
TTDCAt_l_rm,0.0,-2.5438331996419095e-13
UPPRT_c,0.0,-2.5437638107028704e-13
LLFC2O_c,0.0,-2.53408405370692e-13
HDCOAt_c_rm,2.5293309113827434e-13,0.0
COAt_c_x,0.0,-2.5165980410690736e-13
DDCACOAt_c_l,2.506259089152252e-13,0.0
DDCACOAt_c_rm,2.506259089152252e-13,0.0
ADNCYC_c,0.0,-2.4930318226479287e-13
FACOAE182_c,0.0,-2.4874737957359533e-13
FACOAE140_c,0.0,-2.487177130916507e-13
FACOAE183_x,0.0,-2.487177130916507e-13
FACOAE161_c,0.0,-2.487177130916507e-13
FACOAE161_x,0.0,-2.487177130916507e-13
FACOAE180_x,0.0,-2.487177130916507e-13
FACOAE182_x,0.0,-2.487177130916507e-13
PACCOAL_x,0.0,-2.4859975189528427e-13
PACCOAE_x,0.0,-2.4859975189528427e-13
FACOAE160_c,0.0,-2.4858134078714275e-13
CHOLK_c,0.0,-2.477081040286322e-13
CHLPCTD_c,0.0,-2.477081040286322e-13
CHOLPT_rm,0.0,-2.477081040286322e-13
CHOLt_c_en,0.0,-2.477081040286322e-13
TDCOAt_c_l,2.467193116473254e-13,0.0
TDCOAt_c_rm,2.467193116473254e-13,0.0
ACRNt_c_x,0.0,-2.4513724383723456e-13
CDPCHOLt_c_rm,0.0,-2.4370956641650565e-13
DHAPt_c_m,0.0,-2.3714363805993344e-13
ETFOXRq9_m,0.0,-2.3447910280083306e-13
G3PDf_m,0.0,-2.2661733600770617e-13
GLYCOGENt_c_v,0.0,-2.2493118478905672e-13
CRNOAT_m,0.0,-2.244454622157832e-13
CRNt_c_m,0.0,-2.244454622157832e-13
CITICITta_m,0.0,-2.2293278334473143e-13
CMPt_m_mm,2.2006181599198982e-13,0.0
GLYC3Pt_c_m,0.0,-2.0095036745715333e-13
GTHP_c,0.0,-1.9317880628477724e-13
PGCPH_c,0.0,1.9184653865522705e-13
THMP_c,0.0,-1.900701818158268e-13
NDP10_c,0.0,-1.9003895679325922e-13
NDPDA1_c,0.0,-1.9003895679325922e-13
PAt_mm_rm,1.8118839761882555e-13,0.0
MALS_c,0.0,-1.7785772854495008e-13
ME2_c,0.0,1.7763568394002505e-13
DDCAt_c_x,1.7497114868092467e-13,0.0
FACOA120tabc_x,0.0,-1.7486012637846216e-13
FACOA140tabc_x,0.0,-1.7370133109650965e-13
ID3ACALDt_c_e,1.723066134218243e-13,0.0
FORt_c_e,1.7125898274386944e-13,0.0
MI1PP_c,0.0,-1.7089064538455823e-13
2PHETOHt_c_e,1.7053025658242404e-13,0.0
EX_for_e,0.0,-1.6948276820600433e-13
XANt_c_e,1.678969937797363e-13,0.0
IND3ETHt_c_m,1.652011860642233e-13,0.0
G6PDA_c,0.0,-1.6437545768965833e-13
PLACpail_c,0.0,-1.6422410306637936e-13
EX_ser__L_e,0.0,1.6275869541004795e-13
PCOATA140_c,1.566594076685135e-13,0.0
MANNANH_c,0.0,-1.547373340571312e-13
DOLPMMT_r,0.0,-1.530164883689622e-13
ACOAO160_x,0.0,-1.4827028493868966e-13
FACOAE180_c,0.0,-1.4636010028175502e-13
FACOAE183_c,0.0,-1.4635346293158033e-13
CITMALta_x,0.0,-1.4257345304358182e-13
FACOAL181_x,0.0,-1.412203687323199e-13
ALCD23xi_c,0.0,-1.410260797030105e-13
ALCD23yi_c,0.0,-1.410260797030105e-13
DUMPt_c_n,0.0,-1.3855583347321954e-13
DUDPt_c_n,1.3690714143962945e-13,0.0
FACOAL180_x,0.0,-1.3677947663381929e-13
CYTD_c,0.0,-1.358435933185298e-13
PDE1_c,0.0,-1.3489816902412244e-13
FACOAL140_x,0.0,-1.3389289676979388e-13
FACOAL161_l,0.0,-1.3389289676979388e-13
FACOAL120_c,0.0,-1.3328227410625004e-13
FACOAE181_c,0.0,-1.331060099380582e-13
DCTPD_c,0.0,-1.330990439391e-13
AGTi_c,0.0,-1.3233858453531866e-13
FACOAL160_x,0.0,-1.3133938381315602e-13
FACOAL120_l,0.0,-1.3128387266192476e-13
DDCAt_l_rm,0.0,-1.3128387266192476e-13
FACOAL120_rm,0.0,-1.3128387266192476e-13
PI35P5P_en,0.0,-1.2967404927621828e-13
PI35P5P_c,0.0,-1.2967404927621828e-13
CRNAT120_x,1.259478632498201e-13,0.0
PGL_c,0.0,-1.2254086634300165e-13
SO3t_c_e,0.0,-1.2127798765249054e-13
LGTHL_c,0.0,-1.1834977442504169e-13
RLFC2O_m,0.0,-1.1657341758564144e-13
CAT_x,0.0,-1.1506073871458966e-13
CRN40t_c_m,0.0,-1.1376490027803499e-13
CRN40t_c_x,0.0,-1.1376490027803499e-13
ACACT180i_x,0.0,-1.13464793116691e-13
KYN_c,0.0,-1.1308662339892805e-13
EAR80y_m,0.0,-1.1295131496780186e-13
SSALy_c,0.0,-1.1250549103447582e-13
TRDOXt_c_x,1.0909871096809187e-13,0.0
TRDRDt_c_x,0.0,-1.0865462175824181e-13
ABTA_c,0.0,-1.0673233130642501e-13
PYDXNOR_c,1.0658141036401503e-13,0.0
FACOA160tabc_x,0.0,-1.056932319443149e-13
MTHFD_m,0.0,-1.0524914273446484e-13
CTPt_m_mm,0.0,-1.0263317973269181e-13
CRNAT80_m,1.0145356776902759e-13,0.0
GLUDC_c,0.0,-1.0080825063596421e-13
DM_5mta_c,0.0,-6.06117125890801e-15
EX_tag_c,0.0,-2.382534274036896e-15
NGLYCANS10_r,0.0,0.0
THYMDt_c_e,0.0,0.0
IAMACt_c_e,0.0,0.0
IAMOHt_c_e,0.0,0.0
IAMOHt_c_m,0.0,0.0
IBTALDt_c_e,0.0,0.0
IBTALDt_c_m,0.0,0.0
IBUTACt_c_e,0.0,0.0
IBUTOHt_c_e,0.0,0.0
IBUTOHt_c_m,0.0,0.0
SPHINGSt_c_e,0.0,0.0
SPHGLpK_r,0.0,0.0
ICL_1_c,0.0,0.0
ICOSCOAt_c_en,0.0,0.0
ICOSCOAt_c_rm,0.0,0.0
SPHGAT181_c,0.0,0.0
ID3ACALDt_c_m,0.0,0.0
SLCBK1_r,0.0,0.0
SHSL1_c,0.0,0.0
SHCHF_c,0.0,0.0
ILETA_c,0.0,0.0
SHCHD2_c,0.0,0.0
SFGTHi_c,0.0,0.0
ILETRS_m,0.0,0.0
SERtps_e,0.0,0.0
SDPDS_c,0.0,0.0
SBTLt_c,0.0,0.0
ILEtps_v,0.0,0.0
SPHPL_r,0.0,0.0
SPMDAT_c,0.0,0.0
SPMDtpa_e,0.0,0.0
SUCCt_c_e,0.0,0.0
THRA2_c,0.0,0.0
THIORDXi_x,0.0,0.0
THIORDXi_n,0.0,0.0
THIORDXi_m,0.0,0.0
THFGLUS_c,0.0,0.0
THFAT_m,0.0,0.0
TDPDRR_c,0.0,0.0
TCHOLAtabc_v,0.0,0.0
TAURt_c_e,0.0,0.0
TAUDO_c,0.0,0.0
SULFOX2_c,0.0,0.0
SUCR_e,0.0,0.0
SUCCt2_m,0.0,0.0
SPMDtpa_v,0.0,0.0
STEHz181_rm,0.0,0.0
STEHz181_en,0.0,0.0
STEHz161_rm,0.0,0.0
STEHz161_en,0.0,0.0
STATg_rm,0.0,0.0
SRBt_c_e,0.0,0.0
SQLEx_r,0.0,0.0
SPRMtpa_v,0.0,0.0
SPRMtpa_e,0.0,0.0
SPRMS_c,0.0,0.0
Ht_c_x,0.0,0.0
SPRMAT_c,0.0,0.0
SBTDt_c,0.0,0.0
SBTD_L_c,0.0,0.0
IND3ACt_c_m,0.0,0.0
KYNAT2_c,0.0,0.0
IPT_g,0.0,0.0
RADHx_m,0.0,0.0
QULNt_c_m,0.0,0.0
ITCOAL_m,0.0,0.0
QUINt_c_e,0.0,0.0
QUINDH_c,0.0,0.0
QUILSYN_c,0.0,0.0
Q9OR_m,0.0,0.0
Q9MT2_m,0.0,0.0
KYN3OX_c,0.0,0.0
Q9MT1_m,0.0,0.0
Q9MO_m,0.0,0.0
Q9H2t_c_m,0.0,0.0
RAFH_e,0.0,0.0
Q9H2t_c_e,0.0,0.0
PYRtps_e,0.0,0.0
PYRDC2_c,0.0,0.0
Kt_c_m,0.0,0.0
PYDXO_c,0.0,0.0
PYDXNK_c,0.0,0.0
LACDtps_c,0.0,0.0
PYDXK_c,0.0,0.0
PYDX5Pt_c_e,0.0,0.0
PYAM5PO_c,0.0,0.0
LACLtps_c,0.0,0.0
PUNP3_m,0.0,0.0
IPPYP4_c,0.0,0.0
RBFK_m,0.0,0.0
IND3ETHt_c_e,0.0,0.0
RNDR1_n,0.0,0.0
SBTD_D2_c,0.0,0.0
INDPYRD_c,0.0,0.0
INO3GALT_c,0.0,0.0
INOSHP3H_v,0.0,0.0
INOSHPt_c_n,0.0,0.0
SALCMOX_x,0.0,0.0
RNMK_c,0.0,0.0
RNDR4_n,0.0,0.0
INSt_c_e,0.0,0.0
RNDR3_n,0.0,0.0
IPCt_g_r,0.0,0.0
RNDR2_n,0.0,0.0
IPDPt_c_m,0.0,0.0
IPPYP3_c,0.0,0.0
IPK2_n,0.0,0.0
IPK3_n,0.0,0.0
IPK4_n,0.0,0.0
IPK5_n,0.0,0.0
RLFC2O_c,0.0,0.0
RIBt_c_e,0.0,0.0
RIBFLVt_c_m,0.0,0.0
RHMND2_c,0.0,0.0
RDH_c,0.0,0.0
RBK_D_c,0.0,0.0
IPPYP1_c,0.0,0.0
IPPYP2_c,0.0,0.0
THRtps_e,0.0,0.0
THZPSN1_c,0.0,0.0
PUNP3_c,0.0,0.0
XYLTt_c_e,0.0,0.0
HEX7_c,0.0,0.0
HEX7b_c,0.0,0.0
HGENDO_c,0.0,0.0
HIBH_m,0.0,0.0
HIBTD_c,0.0,0.0
ZYM161t_en_rm,0.0,0.0
ZEAEPOX2_c,0.0,0.0
ZEAEPOX1_c,0.0,0.0
YUMPS_c,0.0,0.0
XYLt_c_e,0.0,0.0
XYLURy_c,0.0,0.0
XYLURx_c,0.0,0.0
XYLTOR_c,0.0,0.0
ZYM181t_en_rm,0.0,0.0
XYLRy_c,0.0,0.0
XYLK_c,0.0,0.0
XYLI2_c,0.0,0.0
XYLI1_c,0.0,0.0
XU5PFGT_x,0.0,0.0
XTSNt_c_e,0.0,0.0
HISTRS_m,0.0,0.0
HISt_c_m,0.0,0.0
HIStpa_v,0.0,0.0
HKYNH_c,0.0,0.0
HLYSMT_m,0.0,0.0
XAND_c,0.0,0.0
ZYM161t_l_rm,0.0,0.0
HETZK_c,0.0,0.0
THZPSN2_c,0.0,0.0
HCYSMT_c,0.0,0.0
HACD80i_m,0.0,0.0
HACD80i_x,0.0,0.0
HACDm40_c,0.0,0.0
tpscu2_c_m,0.0,0.0
compFALPD_mm,0.0,0.0
compFALPD_m,0.0,0.0
HCITS_n,0.0,0.0
compFALPD_en,0.0,0.0
compCER_m,0.0,0.0
HCO3E_m,0.0,0.0
compCER_g,0.0,0.0
compACYLCOA_x,0.0,0.0
HDCAt_c_e,0.0,0.0
ZYM181t_l_rm,0.0,0.0
HDCAt_c_en,0.0,0.0
compACYLCOA_r,0.0,0.0
HDCAt_c_mm,0.0,0.0
compACYLCOA_m,0.0,0.0
HDCEAt_c_e,0.0,0.0
HDCEAt_c_en,0.0,0.0
compACYLCOA_c,0.0,0.0
ZYMSTt_l_rm,0.0,0.0
ZYMSTt_c_rm,0.0,0.0
HDCOAt_c_mm,0.0,0.0
ZYMSTt_c_en,0.0,0.0
ZYMSTATer_RT_rm,0.0,0.0
VANLLOX_x,0.0,0.0
VALtps_e,0.0,0.0
VALTRS_m,0.0,0.0
TREH_v,0.0,0.0
TRPt_c_m,0.0,0.0
TRPTRS_m,0.0,0.0
TRPTA_c,0.0,0.0
HXANt_c_e,0.0,0.0
TRPO2_c,0.0,0.0
HXAt_c_e,0.0,0.0
HXAt_c_x,0.0,0.0
TRPDC_c,0.0,0.0
TROPNDH_c,0.0,0.0
TREtps_e,0.0,0.0
TREt_c_v,0.0,0.0
HXCAt_c_e,0.0,0.0
HXCAt_c_rm,0.0,0.0
HMGCOAS_m,0.0,0.0
HXCAt_en_rm,0.0,0.0
TRE6PS_c,0.0,0.0
TRE6PP_c,0.0,0.0
TRDR_m,0.0,0.0
HXCAt_l_rm,0.0,0.0
HXCAt_r_rm,0.0,0.0
HXCCOAt_c_en,0.0,0.0
HXCCOAt_c_l,0.0,0.0
TORULNOXi_c,0.0,0.0
TMLYSOX_m,0.0,0.0
TMDPPK_c,0.0,0.0
TMABADH_m,0.0,0.0
TTCCOAt_c_en,0.0,0.0
TTCOSAt_c_e,0.0,0.0
TTCOSAt_c_l,0.0,0.0
TTDCAt_c_e,0.0,0.0
HMGCOAt_c_m,0.0,0.0
UTPt_c_m,0.0,0.0
UTPUMPtp_m,0.0,0.0
URO_c,0.0,0.0
HMPK1_c,0.0,0.0
URItps_e,0.0,0.0
URAtps_e,0.0,0.0
HOMt_c_e,0.0,0.0
HPPK2_m,0.0,0.0
HPRORy_c,0.0,0.0
HQLOR_c,0.0,0.0
UPP3MT_2_c,0.0,0.0
UMPt_c_n,0.0,0.0
UMPK_n,0.0,0.0
UDPGLDC_c,0.0,0.0
UDPGD_c,0.0,0.0
UDPGALt_c_g,0.0,0.0
UDPG4E_c,0.0,0.0
TYRtps_v,0.0,0.0
TYRt_c_x,0.0,0.0
TYRt_c_m,0.0,0.0
TYRTRS_m,0.0,0.0
TYRTAi_x,0.0,0.0
TYRTA_m,0.0,0.0
TYRCBOX_x,0.0,0.0
LACt_c_m,0.0,0.0
PTRCtpa_v,0.0,0.0
NFTYROX_c,0.0,0.0
OCTAt_c_e,0.0,0.0
ORNN5MOX_c,0.0,0.0
MI1Pt_c_r,0.0,0.0
OPAH_c,0.0,0.0
MIP2Ct_g_r,0.0,0.0
MIPCS_g,0.0,0.0
MIPCt_g_r,0.0,0.0
OMCDC_m,0.0,0.0
MOBDt_c_e,0.0,0.0
MPYRCNST_c,0.0,0.0
OGLYCANS_B3GAT1_r,0.0,0.0
ODECOAt_c_mm,0.0,0.0
OCTAt_c_x,0.0,0.0
OCOAT1_m,0.0,0.0
MI13456Pt_c_n,0.0,0.0
OCDCEAt_c_en,0.0,0.0
OCDCEAt_c_e,0.0,0.0
OCDCAt_c_mm,0.0,0.0
OCDCAt_c_en,0.0,0.0
MTMOHT_m,0.0,0.0
OCDCAt_c_e,0.0,0.0
MUCOCI_c,0.0,0.0
MUCOCI_e,0.0,0.0
OAR3_m,0.0,0.0
NADDP_x,0.0,0.0
OAR2_c,0.0,0.0
OAR1_c,0.0,0.0
MI134PPH_c,0.0,0.0
MHPGLUT_c,0.0,0.0
NADHK1_m,0.0,0.0
PAIL3K_vm,0.0,0.0
PAPt_c,0.0,0.0
MDLDH_x,0.0,0.0
PAP_vm,0.0,0.0
PAP_rm,0.0,0.0
PAN4Pt_c_m,0.0,0.0
PAILt_rm_vm,0.0,0.0
MERLACOR_c,0.0,0.0
PAIL4Pt_en_rm,0.0,0.0
PAIL4K_vm,0.0,0.0
PAIL4K_n,0.0,0.0
PAIL4K_gm,0.0,0.0
PAIL45Pt_en_rm,0.0,0.0
PAFH_c,0.0,0.0
MGSA_c,0.0,0.0
PADAH_c,0.0,0.0
METTRS_m,0.0,0.0
METt_c_m,0.0,0.0
METtps_e,0.0,0.0
PACt_c_x,0.0,0.0
PACCOAE_c,0.0,0.0
PACALDt_c_m,0.0,0.0
PACALDt_c_e,0.0,0.0
P5CD2_m,0.0,0.0
MEVt_c_e,0.0,0.0
ORNtps_e,0.0,0.0
MGCH_m,0.0,0.0
OAAtps_m,0.0,0.0
OAAt_c_e,0.0,0.0
PTRCtpa_e,0.0,0.0
NDPK10_c,0.0,0.0
NCAMt_c_n,0.0,0.0
NNDPR_c,0.0,0.0
NNAM_c,0.0,0.0
NMNt_c_x,0.0,0.0
NMNt_c_n,0.0,0.0
NDP3_g,0.0,0.0
NMNt_c_e,0.0,0.0
NITRy_c,0.0,0.0
NITRx_c,0.0,0.0
NDP7_g,0.0,0.0
NITROPP_c,0.0,0.0
NDPDA2_c,0.0,0.0
NI2t_c_e,0.0,0.0
NAtpa_c,0.0,0.0
NGLYCANS9_r,0.0,0.0
NGLYCANS8_r,0.0,0.0
NGLYCANS19_g,0.0,0.0
NGLYCANS18_r,0.0,0.0
NGLYCANS17_r,0.0,0.0
NGLYCANS16_r,0.0,0.0
NGLYCANS15_r,0.0,0.0
NGLYCANS14_r,0.0,0.0
NGLYCANS13_r,0.0,0.0
NGLYCANS12_r,0.0,0.0
NGLYCANS11_r,0.0,0.0
NFORTYR2t_c_e,0.0,0.0
NNDPR_m,0.0,0.0
NAMNPP_m,0.0,0.0
NADHq9_c,0.0,0.0
NTD6pp_c,0.0,0.0
O2t_c_x,0.0,0.0
NTPDA2_c,0.0,0.0
NADK_m,0.0,0.0
NADN_n,0.0,0.0
NTP7_c,0.0,0.0
NTP5_c,0.0,0.0
NTP4_c,0.0,0.0
NTP10_c,0.0,0.0
NADPHt_c_x,0.0,0.0
NTD8_c,0.0,0.0
NADPt_c_e,0.0,0.0
NTD7pp_c,0.0,0.0
NTD5_c,0.0,0.0
NNMT_c,0.0,0.0
NTD2pp_c,0.0,0.0
NTD1pp_c,0.0,0.0
NADPt_c_x,0.0,0.0
NTD10pp_c,0.0,0.0
NOX_c,0.0,0.0
NADS2_n,0.0,0.0
NADt1_m,0.0,0.0
NADt2_m,0.0,0.0
NADt3_m,0.0,0.0
NADt_c_e,0.0,0.0
NADt_c_m,0.0,0.0
NO3t_c_e,0.0,0.0
PAPt_c_m,0.0,0.0
PAt_en_rm,0.0,0.0
MCOATA_m,0.0,0.0
LPCAT_mm,0.0,0.0
PLACmip2c_r,0.0,0.0
LIPOCT_m,0.0,0.0
PLACmip2c_m,0.0,0.0
PLACipc_r,0.0,0.0
PLACipc_m,0.0,0.0
PLAA2pe_mm,0.0,0.0
PLAA2pe_en,0.0,0.0
PLAA2pc_mm,0.0,0.0
PLAA2pc_en,0.0,0.0
PLAA1lpe_mm,0.0,0.0
PLAA1lpe_en,0.0,0.0
LPAP_vm,0.0,0.0
PLAA1lpc_rm,0.0,0.0
PLACmipc_r,0.0,0.0
LPIAT_rm,0.0,0.0
LSERDHi_c,0.0,0.0
PLAA1lpc_mm,0.0,0.0
LTA4H2_c,0.0,0.0
LTA4H2_n,0.0,0.0
LTA4H3_c,0.0,0.0
LTA4H3_n,0.0,0.0
LTA4H_c,0.0,0.0
LTA4H_n,0.0,0.0
LYSN6MOX_c,0.0,0.0
PLAA1lpc_en,0.0,0.0
LYSt_c_m,0.0,0.0
PLACmipc_m,0.0,0.0
PLACpail45p_c,0.0,0.0
PAt_gm_rm,0.0,0.0
PREN9DPt_c_l,0.0,0.0
PTRCAT1_c,0.0,0.0
PSt_en_rm,0.0,0.0
PSt_c_m,0.0,0.0
LANOSTt_c_e,0.0,0.0
LANOSTt_c_rm,0.0,0.0
LANOSTt_l_rm,0.0,0.0
PSPHPL_r,0.0,0.0
PRPPt_c_m,0.0,0.0
LCYSTAT_c,0.0,0.0
LDH_L_x,0.0,0.0
PROtps_e,0.0,0.0
PREN9DPt_c_m,0.0,0.0
PPTT_m,0.0,0.0
PLACpail45p_n,0.0,0.0
PPIt_m_mm,0.0,0.0
PPGPPDP_c,0.0,0.0
LEUTA_m,0.0,0.0
PPAt_c_m,0.0,0.0
PPAt_c_e,0.0,0.0
POLYAO3_c,0.0,0.0
POLYAO2_c,0.0,0.0
LEUtps_v,0.0,0.0
POLYAO1_c,0.0,0.0
PNP_c,0.0,0.0
PMI1346PS_c,0.0,0.0
PMI12346PS_c,0.0,0.0
LYStpa_v,0.0,0.0
LYStps_e,0.0,0.0
M1PS_c,0.0,0.0
MCITS_m,0.0,0.0
PGPS_mm,0.0,0.0
HACD60i_m,0.0,0.0
PGPP_mm,0.0,0.0
MANt_c_g,0.0,0.0
MANtps_e,0.0,0.0
PGLYCP_c,0.0,0.0
PGAMT_c,0.0,0.0
PEtabc_m,0.0,0.0
MASCBRx_c,0.0,0.0
MCCC_m,0.0,0.0
PEt_l_rm,0.0,0.0
MCITL2_m,0.0,0.0
PEt_en_rm,0.0,0.0
MACACI_c,0.0,0.0
PENDPt_c_m,0.0,0.0
PDX5POi_c,0.0,0.0
PDE5_c,0.0,0.0
PDE4_c,0.0,0.0
PDE3_c,0.0,0.0
PDE2_c,0.0,0.0
PDAGATpe_rm,0.0,0.0
PCt_mm_rm,0.0,0.0
PCt_l_rm,0.0,0.0
PCLAD_c,0.0,0.0
PBAL_c,0.0,0.0
PAt_rm_vm,0.0,0.0
PGS_x,0.0,0.0
PGt_c_m,0.0,0.0
PHACRDC1_c,0.0,0.0
MANNANH_e,0.0,0.0
PKETF_c,0.0,0.0
PIt_m_mm,0.0,0.0
PIt_c_v,0.0,0.0
MALOAAta_x,0.0,0.0
PHYTOES_c,0.0,0.0
PHYTOED5_c,0.0,0.0
PHYTOED4_c,0.0,0.0
MALT_c,0.0,0.0
MALTtps_e,0.0,0.0
PHYTOED3_c,0.0,0.0
MALt_c_e,0.0,0.0
PHYTOED2_c,0.0,0.0
PHYTOED1_c,0.0,0.0
PHEtps_e,0.0,0.0
PHEt_c_m,0.0,0.0
MANNAN14H_c,0.0,0.0
PHETRS_m,0.0,0.0
PHETA1_m,0.0,0.0
PHEN2MOXy_c,0.0,0.0
PHEACt_c_e,0.0,0.0
PHCHGS_m,0.0,0.0
PHCD_m,0.0,0.0
PHACRDC4_c,0.0,0.0
PHACRDC3_c,0.0,0.0
PHACRDC2_c,0.0,0.0
HACD60i_x,0.0,0.0
12AMANTF_g,0.0,0.0
HACD40y_c,0.0,0.0
BTS1_m,0.0,0.0
CAROMOX2_c,0.0,0.0
CAROMOX1_c,0.0,0.0
CAROL3_c,0.0,0.0
CAROL2_c,0.0,0.0
CAROL1_c,0.0,0.0
C5STDS_c,0.0,0.0
C24STR_r,0.0,0.0
C22STDSy_c,0.0,0.0
BZHYOX_r,0.0,0.0
BZHYOX_c,0.0,0.0
BUTt_c_x,0.0,0.0
BUTt_c_e,0.0,0.0
BTS1_c,0.0,0.0
AKP1_c,0.0,0.0
BTDt_c_e,0.0,0.0
BTDDH_c,0.0,0.0
BIOMASS_xyl_hybrid,0.0,0.0
BIOMASS_PinheiroEtAl2020,0.0,0.0
BIOMASS_MFA_NO_GAM,0.0,0.0
BIOMASS_MFA,0.0,0.0
BIOMASS_RBA,0.0,0.0
BETALDHx_x,0.0,0.0
BBOX_m,0.0,0.0
BACCL_c,0.0,0.0
AVNORy_c,0.0,0.0
ATHRDHr_c,0.0,0.0
CATDOX_c,0.0,0.0
CATOX_e,0.0,0.0
CAT_c,0.0,0.0
CBL_c,0.0,0.0
CLAH3_mm,0.0,0.0
CLAH1_mm,0.0,0.0
CITt3_m,0.0,0.0
CITICTta_x,0.0,0.0
CITCOAL_c,0.0,0.0
CHTNH_v,0.0,0.0
CHTNH_e,0.0,0.0
CHTNDA_c,0.0,0.0
CHRPL_c,0.0,0.0
CHOLtps_e,0.0,0.0
CHOLD_c,0.0,0.0
CHLSTI2_c,0.0,0.0
CHITOSNSE_c,0.0,0.0
CFCOAMT_c,0.0,0.0
CERH326_r,0.0,0.0
CERH324_r,0.0,0.0
CERH2A26_r,0.0,0.0
CERH2A24_r,0.0,0.0
CERH126B_r,0.0,0.0
CERH124B_r,0.0,0.0
CEPHSCOX_x,0.0,0.0
CELLBH_e,0.0,0.0
CDPt_c_n,0.0,0.0
CDPEAt_c_rm,0.0,0.0
CBMHL_c,0.0,0.0
ATAH_c,0.0,0.0
ASPtps_v,0.0,0.0
ASPtps_e,0.0,0.0
ANNAT_n,0.0,0.0
AMPt_c_n,0.0,0.0
AMID_c,0.0,0.0
AMETt_c_m,0.0,0.0
AMETt_c_e,0.0,0.0
AMAOTr_c,0.0,0.0
ALLTTt_c,0.0,0.0
ALLTNt_c,0.0,0.0
ALLTN_c,0.0,0.0
ALDD22x_c,0.0,0.0
ALDD20y_m,0.0,0.0
ALDD20y_c,0.0,0.0
ALDD20x_m,0.0,0.0
ALCD2i2_m,0.0,0.0
ALCD2i2_c,0.0,0.0
ALCD2i1_c,0.0,0.0
ALCD26xi_m,0.0,0.0
ALCD25yi_c,0.0,0.0
ALCD25xi_m,0.0,0.0
ALCD25xi_c,0.0,0.0
ALCD24yi_c,0.0,0.0
ALCD24xi_m,0.0,0.0
ALCD24xi_c,0.0,0.0
ALCD23xi_m,0.0,0.0
ALCD22xi_m,0.0,0.0
ALCD19y_c,0.0,0.0
ANNAT_c,0.0,0.0
AOBUTDs_c,0.0,0.0
ASPTA_x,0.0,0.0
AOXS_c,0.0,0.0
ASPTA4_c,0.0,0.0
ASPGLUt_c_x,0.0,0.0
ASNtps_v,0.0,0.0
ASNtpa_v,0.0,0.0
ASNt_c_m,0.0,0.0
ASNTRS_m,0.0,0.0
ASNN_e,0.0,0.0
ASCBOX_c,0.0,0.0
ARSO4H_c,0.0,0.0
AROHL_c,0.0,0.0
ARMT_c,0.0,0.0
ARGtps_m,0.0,0.0
ARGtps_e,0.0,0.0
ARGtpa_v,0.0,0.0
ARGN_c,0.0,0.0
ARAK_c,0.0,0.0
ARAI2_c,0.0,0.0
ARACHt_c_rm,0.0,0.0
ARACHt_c_e,0.0,0.0
ARABRy_c,0.0,0.0
ARABLt_c,0.0,0.0
ARABDt_c,0.0,0.0
ARAB1Dx_c,0.0,0.0
ARAB14LO_x,0.0,0.0
ARAB14LO_c,0.0,0.0
CLPNS_mm,0.0,0.0
CLt_c_e,0.0,0.0
CMBOLHcis_c,0.0,0.0
DNMPPA_c,0.0,0.0
DM_gcald_c,0.0,0.0
DIPS_c,0.0,0.0
DINt_c_e,0.0,0.0
DHPTt_c_m,0.0,0.0
DHPTS_m,0.0,0.0
DHPM2_c,0.0,0.0
DHNPTt_c_m,0.0,0.0
DHNPA2i_m,0.0,0.0
DHFt_c_m,0.0,0.0
DHFS_1_c,0.0,0.0
DHFRi_m,0.0,0.0
DHAPt_c_x,0.0,0.0
DHAD2_c,0.0,0.0
DHAD1_c,0.0,0.0
DGSNt_c_e,0.0,0.0
DGPP_vm,0.0,0.0
DGLCND5H_c,0.0,0.0
DGLCND3H_c,0.0,0.0
DGDPt_c_n,0.0,0.0
DESAT18_2_rm,0.0,0.0
DECOAR82e_x,0.0,0.0
DECOAR103e_x,0.0,0.0
DECOAR102d_x,0.0,0.0
DECOAI82e_x,0.0,0.0
DDPA_m,0.0,0.0
DNADt_c_n,0.0,0.0
DNTPPA_c,0.0,0.0
DDCAt_c_e,0.0,0.0
DNTP_c,0.0,0.0
ECOAH121d_x,0.0,0.0
ECOAH121a_x,0.0,0.0
ECOAH121a_m,0.0,0.0
ECOAH120_x,0.0,0.0
ECOAH120_m,0.0,0.0
ECOAH101e_x,0.0,0.0
ECOAH100_x,0.0,0.0
ECOAH100_m,0.0,0.0
EAR60y_m,0.0,0.0
EAR40y_m,0.0,0.0
E4Pt_c_m,0.0,0.0
E4HGLUt_c_x,0.0,0.0
E4HGLUt_c_m,0.0,0.0
DXHPSq9_c,0.0,0.0
DURIt_c_e,0.0,0.0
DTTPt_c,0.0,0.0
DRBK_c,0.0,0.0
DPR_c,0.0,0.0
DPGT_c,0.0,0.0
DPGM_c,0.0,0.0
DOLK_c,0.0,0.0
DOLGLCPt_c_r,0.0,0.0
DOLDPt_c_r,0.0,0.0
DOCOSCOAt_c_en,0.0,0.0
DOCOSAt_c_e,0.0,0.0
DDCAt_c_rm,0.0,0.0
DCYTt_c_e,0.0,0.0
CMBOLHtrans_c,0.0,0.0
CRNOAT_x,0.0,0.0
CRNCARt_c_x,0.0,0.0
CRNAT80_x,0.0,0.0
CRNAT60_m,0.0,0.0
CRNAT40_x,0.0,0.0
CRNAT40_m,0.0,0.0
CRNAT120_m,0.0,0.0
CRNAT100_x,0.0,0.0
CRNAT100_m,0.0,0.0
CRN80t_c_x,0.0,0.0
CRN80t_c_m,0.0,0.0
CRN60t_c_x,0.0,0.0
CRN60t_c_m,0.0,0.0
CRN120t_c_x,0.0,0.0
CRN120t_c_m,0.0,0.0
CRN100t_c_x,0.0,0.0
CRN100t_c_m,0.0,0.0
CPLSPNEST_e,0.0,0.0
COBALT2t_c_e,0.0,0.0
COAt_c_n,0.0,0.0
COAt_c_mm,0.0,0.0
COAt_c_m,0.0,0.0
CO2t_c_x,0.0,0.0
CMUCOC_c,0.0,0.0
CMPN_c,0.0,0.0
CMPA_c,0.0,0.0
CRNOAT_c,0.0,0.0
CRNt_c_x,0.0,0.0
DCDPt_c_n,0.0,0.0
CSND_c,0.0,0.0
DCAt_c_x,0.0,0.0
DCAt_c_e,0.0,0.0
DBTS_c,0.0,0.0
DAOpro_x,0.0,0.0
DAOorn_x,0.0,0.0
DAOgly_x,0.0,0.0
DAOarg_x,0.0,0.0
DAOala_x,0.0,0.0
DAO4hpro_x,0.0,0.0
DANNt_c_e,0.0,0.0
DAGt_c_n,0.0,0.0
DAG3Pabct_c_m,0.0,0.0
DADt_c_e,0.0,0.0
DADPt_c_n,0.0,0.0
DADK_c,0.0,0.0
DADA_c,0.0,0.0
CYTDtps_e,0.0,0.0
CYStps_e,0.0,0.0
CYSS_c,0.0,0.0
CYSItps_v,0.0,0.0
CTPt2_m,0.0,0.0
CTPS1_c,0.0,0.0
CTPCMPt_c_m,0.0,0.0
CSNtps_e,0.0,0.0
CSNPURt_c_e,0.0,0.0
ALAtps_e,0.0,0.0
AKGt_c_x,0.0,0.0
HACD40i_x,0.0,0.0
6DPMIPPH_c,0.0,0.0
ACACT101ei_x,0.0,0.0
ACACT100i_x,0.0,0.0
ACACT100i_m,0.0,0.0
ABUTD_m,0.0,0.0
ABTt_c_e,0.0,0.0
ABTLD_c,0.0,0.0
ABTDt_c_e,0.0,0.0
ABTD4Dy_c,0.0,0.0
ABTD4Dx_c,0.0,0.0
ABTD2Dy_c,0.0,0.0
ABTD2Dx_c,0.0,0.0
AACTOOR_c,0.0,0.0
5FTHFt_c_e,0.0,0.0
AKGt_c_n,0.0,0.0
5AOPtps_e,0.0,0.0
4MOPR_m,0.0,0.0
4HTHRS_c,0.0,0.0
4HPPR_c,0.0,0.0
4HPPCL_c,0.0,0.0
4HPLH_c,0.0,0.0
4HPEOR_c,0.0,0.0
4HGLSD_m,0.0,0.0
4HBZt_c_m,0.0,0.0
4HBZNPT_m,0.0,0.0
4HBZF_c,0.0,0.0
4HBZCOAS_c,0.0,0.0
ACACT120i_m,0.0,0.0
ACACT120i_x,0.0,0.0
ACACT121ai_m,0.0,0.0
ACACT121ai_x,0.0,0.0
ACACT200i_x,0.0,0.0
ACACT200i_m,0.0,0.0
ACACT183i_x,0.0,0.0
ACACT182i_x,0.0,0.0
ACACT181ai_x,0.0,0.0
ACACT181ai_m,0.0,0.0
ACACT180i_m,0.0,0.0
ACACT163i_x,0.0,0.0
ACACT162i_x,0.0,0.0
ACACT161bi_x,0.0,0.0
ACACT161bi_m,0.0,0.0
ACACT161ai_x,0.0,0.0
ACACT161ai_m,0.0,0.0
ACACT160i_x,0.0,0.0
ACACT160i_m,0.0,0.0
ACACT143i_x,0.0,0.0
ACACT142i_x,0.0,0.0
ACACT141bi_x,0.0,0.0
ACACT141bi_m,0.0,0.0
ACACT141ai_x,0.0,0.0
ACACT141ai_m,0.0,0.0
ACACT140i_x,0.0,0.0
ACACT140i_m,0.0,0.0
ACACT122ei_x,0.0,0.0
ACACT121di_x,0.0,0.0
4H2OGLTt_c_x,0.0,0.0
4H2OGLTt_c_m,0.0,0.0
4DPMIPPH_c,0.0,0.0
3HBRDH_c,0.0,0.0
3HAO_c,0.0,0.0
3HAD80_m,0.0,0.0
3HAD60_m,0.0,0.0
3HAD40_m,0.0,0.0
3DHSKD_c,0.0,0.0
3C4MOPt_c_m,0.0,0.0
3C3HMPt_c_m,0.0,0.0
3C3HMPt_c_e,0.0,0.0
2PHETOHt_c_m,0.0,0.0
2OSUCAH_c,0.0,0.0
2OGMAH_c,0.0,0.0
2MBTOHt_c_m,0.0,0.0
2MBTOHt_c_e,0.0,0.0
2MBALDt_c_m,0.0,0.0
2MBALDt_c_e,0.0,0.0
2MBACt_c_e,0.0,0.0
2DOXG6PP_c,0.0,0.0
2DHPt_c_m,0.0,0.0
2DDA7Pt_c_m,0.0,0.0
1MLCLAT_mm,0.0,0.0
1AGPEt_l_rm,0.0,0.0
1AGPCt_l_rm,0.0,0.0
14DMLANOSTt_c_e,0.0,0.0
14BMANTF_c,0.0,0.0
13BGH_e,0.0,0.0
3HBHYOX_c,0.0,0.0
3HCINNMH_c,0.0,0.0
4CMCOAL_x,0.0,0.0
3HPPPNH_c,0.0,0.0
4CMCOAL_c,0.0,0.0
4AMPMS_c,0.0,0.0
4ABZt_c_m,0.0,0.0
4ABZt_c_e,0.0,0.0
4ABUTtps_e,0.0,0.0
4ABUTt_c_m,0.0,0.0
4ABUTNt_c_m,0.0,0.0
3OAR80_m,0.0,0.0
3OAR60_m,0.0,0.0
3OAR40_m,0.0,0.0
3OADPCOAT_m,0.0,0.0
3NPDHMT_m,0.0,0.0
3NPDHBZH_m,0.0,0.0
3NP4H5MOBCL_m,0.0,0.0
3MOPt_c_e,0.0,0.0
3MOPR_m,0.0,0.0
3MOPDC_c,0.0,0.0
3MOBR_m,0.0,0.0
3MOBDC_c,0.0,0.0
3MLCLAT_mm,0.0,0.0
3MBALDt_c_m,0.0,0.0
3MBALDt_c_e,0.0,0.0
3IPM3MT_c,0.0,0.0
3INDACNLAH_c,0.0,0.0
3HXPHBt_c_m,0.0,0.0
ACACT220i_m,0.0,0.0
ACACT220i_x,0.0,0.0
ACACT240i_m,0.0,0.0
ACONIs_c,0.0,0.0
ACOAO82e_x,0.0,0.0
ACOAO80_x,0.0,0.0
ACOAO60_x,0.0,0.0
ACOAO40_x,0.0,0.0
ACOAO260_x,0.0,0.0
ACOAO240_x,0.0,0.0
ACOAO220_x,0.0,0.0
ACOAO200_x,0.0,0.0
ACOAO183_x,0.0,0.0
ACOAO182_x,0.0,0.0
ACOAO181a_x,0.0,0.0
ACOAO180_x,0.0,0.0
ACOAO163_x,0.0,0.0
ACOAO162_x,0.0,0.0
ACOAO161b_x,0.0,0.0
ACOAO161a_x,0.0,0.0
ACOAO143_x,0.0,0.0
ACOAO142_x,0.0,0.0
ACOAO141b_x,0.0,0.0
ACOAO141a_x,0.0,0.0
ACOAO140_x,0.0,0.0
ACOAO121a_x,0.0,0.0
ACOAO120_x,0.0,0.0
ACOAO102e_x,0.0,0.0
ACOAO101d_x,0.0,0.0
ACOATA_m,0.0,0.0
ACONIs_m,0.0,0.0
ACOADm50f_m,0.0,0.0
ACONMT_c,0.0,0.0
AKGt_c_e,0.0,0.0
AHSERL_c,0.0,0.0
AHMMPS4_c,0.0,0.0
AHGDf_m,0.0,0.0
AHCYSt_c_m,0.0,0.0
AGMT_e,0.0,0.0
AFLTXNB2S_c,0.0,0.0
AFLTXNB1S_c,0.0,0.0
AEPI2_c,0.0,0.0
AEPI1_c,0.0,0.0
ADPRDP_m,0.0,0.0
ADPATPt_c_x,0.0,0.0
ADNtps_e,0.0,0.0
ADEtps_e,0.0,0.0
ADEt_c_m,0.0,0.0
ADCS_c,0.0,0.0
ADCL_c,0.0,0.0
ADA_c,0.0,0.0
ACt_c_n,0.0,0.0
ACt_c_e,0.0,0.0
ACS_n,0.0,0.0
ACRNAH_x,0.0,0.0
ACPCS_c,0.0,0.0
ACP1_e,0.0,0.0
ACONT2_m,0.0,0.0
ACOAO100_x,0.0,0.0
ACOADm40f_m,0.0,0.0
ACACT240i_x,0.0,0.0
ACOAD101df_x,0.0,0.0
ACHLE3_c,0.0,0.0
ACHLE2_c,0.0,0.0
ACHLE1_c,0.0,0.0
ACHAH_e,0.0,0.0
ACHAH_c,0.0,0.0
ACGS_m,0.0,0.0
ACGAM6S2_r,0.0,0.0
ACGAM6S1_r,0.0,0.0
ACEST1_x,0.0,0.0
ACEST1_m,0.0,0.0
ACCOAt_c_r,0.0,0.0
ACCOAt_c_n,0.0,0.0
ACCOATsucpp_m,0.0,0.0
ACCOATsucac_m,0.0,0.0
ACALDt_c_m,0.0,0.0
ACALDt_c_e,0.0,0.0
ACALDCD_c,0.0,0.0
ACACT80i_x,0.0,0.0
ACACT80i_m,0.0,0.0
ACACT60i_x,0.0,0.0
ACACT60i_m,0.0,0.0
ACACT40i_x,0.0,0.0
ACACT40i_m,0.0,0.0
ACACT260i_x,0.0,0.0
ACACT260i_m,0.0,0.0
ACOAD100f_x,0.0,0.0
ACOAD102ef_x,0.0,0.0
ACOADm30f_m,0.0,0.0
ACOAD120f_m,0.0,0.0
ACOADS182_3_rm,0.0,0.0
ACOADS160_rm,0.0,0.0
ACOAD82ef_x,0.0,0.0
ACOAD80f_x,0.0,0.0
ACOAD80f_m,0.0,0.0
ACOAD60f_x,0.0,0.0
ACOAD60f_m,0.0,0.0
ACOAD40f_x,0.0,0.0
ACOAD40f_m,0.0,0.0
ACOAD183f_x,0.0,0.0
ACOAD182f_x,0.0,0.0
ACOAD181af_x,0.0,0.0
ACOAD180f_x,0.0,0.0
ACOAD163f_x,0.0,0.0
ACOAD162f_x,0.0,0.0
ACOAD161bf_x,0.0,0.0
ACOAD161af_x,0.0,0.0
ACOAD160f_x,0.0,0.0
ACOAD143f_x,0.0,0.0
ACOAD142f_x,0.0,0.0
ACOAD141bf_x,0.0,0.0
ACOAD141af_x,0.0,0.0
ACOAD140f_x,0.0,0.0
ACOAD121af_x,0.0,0.0
ACOAD120f_x,0.0,0.0
ECOAH122e_x,0.0,0.0
ECOAH140_m,0.0,0.0
ECOAH140_x,0.0,0.0
FTHFCL_c,0.0,0.0
G5SADr_m,0.0,0.0
G3PIt_c_en,0.0,0.0
G3PIt_c_e,0.0,0.0
G3PD1i_x,0.0,0.0
G3PD1i_m,0.0,0.0
G3PCt_c_en,0.0,0.0
G3PCt_c_e,0.0,0.0
G00011t_g_r,0.0,0.0
G00006t_c_r,0.0,0.0
FUMt_c_e,0.0,0.0
FUMACACH_m,0.0,0.0
FUMACACH_c,0.0,0.0
FRUtps_e,0.0,0.0
ECOAH141b_m,0.0,0.0
FRUK_c,0.0,0.0
FRTT_c,0.0,0.0
FRMDH_c,0.0,0.0
FRMDAH_c,0.0,0.0
FRD_c,0.0,0.0
FOLR_m,0.0,0.0
FOLD3_m,0.0,0.0
FMNRx_c,0.0,0.0
FMNRx2_c,0.0,0.0
FMNAT_m,0.0,0.0
FMETTRS_m,0.0,0.0
FKYNH_c,0.0,0.0
G6PE_c,0.0,0.0
GALKi_c,0.0,0.0
GALOX_e,0.0,0.0
GALtps_e,0.0,0.0
GENERIC_hCATION1_gm,0.0,0.0
GENERIC_hCATION1_g,0.0,0.0
GENERIC_hCATION1_en,0.0,0.0
GENERIC_hCATION1_e,0.0,0.0
GENERIC_hCATION1_c,0.0,0.0
GENERIC_fe3feCATION_e,0.0,0.0
GENERIC_fe3feCATION_c,0.0,0.0
GENERIC_fe2metal2_m,0.0,0.0
GENERIC_fe2metal2_e,0.0,0.0
GENERIC_fe2metal2_c,0.0,0.0
GENERIC_fe2feCATION_m,0.0,0.0
GENERIC_fe2feCATION_e,0.0,0.0
GENERIC_fe2feCATION_c,0.0,0.0
GENERIC_cu2metal2_e,0.0,0.0
GENERIC_cu2metal2_c,0.0,0.0
GENERIC_cobalt2metal2_e,0.0,0.0
GENERIC_cobalt2metal2_c,0.0,0.0
GENERIC_ca2metal2_e,0.0,0.0
GENERIC_ca2metal2_c,0.0,0.0
GDPt_c_n,0.0,0.0
GDPMANt_c_g,0.0,0.0
GCALDt_c_m,0.0,0.0
GCALDt_c_e,0.0,0.0
GBBOX_c,0.0,0.0
GAM6Pt_c,0.0,0.0
FER_c,0.0,0.0
FECPOR_m,0.0,0.0
FECOSTt_l_rm,0.0,0.0
FACOAL220_en,0.0,0.0
FACOAL200_rm,0.0,0.0
FACOAL200_l,0.0,0.0
FACOAL200_en,0.0,0.0
FACOAL183_x,0.0,0.0
FACOAL182_x,0.0,0.0
FACOAL161_x,0.0,0.0
FACOAL161_rm,0.0,0.0
FACOAL140_rm,0.0,0.0
FACOAL140_l,0.0,0.0
FACOAL120_x,0.0,0.0
FACOAL100_x,0.0,0.0
FACOAL100_c,0.0,0.0
FACOAE60_x,0.0,0.0
FACOAE40_x,0.0,0.0
FACOAE140_x,0.0,0.0
FACOAE120_x,0.0,0.0
FACOAE100_x,0.0,0.0
FACOA260tabc_x,0.0,0.0
FACOA240tabc_x,0.0,0.0
FACOA220tabc_x,0.0,0.0
FACOA200tabc_x,0.0,0.0
FACOA183tabc_x,0.0,0.0
FACOA182tabc_x,0.0,0.0
FACOA181tabc_x,0.0,0.0
FACOA180tabc_x,0.0,0.0
FACOAL200_x,0.0,0.0
FACOAL220_x,0.0,0.0
FECOSTt_c_rm,0.0,0.0
FACOAL240_en,0.0,0.0
FE3t_c_rm,0.0,0.0
FE3t_c_m,0.0,0.0
FE3t_c_e,0.0,0.0
FE2t_c_rm,0.0,0.0
FBP2_c,0.0,0.0
FBA3_c,0.0,0.0
FBA2_c,0.0,0.0
FALPDt_c_mm,0.0,0.0
FALPDt_c_m,0.0,0.0
FALPDt_c_en,0.0,0.0
FALDH_c,0.0,0.0
FADt_c_m,0.0,0.0
FADH2t_c_m,0.0,0.0
FACOAL80_x,0.0,0.0
FACOAL80_c,0.0,0.0
FACOAL60_c,0.0,0.0
FACOAL40o_x,0.0,0.0
FACOAL40_c,0.0,0.0
FACOAL260_x,0.0,0.0
FACOAL260_rm,0.0,0.0
FACOAL260_l,0.0,0.0
FACOAL260_en,0.0,0.0
FACOAL240_x,0.0,0.0
FACOAL240_rm,0.0,0.0
FACOAL240_l,0.0,0.0
GENERIC_hCATION1_l,0.0,0.0
GENERIC_hCATION1_m,0.0,0.0
GENERIC_hCATION1_mm,0.0,0.0
HACD122ei_x,0.0,0.0
HACD121ai_x,0.0,0.0
HACD121ai_m,0.0,0.0
HACD120i_x,0.0,0.0
HACD120i_m,0.0,0.0
HACD101ei_x,0.0,0.0
HACD100i_x,0.0,0.0
HACD100i_m,0.0,0.0
H2Ot_c_mm,0.0,0.0
H2Ot_c_g,0.0,0.0
H2O2t_c_n,0.0,0.0
GUAtps_e,0.0,0.0
GUAt_c_m,0.0,0.0
GUAPRT_c,0.0,0.0
GUAD_1_c,0.0,0.0
GTPDPDP_c,0.0,0.0
GTPCI_c,0.0,0.0
GTMLT_c,0.0,0.0
GTHS_c,0.0,0.0
GTHP_m,0.0,0.0
GTHO_m,0.0,0.0
GTHO_c,0.0,0.0
GTHOXt_c,0.0,0.0
GSNt_c_m,0.0,0.0
GSNt_c_e,0.0,0.0
GSNK_c,0.0,0.0
HACD121di_x,0.0,0.0
HACD140i_m,0.0,0.0
GND_c,0.0,0.0
HACD140i_x,0.0,0.0
HACD40i_m,0.0,0.0
HACD260i_x,0.0,0.0
HACD240i_x,0.0,0.0
HACD220i_x,0.0,0.0
HACD200i_x,0.0,0.0
HACD183i_x,0.0,0.0
HACD182i_x,0.0,0.0
HACD181ai_x,0.0,0.0
HACD181ai_m,0.0,0.0
HACD180i_x,0.0,0.0
HACD180i_m,0.0,0.0
HACD163i_x,0.0,0.0
HACD162i_x,0.0,0.0
HACD161bi_x,0.0,0.0
HACD161bi_m,0.0,0.0
HACD161ai_x,0.0,0.0
HACD161ai_m,0.0,0.0
HACD160i_x,0.0,0.0
HACD160i_m,0.0,0.0
HACD143i_x,0.0,0.0
HACD142i_x,0.0,0.0
HACD141bi_x,0.0,0.0
HACD141bi_m,0.0,0.0
HACD141ai_x,0.0,0.0
HACD141ai_m,0.0,0.0
GPIA8b_r,0.0,0.0
GMAND_c,0.0,0.0
GENERIC_hCATION1_n,0.0,0.0
GENERIC_zn2metal2_e,0.0,0.0
GENERIC_shemeheme_c,0.0,0.0
GENERIC_phemeheme_m,0.0,0.0
GENERIC_ni2metal2_e,0.0,0.0
GENERIC_ni2metal2_c,0.0,0.0
GENERIC_na1CATION1_e,0.0,0.0
GENERIC_na1CATION1_c,0.0,0.0
GENERIC_mn2mg2ormn2_e,0.0,0.0
GENERIC_mn2mg2ormn2_c,0.0,0.0
GENERIC_mn2metal2_e,0.0,0.0
GENERIC_mn2metal2_c,0.0,0.0
GENERIC_mg2mg2ormn2_e,0.0,0.0
GENERIC_mg2mg2ormn2_c,0.0,0.0
GENERIC_mg2metal2_e,0.0,0.0
GENERIC_mg2metal2_c,0.0,0.0
GENERIC_kCATION1_m,0.0,0.0
GENERIC_kCATION1_e,0.0,0.0
GENERIC_kCATION1_c,0.0,0.0
GENERIC_hemeOheme_m,0.0,0.0
GENERIC_hemeAheme_m,0.0,0.0
GENERIC_hemeAheme_c,0.0,0.0
GENERIC_hCATION1_x,0.0,0.0
GENERIC_hCATION1_vm,0.0,0.0
GENERIC_hCATION1_v,0.0,0.0
GENERIC_hCATION1_rm,0.0,0.0
GENERIC_hCATION1_r,0.0,0.0
GENERIC_zn2metal2_c,0.0,0.0
GGTT_c,0.0,0.0
GLYtps_e,0.0,0.0
GHMT3_m,0.0,0.0
GLYOX_m,0.0,0.0
GLYOX_c,0.0,0.0
GLYGS_c,0.0,0.0
GLYCtps_e,0.0,0.0
GLYCK_c,0.0,0.0
GLYC3Pt_m_mm,0.0,0.0
GLYC3Pt_c_x,0.0,0.0
GLYAT_c,0.0,0.0
GLXt_c_x,0.0,0.0
GLXt_c_e,0.0,0.0
GLUtps_v,0.0,0.0
GLUtps_e,0.0,0.0
GLUt_c_n,0.0,0.0
GLUTRS_m,0.0,0.0
GLUTCOADH_m,0.0,0.0
GLUR_c,0.0,0.0
GLUN_e,0.0,0.0
GLUCYS_c,0.0,0.0
GLNtps_v,0.0,0.0
GLNtpa_v,0.0,0.0
GLNt_c_n,0.0,0.0
GLCtps_e,0.0,0.0
GLCt_c_r,0.0,0.0
GLCNtps_e,0.0,0.0
GLCDx_c,0.0,0.0
FACOA161tabc_x,0.0,0.0
F1PP_c,0.0,0.0
EX_zymst_e,0.0,0.0
EX_abt__L_e,0.0,0.0
EX_Nfortyr2_e,0.0,0.0
EX_8aonn_e,0.0,0.0
EX_5fthf_e,0.0,0.0
EX_5aop_e,0.0,0.0
EX_4abz_e,0.0,0.0
EX_4abut_e,0.0,0.0
EX_3mop_e,0.0,0.0
EX_3mbald_e,0.0,0.0
EX_3c3hmp_e,0.0,0.0
EX_2phetoh_e,0.0,0.0
EX_2mbtoh_e,0.0,0.0
EX_2mbald_e,0.0,0.0
EX_2mbac_e,0.0,0.0
EX_14dmlanost_e,0.0,0.0
EX_13BDglucan_e,0.0,0.0
ETOHt_c_m,0.0,0.0
ETOHt_c_e,0.0,0.0
ETNO2OX_c,0.0,0.0
ETHAt_c_e,0.0,0.0
ETHAPT_rm,0.0,0.0
ETHAK_c,0.0,0.0
ETFOXRq9_c,0.0,0.0
ETACt_c_e,0.0,0.0
ERGTETROLt_c_r,0.0,0.0
ERGTETROLt_c_e,0.0,0.0
EX_abt__D_e,0.0,0.0
EX_ac_e,0.0,0.0
ERGSTt_c_r,0.0,0.0
EX_acald_e,0.0,0.0
EX_cytd_e,0.0,0.0
EX_cys__L_e,0.0,0.0
EX_csn_e,0.0,0.0
EX_crn_e,0.0,0.0
EX_cobalt2_e,0.0,0.0
EX_cl_e,0.0,0.0
EX_cit_e,0.0,0.0
EX_chol_e,0.0,0.0
EX_cellb_e,0.0,0.0
EX_caro_c,0.0,0.0
EX_but_e,0.0,0.0
EX_btd_e,0.0,0.0
EX_asp__L_e,0.0,0.0
EX_asn__L_e,0.0,0.0
EX_arg__L_e,0.0,0.0
EX_arach_e,0.0,0.0
EX_arab__L_e,0.0,0.0
EX_arab__D_e,0.0,0.0
EX_amet_e,0.0,0.0
EX_alltt_e,0.0,0.0
EX_alltn_e,0.0,0.0
EX_ala__L_e,0.0,0.0
EX_akg_e,0.0,0.0
EX_adn_e,0.0,0.0
EX_ade_e,0.0,0.0
ERGSTt_c_rm,0.0,0.0
ERGSTt_c_l,0.0,0.0
EX_dann_e,0.0,0.0
ECOAH60_x,0.0,0.0
ECOAH40_x,0.0,0.0
ECOAH40_m,0.0,0.0
ECOAH260_x,0.0,0.0
ECOAH240_x,0.0,0.0
ECOAH220_x,0.0,0.0
ECOAH200_x,0.0,0.0
ECOAH183_x,0.0,0.0
ECOAH182_x,0.0,0.0
ECOAH181a_x,0.0,0.0
ECOAH181a_m,0.0,0.0
ECOAH180_x,0.0,0.0
ECOAH180_m,0.0,0.0
ECOAH163_x,0.0,0.0
ECOAH162_x,0.0,0.0
ECOAH161c_x,0.0,0.0
ECOAH161c_m,0.0,0.0
ECOAH161b_x,0.0,0.0
ECOAH161b_m,0.0,0.0
ECOAH160_x,0.0,0.0
ECOAH160_m,0.0,0.0
ECOAH143_x,0.0,0.0
ECOAH142_x,0.0,0.0
ECOAH141c_x,0.0,0.0
ECOAH141c_m,0.0,0.0
ECOAH141b_x,0.0,0.0
ECOAH60_m,0.0,0.0
ECOAH80_m,0.0,0.0
ERGSTt_c_en,0.0,0.0
ECOAH80_x,0.0,0.0
ERGSTt_c_e,0.0,0.0
ERGSTGLCT_c,0.0,0.0
ERGSTESTt_l_rm,0.0,0.0
ERGSTESTt_c_rm,0.0,0.0
EPISTt_l_rm,0.0,0.0
EPISTt_c_rm,0.0,0.0
EPISTt_c_e,0.0,0.0
EPGALURS_e,0.0,0.0
EGHLAT_x,0.0,0.0
EGHLAT_m,0.0,0.0
EGHLAT_c,0.0,0.0
ECOAR142_x,0.0,0.0
ECOAR122_x,0.0,0.0
ECOAI82e_x,0.0,0.0
ECOAI81e_x,0.0,0.0
ECOAI142c_x,0.0,0.0
ECOAI141a_x,0.0,0.0
ECOAI123e_x,0.0,0.0
ECOAI122d_x,0.0,0.0
ECOAI122c_x,0.0,0.0
ECOAI121b_x,0.0,0.0
ECOAI121a_x,0.0,0.0
ECOAI102e_x,0.0,0.0
ECOAI101d_x,0.0,0.0
ECOAI101a_x,0.0,0.0
EX_dad_2_e,0.0,0.0
EX_dca_e,0.0,0.0
EX_xylt_e,0.0,0.0
EX_q9h2_e,0.0,0.0
EX_pydxn_e,0.0,0.0
EX_pydx5p_e,0.0,0.0
EX_ptrc_e,0.0,0.0
EX_pro__L_e,0.0,0.0
EX_ppa_e,0.0,0.0
EX_pheac_e,0.0,0.0
EX_phe__L_e,0.0,0.0
EX_pectin_e,0.0,0.0
EX_pap_e,0.0,0.0
EX_pacald_e,0.0,0.0
EX_orn_e,0.0,0.0
EX_octa_e,0.0,0.0
EX_ocdcea_e,0.0,0.0
EX_ocdca_e,0.0,0.0
EX_oaa_e,0.0,0.0
EX_nmn_e,0.0,0.0
EX_ni2_e,0.0,0.0
EX_nadp_e,0.0,0.0
EX_nad_e,0.0,0.0
EX_na1_e,0.0,0.0
EX_mobd_e,0.0,0.0
EX_mmet_e,0.0,0.0
EX_mev__R_e,0.0,0.0
EX_met__L_e,0.0,0.0
EX_melib_e,0.0,0.0
EX_pyr_e,0.0,0.0
EX_raffin_e,0.0,0.0
EX_malt_e,0.0,0.0
EX_rib__D_e,0.0,0.0
EX_xyl__D_e,0.0,0.0
EX_xtsn_e,0.0,0.0
EX_xan_e,0.0,0.0
EX_val__L_e,0.0,0.0
EX_uri_e,0.0,0.0
EX_ura_e,0.0,0.0
EX_tyr__L_e,0.0,0.0
EX_ttdca_e,0.0,0.0
EX_ttcosa_e,0.0,0.0
EX_trp__L_e,0.0,0.0
EX_tre_e,0.0,0.0
EX_thymd_e,0.0,0.0
EX_thr__L_e,0.0,0.0
EX_thmpp_e,0.0,0.0
EX_thmmp_e,0.0,0.0
EX_taur_e,0.0,0.0
EX_sucr_e,0.0,0.0
EX_succ_e,0.0,0.0
EX_srb__L_e,0.0,0.0
EX_sprm_e,0.0,0.0
EX_spmd_e,0.0,0.0
EX_so3_e,0.0,0.0
EX_sbt__L_e,0.0,0.0
EX_sbt__D_e,0.0,0.0
EX_ribflv_e,0.0,0.0
EX_man_e,0.0,0.0
EX_mal__L_e,0.0,0.0
EX_dcyt_e,0.0,0.0
EX_glx_e,0.0,0.0
EX_gln__L_e,0.0,0.0
EX_gcald_e,0.0,0.0
EX_gam6p_e,0.0,0.0
EX_galur_e,0.0,0.0
EX_gal_e,0.0,0.0
EX_g3pi_e,0.0,0.0
EX_g3pc_e,0.0,0.0
EX_fum_e,0.0,0.0
EX_fru_e,0.0,0.0
EX_fmn_e,0.0,0.0
EX_fecost_e,0.0,0.0
EX_fe3_e,0.0,0.0
EX_fald_e,0.0,0.0
EX_etoh_e,0.0,0.0
EX_etha_e,0.0,0.0
EX_etac_e,0.0,0.0
EX_ergtetrol_e,0.0,0.0
EX_ergst_e,0.0,0.0
EX_epist_e,0.0,0.0
EX_duri_e,0.0,0.0
EX_dttp_e,0.0,0.0
EX_docosa_e,0.0,0.0
EX_din_e,0.0,0.0
EX_dgsn_e,0.0,0.0
EX_ddca_e,0.0,0.0
EX_glu__L_e,0.0,0.0
EX_gly_e,0.0,0.0
EX_lys__L_e,0.0,0.0
EX_glyc_e,0.0,0.0
EX_leu__L_e,0.0,0.0
EX_lanost_e,0.0,0.0
EX_lac__L_e,0.0,0.0
EX_lac__D_e,0.0,0.0
EX_ins_e,0.0,0.0
EX_ind3eth_e,0.0,0.0
EX_ile__L_e,0.0,0.0
EX_id3acald_e,0.0,0.0
EX_ibutoh_e,0.0,0.0
EX_ibutac_e,0.0,0.0
EX_ibtald_e,0.0,0.0
EX_iamoh_e,0.0,0.0
EX_iamac_e,0.0,0.0
EX_hxdcal_e,0.0,0.0
EX_hxca_e,0.0,0.0
EX_hxan_e,0.0,0.0
EX_hxa_e,0.0,0.0
EX_hom__L_e,0.0,0.0
EX_his__L_e,0.0,0.0
EX_hdcea_e,0.0,0.0
EX_hdca_e,0.0,0.0
EX_gua_e,0.0,0.0
EX_gthrd_e,0.0,0.0
EX_gthox_e,0.0,0.0
EX_gsn_e,0.0,0.0
G3PCt_c_rm,0.0,0.0
