,minimum,maximum
AKGMALta_m,4.357802776688956,1000.0
AKGCITta_m,0.0,995.6421972233288
CITMALta_m,-995.0388786860523,0.6669205890107412
H2Ot_c_m,-26.67957066422446,-25.859163392025085
PItps_m,20.623331483923337,21.275153306610363
ADPATPt_c_m,20.62333148392326,21.077101934896742
H2Ot_c_e,-9.692951426991415,-5.633317192090236
EX_h2o_e,1.6753874495738175,9.692951426989667
NH4t_c_e,0.5780155672087465,8.586224561326022
EX_nh4_e,-8.586224561325933,-0.5780155672087766
EX_h_e,0.15391251110428655,8.202802631844714
ATPS_m,6.880659065967991,7.016378583175358
FECRq9_m,6.794306091091369,6.86121112387387
NADHcplxI_c_m,6.600446745627203,6.847245580475068
MDH_c,-5.7327215277845465,-4.922884734191754
MDH_m,4.877687241922447,5.478883803010438
ASPGLUt_c_m,4.126764619075244,5.377583264438954
ASPTAi_m,4.126764619075232,5.377583264438123
ASPTA_c,4.001060867666102,5.251879513030517
UREA_c,-4.226223448421782,0.040681126623357
UREAtps_e,-4.004104497060325,0.0
CO2t_c_e,0.0,4.004104497058643
EX_co2_e,0.0,4.004104497058631
HCO3E_e,0.0,4.004104497058631
EX_hco3_e,0.0,4.004104497058591
EX_urea_e,0.0,4.004104497058555
O2t_c_e,3.5421092522285615,3.575561768619771
EX_o2_e,-3.575561768619747,-3.5421092522285527
O2t_c_m,3.3971919396843644,3.430644456075573
FECOOR_m,3.3971530455456844,3.430605561936935
GHMT2r_c,1.8126013155100855,2.610312518089939
MTHFC_c,1.7828505342251084,2.5805617368048313
MTHFD_c,1.663983052519116,2.5805617368047993
GLYt_c_m,1.7692867472789606,2.568061787820665
FDH_c,1.8071491679631813,2.5586456411651124
FTHFL_c,-2.5471695366163893,-1.7494583340364307
PGK_c,1.6719338751142379,2.2212030604005513
GAPD_c,1.6719338751142307,2.2212030604003306
CO2t_c_m,-2.139434194724279,-1.5240634839244134
GLUDy_c,1.3021350471765682,2.071173724671919
PPA_c,0.7995405128990014,1.625912172325478
ATPM_c,1.3128602753907366,1.534979226754242
HEX1_c,1.3478954912735253,1.5013244779086332
PSERT_c,0.9845105731618512,1.400627478966912
PGCD_c,0.9845105731618622,1.400627478966912
PSP_L_c,0.9845105731620472,1.4006274789662996
EX_glc__D_e,-1.353245177,-1.347895491273525
GLCt_c_e,1.3478954912715868,1.353245177
NH4t_c_m,-1.3179284239656868,-0.9198130955758567
ADK1_c,0.471363870172758,1.2969582024570983
SERt_c_m,-1.2839864434661872,-0.8353701897282932
GHMT2r_m,-1.2839864434660573,-0.835370189728443
GLYCL_m,0.9077062878841271,1.2839864434659423
PGI_c,0.8010271662857649,1.2127176536709319
PYK_c,0.2813531489697465,1.1534628846684374
PGM_c,0.3241443204830454,1.15180265105008
ENO_c,0.32414432048320085,1.1518026510500636
PFK_c,0.5772994938089538,1.141694504452535
FBA_c,0.5772994938090936,1.1416945044525342
TPI_c,0.5652965403710473,1.1145657256574413
HCO3E_c,0.5041092913426817,0.9440527669779438
LACPYRt_c_m,-0.8072329098949595,0.050481579855232495
PYRtps_m,0.0,0.807232909885592
LACtps_m,0.0,0.8072329098852744
ACS_c,0.0,0.7775181074577502
PKETX_c,0.0,0.7715583409465576
ACKr_c,-0.7715583409465182,0.0
PDH_m,0.0,0.7714628183716576
CS_m,0.1013005385722463,0.771278087534212
Ht_c_m,0.0,0.7403965045434582
PC_c,0.24080259397205794,0.6807460696066467
ACITL_c,0.0,0.6669205890102603
NDPK2_c,0.16166836855123623,0.48400918074363936
GLUDxi_c,0.0,0.4828672855711096
MTHFD2i_c,0.0,0.48286728557045855
ATPASEP2e_c,0.21899141652205234,0.4817914945088049
GLNS_c,0.12927401205566885,0.4456918254710942
Ht_c_v,0.0,0.4442379027269536
RPE_c,-0.025623771864621493,0.44224813728227214
ALDD2y_c,0.0,0.41169048738596226
PYRDC_c,0.0,0.4116904873855931
G6PDH2i_c,0.0,0.4116904873855223
PGL_c,0.0,0.4116904873854237
GND_c,0.0,0.4116904873848588
ME1_m,0.010821271886151784,0.4079683578223353
NDPK1_c,0.061424824149318796,0.382983197398552
GALUi_c,0.1405275233290682,0.3626464746920152
NDPK3_c,0.0,0.3425163535811275
G3PD1r_c,-0.04080094130572094,0.3279202008209092
GLYCDy_c,0.0,0.31591724738370125
DHAK_c,0.0,0.3159172473829625
ME2_c,0.0,0.31562937366276955
GLUSx_c,0.0,0.31562937366222243
G3PT_c,0.0,0.31562937366216726
ACCOAC_c,0.2363762124865713,0.28220543216267946
OAAtps_m,0.0,0.27678439697395163
MALt2_m,0.0,0.27678439697390844
MCOATA_c,0.22847920598523713,0.2743084256613453
TKT2_c,-0.2669538481981841,0.09360058475714067
PGMT_c,0.1405275233290682,0.2515869990107973
FALPDt_c_rm,-0.11156901216767057,0.2507306728496382
compFALPD_rm,-0.2507306728493539,0.0
compFALPD_c,-0.11275500113599912,0.2501549254077841
ADNK1_c,0.0,0.24724112001837062
NADHq9_c,0.0,0.24679883484751208
TALA_c,-0.2455582624415346,0.16567618043324078
TKT1_c,-0.2455582624415346,0.11499617051379013
CTPt_c_rm,0.017159427213475156,0.24430243044046748
GLUt_c_m,0.06661972007586314,0.24192643071857134
ALDD2x_c,0.0,0.2414336427857775
CYTK1_c,0.0,0.23928949118773524
UMPK_c,0.015688331488592232,0.2378072828515389
GK1_c,0.0,0.23102795303083568
NDPK8_c,0.0,0.23102795303033735
GK2_c,-0.0007884397533876862,0.230239513277448
GF6PTA_c,0.0079637415767125,0.23008269293967393
ACONTa_m,0.1013005385722463,0.2289551083210412
ACONTb_m,0.1013005385722463,0.2289551083210412
ICDHx_m,0.0,0.22895510832104077
DAGK_rm,0.0,0.22714300322725778
CDPt_c_rm,-0.22714300322700431,0.0
NDPK5_c,0.0012306105467251901,0.22334956190972272
GLYK_c,0.0,0.222274403172257
Ht_c_r,-0.22214389917495594,0.001114357437307839
PPM_c,-0.22212495217316922,0.11105947568149466
PIt_c_rm,-0.22211895136350723,0.0
PAP_rm,0.0,0.22211895136348772
PYNP2r_c,-0.22211895136346438,0.11105947568159524
PGCPH_c,0.0,0.22211895136344606
PAIL3Pt_rm_vm,-0.22211895136343973,0.0
PAIL4K_gm,0.0,0.22211895136343823
PAIL4K_en,0.0,0.22211895136343823
Ht_c_e,0.0,0.22211895136343793
TMDK1_c,0.0,0.22211895136343757
ADK1_m,0.0,0.2221189513633277
SBPP2_r,0.0,0.22211895136325344
SPHGLpK_r,0.0,0.22211895136325344
GTHRDtabc_v,0.0,0.22211895136324844
NDP5_c,0.0,0.2221189513632467
GNK_c,0.0,0.22211895136323778
ATPASEV_v,0.0,0.22211895136323778
ALPHNH_c,0.0,0.22211895136323656
AP4AH_c,0.0,0.22211895136323523
PAILt_rm_vm,0.0,0.2221189513632329
PAIL4Pt_c_en,-0.22211895136321758,0.2221189513632329
FBP_c,0.0,0.2221189513632298
URIH_c,0.0,0.222118951363228
PAILt_en_rm,-0.2221189513632248,0.1110594756816054
ATPATF1_c,0.0,0.22211895136321902
DURIK1_c,0.0,0.2221189513632179
PAIL3Pt_gm_vm,-0.22211895136321758,0.0
ATPt_c_gm,0.0,0.22211895136321758
PAIL45Pt_c_en,-0.22211895136321758,0.1110594756816072
PAIL4Pt_en_rm,0.0,0.2221189513632162
PAIL3K_vm,0.0,0.2221189513632162
PI3P5K_vm,0.0,0.22211895136321613
PI45P5P_en,0.0,0.22211895136321613
PI45P5P_c,0.0,0.22211895136321613
G6PDA_c,0.0,0.22211895136321563
PI4PP_rm,0.0,0.22211895136321436
CYTDK2_c,0.0,0.22211895136320906
PI4P5K_en,0.0,0.22211895136320514
PI4PP_gm,0.0,0.2221189513632011
PI35P5P_vm,0.0,0.22211895136320103
SBP_c,0.0,0.2221189513631984
DGK1_c,0.0,0.22211895136319404
Ht_c_n,-0.22211895136319115,0.0
SLCBK1_r,0.0,0.22211895136318616
SBPP1_r,0.0,0.22211895136318616
ADPt_c_r,-0.22211895136318538,0.0
PI4PP_en,0.0,0.2221189513631618
PI4PP_c,0.0,0.22211895136314758
PI3PP_rm,0.0,0.22211895136314758
PI3PP_gm,0.0,0.22211895136314758
NDP4_c,0.0,0.2221189513631161
HYPOE_c,0.0,0.2221189513631161
NTP4_c,0.0,0.2221189513631161
ADPh_m,0.0,0.22211895136305468
ADPh_c,0.0,0.22211895136300752
ATPt_c_en,0.0,0.22211895136300353
H2Ot_c_vm,0.0,0.22211895136299964
H2Ot_c_en,0.0,0.22211895136299964
NDPK9_c,0.0,0.22211895136299753
NTP10_c,0.0,0.22211895136299753
NTP7_c,0.0,0.22211895136299753
NDP7_c,0.0,0.2221189513629956
NTP3_c,0.0,0.22211895136299295
FBA3_c,-0.22211895136298354,0.0
ATPt_c_r,0.0,0.222118951362968
GLCP_c,0.0,0.22211895136296306
GLYGS_c,0.0,0.22211895136296306
GLUN_c,0.0,0.2221189513629563
RBK_c,0.0,0.22211895136295545
H2Ot_c_gm,0.0,0.22211895136295257
NTD1pp_c,0.0,0.2221189513629508
NTD5_c,0.0,0.22211895136295023
NTD7pp_c,0.0,0.22211895136294893
URIK2_c,0.0,0.2221189513629461
URIK1_c,0.0,0.22211895136294574
UREASE_c,0.0,0.22211895136294574
PIt_r_rm,0.0,0.22211895136294513
NTD2pp_c,0.0,0.2221189513629407
NTD4pp_c,0.0,0.2221189513629395
ATPt_c_n,0.0,0.2221189513629389
ADPt_c_n,-0.2221189513629387,0.0
OAADC_c,0.0,0.2221189513629344
PYDAMK_c,0.0,0.2221189513629273
PIt_c_gm,-0.22211895136291626,0.0
ADPt_c_gm,-0.22211895136291626,0.0
ADPt_c_vm,-0.22211895136291626,0.0
Ht_c_vm,-0.22211895136291626,0.027516739813885374
PIt_c_vm,-0.22211895136291626,0.0
PIt_c_en,-0.22211895136291626,0.0
Ht_c_en,-0.22211895136291626,0.0
ADPt_c_en,-0.22211895136291626,0.0
Ht_c_gm,-0.22211895136291626,0.02751673981386288
NTP5_c,0.0,0.22211895136274468
NDP1_c,0.0,0.2221189513627444
PPCK_c,0.0,0.2221189513627425
ATPt_c_vm,0.0,0.22211895136251145
NDP3_c,0.0,0.22211895136247328
GTHRDt_c_v,-0.2221189513617663,0.0
PAILt_gm_rm,-0.00089801009825594,0.22122094126497696
PAILt_c_rm,-0.07836523430227299,0.21779336751529893
H2Ot_c_r,-0.01251322535974915,0.21027163004299196
RPI_c,-0.2094276806212792,0.15112675233432799
Ht_c_rm,-0.19742847705946093,0.12826642724421544
CRNOAT_m,0.0,0.19173835999056044
CRNt_c_m,0.0,0.1917383599903618
CRNOAT_c,0.0,0.19173835999036176
ACRNt_c_m,0.0,0.1917383599903563
CRNACRNt_c_m,0.0,0.1917383599883401
FUM_c,0.014941375948312796,0.19038045919390534
ETFOXRq9_m,0.0,0.18509912613608748
DHAPt_c_m,0.0,0.18509912613605684
G3PDf_m,0.0,0.18509912613605597
GLYC3Pt_c_m,0.0,0.18509912613604795
ME2_m,0.0,0.17104535953669187
ADK3_m,0.0,0.1708607318179054
GTPGDPtp_m,0.0,0.17086073181748157
ADSL1r_c,0.011816773551202054,0.1639606529856703
ADSS_c,0.011816773551202054,0.1639606529856703
PMANM_c,-0.1537775749120498,-0.042718099230375436
MAN1PT_c,0.042718099230375436,0.15377757491185112
H2Ot_c_rm,-0.09160427653074568,0.15373943127199471
CYSTS_c,0.0,0.15261762359157427
AMPDA_c,0.0,0.15213626805699937
SERD_L_c,0.0,0.15213626805688746
CBL_c,0.0,0.15213626805688366
GLCt_c_v,-0.14807930090876753,0.0
PRPPS_c,0.036108356598236795,0.14717894489078254
COAt_c_rm,-0.14606321530557775,0.104500279685257
ICDHyi_m,0.0,0.145762861937149
SUCDq9_m,0.004921612154451971,0.1416201131475881
PPIt_c_l,-0.1382391075330781,-0.0258418213462353
compACYLCOA_rm,0.0,0.13816620880425187
compACYLCOA_l,0.0,0.13816620880406258
COAt_c_l,-0.13816323959011387,0.11239728618658461
MTHFC_m,0.0,0.13701539271797403
FORt_c_m,0.0,0.13701539271783722
FTHFL_m,-0.13701539271783483,0.0
MTHFD_m,0.0,0.1370153927178075
FUM_m,0.0,0.13600179109068045
H2Ot_c_mm,0.0,0.13461754628075442
PPIt_c_rm,-0.12955671340005578,-0.017159427213475156
AKGDH_m,8.890088833124e-05,0.12774347063697045
ACt_c_m,0.0,0.12765456974889045
ACCOATsucac_m,0.0,0.12765456974877765
ASPK_c,0.04233204120069118,0.1271102669119645
HSDx_c,0.0,0.1271102669118861
ASAD_c,0.04233204120069118,0.12711026691186514
DOLPt_c_r,-0.12392165620552088,-0.01286218052376383
DOLPMT_c,0.01286218052376383,0.12392165620545144
THRS_c,0.018708531883265902,0.12308637054883605
HSK_c,0.018708531883265902,0.12308637054879316
DAGt_c_rm,-0.10731054849049185,0.11723277663712922
ODECOAt_c_rm,-0.11644212770653319,0.023289932981788275
ALAt_c_m,0.010910172774456564,0.11631875997717289
ALATA_L_m,-0.11631875997644414,-0.01091017277445358
SUCOAS_m,0.0,0.11332599559334416
DGAT_rm,0.0,0.11297431295996731
DAGt_c_l,-0.11156901216766002,0.11297431295996631
DGAT_l,0.0,0.11297431295985351
TAGt_l_rm,-0.11156901216741422,0.1129743129598322
Ht_c_l,-0.11275500113611515,0.04020208502402211
FALPDt_c_l,-0.11275500113601256,0.0
H2Ot_c_l,0.0,0.1127550011360039
ATPt_c_l,0.0,0.11239728618684947
AMPt_c_l,-0.1123972861868428,0.0
AMPt_c_rm,-0.11239728618658786,0.0
ATPt_c_rm,0.0,0.11239728618638199
DUTPDP_c,0.0,0.11184791543500516
NDPK6_c,0.0,0.11184791543488132
PDAGATpc_rm,-0.11156901216778617,0.0025066410685546953
PLAA2pc_rm,0.0,0.11156901216764581
TAGL_l,0.0,0.11156901216755744
13BDGLUCANt_c_en,0.11125090503604501,0.11125090503604501
13GS_c,0.11125090503604501,0.11125090503604501
FACOAL182_l,0.0,0.11112878559127892
LINOEAt_c_l,0.0,0.11112878559127892
LINOCOAt_c_l,-0.11112878559117867,0.04913969044566208
OCDCEAt_c_l,0.0,0.11111383202526944
OCDCEAt_c_rm,-0.051933593536661674,0.11111383202503233
ODECOAt_c_l,-0.11111383202489822,0.028618228663444423
FACOAL181_rm,0.0,0.11111383202333336
FACOAL181_l,0.0,0.11111383202328724
HDCAt_c_l,0.0,0.11110388901775144
HDCAt_c_rm,-0.04247377598071968,0.11110388901761159
PMTCOAt_c_l,-0.11110388901747825,0.023405355771463607
PMTCOAt_c_rm,-0.11110388901747714,0.023405355771463382
FACOAL160_l,0.0,0.111103889015805
FACOAL160_rm,0.0,0.11110388901579855
OCDCAt_c_l,0.0,0.1110890853446825
OCDCAt_c_rm,-0.028283924281470273,0.1110890853444444
STCOAt_c_l,-0.11108908534428308,0.015585977350388079
FACOAL180_rm,0.0,0.11108908534279312
FACOAL180_l,0.0,0.11108908534269091
LINOLENt_c_l,0.0,0.11107357982835753
FACOAL183_l,0.0,0.11107357982835753
LINOLNCOAt_c_l,-0.1110735798282726,0.012105017885741929
HDCEAt_c_l,0.0,0.11105947568188064
FACOAE180_c,0.0,0.11105947568176527
FACOAE120_c,0.0,0.11105947568176466
FACOAL120_x,0.0,0.11105947568176167
FACOAL100_x,0.0,0.11105947568176167
FACOAL80_x,0.0,0.11105947568176167
FACOAE182_c,0.0,0.11105947568175477
FACOAL160_x,0.0,0.11105947568175278
FACOAL140_x,0.0,0.11105947568175278
H2Ot_c_v,0.0,0.11105947568174934
H2Ot_c_x,-0.01858424961201597,0.11105947568174634
TTDCAt_l_rm,0.0,0.11105947568174335
MANNANH_c,0.0,0.1110594756817429
FACOAE140_c,0.0,0.11105947568174146
FACOAE183_c,0.0,0.11105947568174104
TDCOAt_c_rm,-0.11105947568173569,0.0
PAIL35Pt_c_vm,-0.11105947568172059,0.0
PAIL35Pt_en_vm,-0.11105947568172059,0.0
DUMPt_c_n,0.0,0.111059475681718
DUDPt_c_n,-0.11105947568171559,0.0
DOLPMMT_r,0.0,0.11105947568168761
HEX4_c,0.0,0.11105947568168517
FACOAE120_x,0.0,0.1110594756816492
FACOAL182_x,0.0,0.1110594756816442
FACOAE182_x,0.0,0.1110594756816442
HDCEAt_c_rm,0.0,0.11105947568164398
ADNCYC_c,0.0,0.11105947568163932
TDCOAt_c_l,-0.11105947568163632,0.0
FACOAE161_c,0.0,0.11105947568163542
DDCAt_l_rm,0.0,0.11105947568163488
PACCOAL_x,0.0,0.11105947568163266
DDCAt_c_rm,0.0,0.11105947568163077
FACOAE181_c,0.0,0.11105947568163067
FACOAE160_c,0.0,0.11105947568163028
DDCACOAt_c_l,-0.11105947568162988,0.0
FACOAE181_x,0.0,0.11105947568162977
TTDCAt_c_rm,0.0,0.11105947568162944
HDCOAt_c_rm,-0.1110594756816291,0.0
FACOAE183_x,0.0,0.111059475681628
FACOAL183_x,0.0,0.111059475681628
PPIt_c_x,-0.11105947568162411,0.0
FACOAE161_x,0.0,0.11105947568162267
PAILt_n_rm,-0.11105947568162133,0.0
FACOAE80_x,0.0,0.11105947568161989
DDCACOAt_c_rm,-0.11105947568161889,0.0
FACOAL120_c,0.0,0.11105947568161612
FACOAE180_x,0.0,0.11105947568161456
PACCOAE_x,0.0,0.11105947568161412
PAIL45Pt_c_n,-0.11105947568160879,0.0
GLCGSD_c,0.0,0.11105947568160479
PI4P5K_n,0.0,0.11105947568160335
PAIL4K_n,0.0,0.11105947568160335
PI35P5P_en,0.0,0.11105947568160257
PI35P5P_c,0.0,0.11105947568160257
GLCGSD_v,0.0,0.11105947568160146
PI3PP_c,0.0,0.11105947568160132
PI3PP_en,0.0,0.11105947568160132
FACOAE160_x,0.0,0.11105947568151953
HDCOAt_c_l,-0.11105947568150787,0.0
PDE1_c,0.0,0.11105947568150398
FACOAE100_x,0.0,0.11105947568150398
UPPRT_c,0.0,0.11105947568150099
FACOAE140_x,0.0,0.11105947568150043
URIDK2i_c,0.0,0.11105947568148003
URIDK2_n,0.0,0.11105947568147914
MANNANt_c_r,-0.11105947568147645,0.0
GLYCOGENt_c_v,0.0,0.11105947568146801
FACOAL120_rm,0.0,0.11105947568100427
AMPATPt_c_x,0.0,0.111059475680932
FACOAL140_rm,0.0,0.1110594756800783
FACOAL180_x,0.0,0.11105947567997594
FACOAL181_x,0.0,0.11105947567997439
FACOAL140_l,0.0,0.11105947567997261
FACOAL161_x,0.0,0.11105947567997217
FACOAL161_rm,0.0,0.11105947567993331
FACOAL161_l,0.0,0.11105947567993198
FACOAL120_l,0.0,0.1110594756799262
HSDy_c,0.0,0.10812626600945038
CMPt_c_rm,-0.10698533374930339,-0.017159427213475156
ACACT40ir_c,0.09943342107628358,0.1036690990198948
HMGCOAR_c,0.09943342107628358,0.10366909901988426
HMGCOAS_c,0.09943342107628358,0.10366909901988426
PMEVK_c,0.09943342107628358,0.1035820753789245
MEVK4_c,0.0,0.10358207537891995
DPMVD_c,0.09943342107628358,0.10358207537891995
MEVK1_c,0.0,0.10358207537891995
MEVK2_c,0.0,0.1035820753789145
MEVK3_c,0.0,0.10358207537891041
SUCFUMt_c_m,0.0,0.10281312394413361
INSK_c,0.0,0.10051355497594046
ADA_c,0.0,0.10050452033269598
BIOMASS,0.1,0.1
ORNTACi_m,0.012976054096239108,0.09973809641005271
AGPRi_m,0.012976054096239108,0.0997380964098813
ACOTAi_m,0.012976054096239108,0.09973809640986447
ACGK_m,0.012976054096239108,0.09973809640986447
METAT_c,0.025144393877276683,0.09918404433166791
AHCi_c,0.02512216865519387,0.0991618191097805
LINOCOAt_c_rm,-0.09834918852114163,0.039967431995370596
FALPDt_c_m,-0.09205423310926797,0.0
ORNtpa_m,0.012976054096239108,0.09199148548916636
STCOAt_c_rm,-0.09168180428341853,0.03499325841128115
CDPDAGS_rm,0.017159427213475156,0.09119907766786597
NDPDA1_c,0.0,0.09029225665173686
NDP10_c,0.0,0.09029225665152281
FACOAL182_rm,0.0,0.08917587402839958
SSALy_c,0.0,0.0888475805453004
ABTA_c,0.0,0.088847580545099
GLUDC_c,0.0,0.08884758054509057
ORNCD_m,0.0,0.08676204231372306
THRA_c,0.0,0.08477822571117397
ICL_1_c,0.0,0.08350336517432111
AGTi_c,0.0,0.08350336517415502
CITICITta_m,0.0,0.08350336517378551
SUCCt2_m,0.0,0.0803227530813777
PAILS_rm,0.00522359394612285,0.07926324440051345
INOSTt_c_rm,0.00522359394612285,0.07926324440050887
ORNTA_c,0.0,0.07901543139294454
P5CR_c,0.0,0.07901543139294412
G5SADr_c,0.0,0.07901543139285541
GLU5K_c,0.0,0.07762919575431991
G5SDy_c,0.0,0.07762919575431991
PAt_en_rm,0.0,0.07571433440909833
PLADpc_en,0.0,0.07571433440909668
CHOLt_c_en,0.0,0.07571433440909524
CDPCHOLt_c_rm,0.0,0.07571433440909248
PCt_en_rm,-0.07571433440908741,0.0
CHOLPT_rm,0.0,0.07571433440908076
CHLPCTD_c,0.0,0.0757143344089993
CHOLK_c,0.0,0.0757143344089993
TMN_c,0.0,0.07404335465814613
HETZK_c,0.0,0.07404335465807588
HMPK1_c,0.0,0.07404335465807588
TMPPP_c,0.0,0.07404335465806516
PMPK_c,0.0,0.07404335465799873
THMP_c,0.0,0.07403965045447129
TREt_c_v,0.0,0.07403965045446759
HCYSMT_c,0.0,0.07403965045442654
DDCAt_c_x,-0.07403965045441785,0.0
COAt_c_x,0.0,0.07403965045441718
FACOA120tabc_x,0.0,0.0740396504544154
MI1PP_c,0.0,0.07403965045441437
TTDCAt_c_x,-0.07403965045441407,0.007384273649053661
PLACpail_c,0.0,0.07403965045441405
TRE6PS_c,0.0,0.07403965045439953
TREH_v,0.0,0.07403965045439953
Ht_c_x,-0.07403965045433489,0.007384273649053661
FACOA140tabc_x,0.0,0.07403965045433436
TRE6PP_c,0.0,0.07403965045431093
NADPt_c_rm,-0.07336180342679374,-0.015794013002668358
NADPHt_c_rm,0.015794013002668358,0.07336180342668694
G5SADr_m,-0.07258789260237108,0.0
PROD2_m,0.0,0.07258789260220411
P5CD2_m,0.0,0.07258789260217657
CTPS2_c,0.009068554817963991,0.06967936736829206
PItps_e,0.059833086249680534,0.06801928838838123
EX_pi_e,-0.06801928838837767,-0.059833086249725054
CBPS_c,0.026930484884040904,0.06761161150727801
PPIt_c_m,-0.06731988575142715,-1.1112611041405e-05
PLACpg_mm,0.0,0.06730877314038601
CDPDAGS_mm,0.0,0.06730877314037897
CTPt_m_mm,0.0,0.0673087731403779
PGPP_mm,0.0,0.0673087731403779
PGPS_mm,0.0,0.0673087731403779
DAGt_c_mm,-0.0673087731403085,0.0
CMPt_m_mm,-0.06730877314029433,0.0
PIt_m_mm,-0.06730877314029407,0.0
PPIt_m_mm,-0.06730877314029407,0.0
PAt_mm_rm,-0.0673087731402252,0.0
CTPt2_m,0.0,0.06730877314022055
Ktps_e,0.0,0.0670812765514414
EX_k_e,-0.0670812765514414,-0.0670812765514414
Kt_c_e,0.0,0.0670812765514414
MALS_c,0.0,0.06650268004873872
Ht_m_mm,-0.06524635334999891,0.027699899830373947
PROt_c_m,-0.019791725618453472,0.06484128168140661
ATPHs_c,0.0,0.06419622871770954
PYDXNOR_c,-0.06419622871764097,0.0
PYDXNO_c,0.0,0.0641962287175688
GLYC3Pt_c_l,0.0,0.06228808518065775
G3PAT_rm,0.0,0.062288085180653374
GLYC3Pt_c_rm,0.0,0.062288085180602464
PAt_l_rm,0.0,0.06228808518056739
AGPAT_rm,0.0,0.06228808518053858
AGPAT_l,0.0,0.062288085180421726
G3PAT_l,0.0,0.062288085180421726
CTPCMPt_c_m,0.0,0.06169970871186868
CYTD_c,0.0,0.05982237279694038
CMPN_c,0.0,0.059822372796939687
CSND_c,0.0,0.059822372796937015
GLYOX_c,0.0,0.05845235562191964
LGTHL_c,0.0,0.058452355621767316
RLFC2O_c,0.0,0.05845235562176465
MGSA_c,0.0,0.05845235562176421
DHAD1_m,0.0515239266856536,0.057491657780851746
VALt_c_m,-0.05749165778084753,-0.0515239266856536
VALTA_m,-0.05749165778084375,-0.0515239266856536
ACLS_m,0.0515239266856536,0.05749165778083842
KARA1i_m,0.0515239266856536,0.05749165778083842
DHAPt_c_rm,0.0,0.056557581343897316
NADPt_c_l,-0.056557581343892584,0.0
DHAPt_c_l,0.0,0.056557581343890655
NADPHt_c_l,0.0,0.056557581343890655
DHAPAT_rm,0.0,0.05655758134388777
DHAPAT_l,0.0,0.056557581343886776
AGNPR_l,0.0,0.056557581343835595
AGNPR_rm,0.0,0.056557581343783137
FORt_c_e,-0.055529737840817855,0.0
EX_for_e,0.0,0.05552973784081271
EAR160y_c,0.02945286430413988,0.05413274778890423
3OAS160_c,0.02945286430413988,0.054132747788904215
3HAD160_c,0.02945286430413988,0.054132747788904215
3OAR160_c,0.02945286430413988,0.054132747788904215
OCBT_c,0.012964941485197702,0.05364606810850053
ARGSS_c,0.012964941485197702,0.053646068108487203
ARGSL_c,0.012964941485197702,0.053646068108487203
LLFC2O_c,0.0,0.052140598911421754
LALDO3_c,0.0,0.052140598911421754
LCADi_c,0.0,0.05214059891135936
RLFC2O_m,0.0,0.050481579855195635
GLYCt_c_l,0.0,0.05028513174255319
DAGL_l,0.0,0.05028513174233651
MAGL_l,0.0,0.05028513174233651
TRDR_c,0.008359629011336656,0.04904075563474814
EX_so4_e,-0.04847234557992848,-0.007791218956568783
SO4t_c_e,0.007791218956568554,0.04847234557988163
PAPSR_c,0.004321528411110782,0.04500265503433137
BPNT_c,0.0012484936661908592,0.04500265503433092
SADT_c,0.004321528411110904,0.045002655034330034
ADSK_c,0.004321528411110782,0.045002655034233
MAN6PI_c,-0.042718099230375436,-0.04271809923037545
NADt_c_rm,-0.04114171529882356,-0.03046291956019209
O2t_c_rm,0.03046291956019209,0.04114171529880367
NADHt_c_rm,0.03046291956019209,0.04114171529880367
SO3t_c_e,0.0,0.040681126623312844
ARGN_c,0.0,0.0406811266232895
EX_so3_e,0.0,0.04068112662321635
PCOATA180_c,0.022309155856258,0.037117085947160545
3OAR180_c,0.022309155856258,0.03711708594711661
3OAS180_c,0.022309155856258,0.0371170859471166
3HAD180_c,0.022309155856258,0.0371170859471166
EAR180y_c,0.022309155856258,0.0371170859471166
EAR40y_c,0.02945286430413988,0.037091067583491226
EAR60y_c,0.02945286430413988,0.037091067583491226
3OAR140_c,0.02945286430413988,0.0370910675834778
3HAD140_c,0.02945286430413988,0.0370910675834778
3OAS140_c,0.02945286430413988,0.0370910675834778
EAR120y_c,0.02945286430413988,0.0370910675834778
EAR140y_c,0.02945286430413988,0.0370910675834778
3OAR60_c,0.02945286430413986,0.037091067583477785
3OAS60_c,0.02945286430413986,0.037091067583477785
3HAD40_c,0.02945286430413986,0.037091067583477785
3HAD100_c,0.02945286430413986,0.037091067583477785
3OAR40_c,0.02945286430413986,0.037091067583477785
3OAR80_c,0.029452864304139886,0.037091067583477785
3HAD60_c,0.029452864304139886,0.037091067583477785
ACOATA_c,0.02945286430413986,0.037091067583477785
EAR80y_c,0.02945286430413986,0.037091067583477785
3HAD120_c,0.029452864304139886,0.037091067583477785
EAR100y_c,0.02945286430413986,0.037091067583477785
3OAS100_c,0.029452864304139886,0.037091067583477785
3HAD80_c,0.029452864304139886,0.037091067583477785
3OAS120_c,0.029452864304139886,0.037091067583477785
3OAS40_c,0.02945286430413986,0.037091067583477785
3OAR120_c,0.02945286430413986,0.037091067583477785
3OAS80_c,0.02945286430413986,0.037091067583477785
3OAR100_c,0.02945286430413986,0.037091067583477785
METS_c,0.028962341531614047,0.03648226473730107
MTHFR3_c,0.028962341531614047,0.03648226473728422
SULFOX2_c,0.0,0.034383738601114905
G3PD1i_x,0.0,0.0341721463636211
DHAPt_c_x,0.0,0.0341721463636211
GLYC3Pt_c_x,-0.03417214636354099,0.0
CRNCARt_c_x,0.0,0.03417214636354099
CRNOAT_x,0.0,0.03417214636354099
CRNt_c_x,0.0,0.03417214636354099
ACRNt_c_x,0.0,0.03417214636354099
VALTA_c,0.0269039272557864,0.03287165835097655
ALATRS_c,0.0328153948023877,0.0328153948023877
CAT_c,0.0,0.032098114358820484
GTHO_c,0.0,0.03209811435881671
GTHP_c,0.0,0.03209811435881671
TAGt_c_rm,-0.03209004516205466,-0.0014053007922960803
PCOATA160_c,0.007143708447881874,0.03182359193271895
IPPS_c,0.0269039272557864,0.03101267589365303
DAGL_m,0.0,0.03068474436976161
TAGL_m,0.0,0.03068474436976161
TAGt_c_m,0.0,0.030684744369752593
MAGL_m,0.0,0.030684744369654106
GLYCt_c_m,0.0,0.030684744369654106
MALCOAt_c_rm,0.00789700650133418,0.030678437410414927
CO2t_c_rm,-0.0306784374103615,-0.007897006501334177
GLYTRS_c,0.0298597035081226,0.0298597035081226
16GS_c,0.0292766182930232,0.0292766182930232
HSERTA_c,0.0038401728764201754,0.027612828169832793
IMPC_c,0.019937335465669427,0.027421502041614955
AICART_c,0.019937335465673146,0.027421502041614955
METB1_c,0.0,0.027332542779957045
LEUTRS_c,0.0269039272557864,0.0269039272557864
OMCDC_c,0.0269039272557864,0.0269039272557864
IPPMIa_c,-0.0269039272557864,-0.0269039272557864
IPPMIb_c,-0.0269039272557864,-0.0269039272557864
IPMD_c,0.0269039272557864,0.0269039272557864
LEUTA_c,-0.0269039272557864,-0.0269039272557864
SACCD1_c,0.022067264266924302,0.026328947907823752
SACCD2_c,0.022067264266924302,0.026328947907823752
HACNH_m,0.022067264266924302,0.026328947907820144
HICITD_m,0.022067264266924302,0.026328947907820144
HCITS_m,0.022067264266924302,0.02632894790781939
HCITR_m,0.022067264266924302,0.026328947907816036
AATA_c,0.022067264266924302,0.026328947907816036
2OXOADPt_c_m,0.022067264266924302,0.02632894790781365
AASADy_c,0.022067264266924302,0.026328947907810984
GLUTRS_c,0.0259970848046514,0.0259970848046514
GLNTRS_c,0.0259970848046514,0.0259970848046514
GRTT_c,0.024530533243349428,0.02586234132203534
DMATT_c,0.024530533243349428,0.025862341322034466
IPDDI_c,0.024530533243349428,0.025862341322032967
IPDPt_c_l,-0.025841821346235295,-0.0258418213462353
SHK3Di_c,0.021395585756649467,0.025441468295142933
SHKK_c,0.021395585756649467,0.025441468295142933
CHORS_c,0.021395585756649467,0.02544146829514271
DDPA_c,0.021395585756649467,0.025441468295138048
DHQTi_c,0.021395585756649467,0.025441468295138048
DHQS_c,0.021395585756649467,0.025441468295138048
PSCIT_c,0.021395585756649467,0.025441468295133163
FACOA160tabc_x,0.0,0.024679883484837076
ECOAH160_x,0.0,0.024679883484837076
HACD160i_x,0.0,0.024679883484837076
ACOAO160_x,0.0,0.024679883484779577
PCOATA140_c,-0.024679883484779223,0.0076382032793513716
ACACT160i_x,0.0,0.024679883484779223
VALTRS_c,0.0246199994298672,0.0246199994298672
ILETA_m,-0.02423997671715395,-0.019783336441005103
DHAD2_m,0.019783336441005103,0.02423997671715326
KARA2i_m,0.019783336441005103,0.024239976717148712
ILEt_c_m,0.019783336441005103,0.024239976717148712
ACHBS_m,0.019783336441005103,0.024239976717148712
THRt_c_m,0.0,0.024230318700807725
THRD_L_m,0.0,0.024230318700802597
LINOLNCOAt_c_rm,-0.02422968067402555,0.009842352921410905
PRAIi_c,0.00218325251164197,0.02408847453957609
ANPRT_c,0.00218325251164197,0.02408847453957609
TRPS1_c,0.00218325251164197,0.024088474539547447
IGPS_c,0.00218325251164197,0.0240884745395273
2OBUTt_c_m,0.0,0.023772655293423522
CYSTGL_c,0.0,0.023772655293423362
TRDOXt_c_x,-0.022301099534439553,0.0
TRDRDt_c_x,0.0,0.02230109953443955
O2t_c_x,0.0,0.022301099534439543
THIORDXi_x,0.0,0.022301099534438
CHORM_c,0.0192123332450075,0.022292185593359187
LYSTRS_c,0.022067264266924302,0.022067264266924302
FACOAL183_rm,0.0,0.02196701570970191
KYN_c,0.0,0.02190522202790548
TRPO2_c,0.0,0.021905222027905118
FKYNH_c,0.0,0.021905222027859654
GLXt_c_e,0.0,0.02164902060067231
EX_glx_e,0.0,0.02164902060067231
ACOADS180_rm,0.016764275138735185,0.021605577478727524
AMETt_c_rm,0.01372385238391437,0.02124377558959331
AHCYSt_c_rm,-0.02124377558958442,-0.01372385238391437
GDPt_c_g,0.02124197825786652,0.02124197825786652
Ht_c_g,-0.02124197825786652,-0.02124197825786652
GDPMANNt_c_g,0.02124197825786652,0.02124197825786652
ADSL2i_c,0.013454864723068203,0.02093903129903142
AIRC1_c,0.013454864723066895,0.02093903129902519
GLUPRT_c,0.013454864723066895,0.02093903129902519
PRASCSi_c,0.013454864723066895,0.02093903129902519
PRAIS_c,0.013454864723071891,0.02093903129902519
PRAGSi_c,0.013454864723066895,0.02093903129902519
PRFGS_c,0.013454864723075666,0.020939031299019417
GARFT_c,0.01345486472306689,0.020939031299008606
GLYtps_e,-0.020643025220314914,0.0
EX_gly_e,0.0,0.02064302521964745
ILETRS_c,0.019783336441005103,0.019783336441005103
THRTRS_c,0.018708531883265902,0.018708531883265902
SERTRS_c,0.017902364746408102,0.017902364746408102
CAT_x,0.0,0.017086073181770495
DHORTS_c,-0.01669427744507534,-0.013965543398843209
DHORDfum_c,0.013965543398843202,0.016694277445074675
ASPCT_c,0.013965543398843212,0.01669427744507423
ORPT_c,-0.016694277445072455,-0.013965543398843202
OMPDC_c,0.013965543398843209,0.016694277445068906
ACt_c_e,0.0,0.016049057179423176
EX_ac_e,0.0,0.016049057179423176
PPNDH_c,0.0126291022300603,0.01570895457840866
PHETA1_c,-0.015708954578408353,-0.0126291022300603
ASPTRS_c,0.0155847935243254,0.0155847935243254
ASNS1_c,0.0155847935243254,0.0155847935243254
ASNTRS_c,0.0155847935243254,0.0155847935243254
ACOADS181_rm,0.01143597945710932,0.015538656800349349
HXAND_c,0.0,0.01493166304873024
PUNP5_c,-0.003655908140451025,0.014931288634589666
ACOAO180_x,0.0,0.014807930090902546
ECOAH180_x,0.0,0.014807930090902546
HACD180i_x,0.0,0.014807930090902546
FACOA180tabc_x,0.0,0.014807930090902546
ACACT180i_x,0.0,0.014807930090902546
PSSA_rm,0.011935833267352305,0.014442474335911957
SERt_c_rm,0.011935833267352305,0.014442474335911953
PROTRS_c,0.0141741497114488,0.0141741497114488
NADPt_c_r,-0.013884636667756581,-0.012745331418663412
NADPHt_c_r,0.012745331418663412,0.013884636667756581
CO2t_c_mm,-0.01384994991518705,0.0
PEt_mm_rm,0.0,0.013849949915182173
PSD_mm,0.0,0.013849949915179287
PSt_mm_rm,-0.013849949915176398,0.0
CO2t_c_vm,-0.013758369906934236,0.0
PEt_rm_vm,-0.013758369906932192,0.0
PSt_rm_vm,0.0,0.013758369906928549
CO2t_c_gm,-0.013758369906928533,0.0
PEt_gm_rm,0.0,0.01375836990692645
PSD_gm,0.0,0.013758369906926188
PSD_vm,0.0,0.013758369906926186
PSt_gm_rm,-0.013758369906926098,0.0
EX_pyr_e,0.0,0.013252920725733447
ACALDt_c_e,-0.01325292072571918,0.0
EX_acald_e,0.0,0.01325292072571918
PYRtps_e,-0.013252920725547013,0.0
ECOAR200_rm,0.002643005922171775,0.013220098843997037
3OACE200_rm,0.002643005922171775,0.013220098843997037
3HACD200_rm,0.002643005922171775,0.013220098843997037
3OACR200_rm,0.002643005922171775,0.013220098843997037
ARGTRS_c,0.012964941485197702,0.012964941485197702
PHETRS_c,0.0126291022300603,0.0126291022300603
O2t_c_r,0.01184732132040747,0.012513225359749153
TTCOSAt_c_rm,-0.012195289196719939,0.005456286720430285
SERtps_e,-0.012190941348335572,0.0
EX_ser__L_e,0.0,0.012190941348126184
SQLt_c_r,0.011398316271279501,0.01206422031062278
SSQ23EPXt_c_r,0.011398316271279501,0.01206422031062278
SQLEy_r,0.011398316271279501,0.012064220310621208
SQLS_c,0.011398316271279501,0.012064220310621208
LNSTLS_c,0.011398316271279501,0.012064220310621173
LNS14DMy_c,0.011398316271279501,0.01204326096164852
C14STR_c,0.011398316271279501,0.01204326096164777
C3STKR2_c,0.011398316271279501,0.011983548266229622
C3STKR1_c,0.011398316271279501,0.011983548266229622
C4STMO1_c,0.011398316271279501,0.011983548266227668
C4STMO3_c,0.011398316271279501,0.011983548266227668
C4STMO2_c,0.011398316271279501,0.011983548266227668
C3STDH1_c,0.011398316271279501,0.011983548266227668
C4STMO4_c,0.011398316271279501,0.011983548266227668
C3STDH2_c,0.011398316271279501,0.011983548266227668
SAM24MT_c,0.011398316271279501,0.011983548266227668
C8STI_c,0.011398316271279501,0.011983548266227668
EX_oaa_e,0.0,0.011240837619554966
OAAt_c_e,0.0,0.011240837619554966
ECOAR220_rm,0.002643005922171775,0.010869633750258113
3OACR220_rm,0.002643005922171775,0.010869633750258113
3HACD220_rm,0.002643005922171775,0.010869633750258113
3OACE220_rm,0.002643005922171775,0.010869633750258113
AHSERL2_c,0.0,0.010842930388929091
SO3R_c,0.004321528411110904,0.010842930388895784
EX_ala__L_e,0.0,0.01061754069615329
ALAtps_e,-0.010617540696129309,0.0
ICOSCOAt_c_rm,-0.010577092922073207,0.0
ACACT200i_x,0.0,0.010577092922048413
HACD200i_x,0.0,0.010577092922048413
FACOA200tabc_x,0.0,0.010577092922048413
ECOAH200_x,0.0,0.010577092922048413
ACOAO200_x,0.0,0.010577092922048413
CYSS_c,0.0,0.01026421516742304
SERAT_c,0.0,0.010264215167414825
LACDtps_c,-0.0102076724100445,0.0
EX_lac__D_e,0.0,0.01020767239716125
ASPtps_e,-0.009996352446568935,0.0
EX_asp__L_e,0.0,0.009996352446568935
EX_mal__L_e,0.0,0.00975918063986212
FUMt_c_e,-0.00975918063986033,0.0
EX_fum_e,0.0,0.009759180639859442
MALt_c_e,-0.00975918063984723,0.0
GLYCtps_e,-0.009354983298846662,0.0
EX_glyc_e,0.0,0.009354983298501415
SUCCt_c_e,-0.009043931244432087,0.0
EX_succ_e,0.0,0.00904393124443121
ECOAR240_rm,0.002161989607862658,0.00889286692175133
3OACR240_rm,0.002161989607862658,0.00889286692175133
3HACD240_rm,0.002161989607862658,0.00889286692175133
3OACE240_rm,0.002161989607862658,0.00889286692175133
DOCOSCOAt_c_rm,-0.00871388323659609,0.002109600100770447
TTCCOAt_c_rm,-0.008443861872765367,0.005007281671294909
ECOAH220_x,0.0,0.0082266278282599
ACACT220i_x,0.0,0.0082266278282599
ACOAO220_x,0.0,0.0082266278282599
FACOA220tabc_x,0.0,0.0082266278282599
HACD220i_x,0.0,0.0082266278282599
GMPS2_c,0.008120561914468798,0.008131674525510203
IMPD_c,0.0,0.008131674525510203
XPPT_c,0.0,0.00813167452551019
ACGAM6PS_c,0.0079637415767125,0.0079637415767125
UAGDP_c,0.0079637415767125,0.0079637415767125
ACGAMPM_c,0.0079637415767125,0.0079637415767125
HACD100i_m,0.0,0.0076382032793513716
HACD80i_m,0.0,0.0076382032793513716
ACACT140i_x,0.0,0.0076382032793513716
HACD120i_m,0.0,0.0076382032793513716
HACD60i_m,0.0,0.0076382032793513716
CRNAT120_x,-0.0076382032793513716,0.0
HACD40i_m,0.0,0.0076382032793513716
ACACT60i_m,0.0,0.0076382032793513716
ECOAH140_x,0.0,0.0076382032793513716
ACACT120i_m,0.0,0.0076382032793513716
ACACT80i_m,0.0,0.0076382032793513716
ACACT40i_m,0.0,0.0076382032793513716
ACACT100i_m,0.0,0.0076382032793513716
ECOAH80_m,0.0,0.007638203279337924
ECOAH100_m,0.0,0.007638203279337924
ECOAH120_m,0.0,0.007638203279337924
ECOAH60_m,0.0,0.007638203279337924
ECOAH40_m,0.0,0.007638203279337924
CRNAT120_m,0.0,0.007638203279337924
ACOAD80f_m,0.0,0.007638203279333467
ACOAO140_x,0.0,0.007638203279333467
ACOAD60f_m,0.0,0.007638203279333467
ACOAD120f_m,0.0,0.007638203279333467
HACD140i_x,0.0,0.007638203279333467
CRN120t_c_x,0.0,0.007638203279333467
ACOAD40f_m,0.0,0.007638203279333467
ACOAD100f_m,0.0,0.007638203279333467
CRN120t_c_m,0.0,0.007638203279333467
EX_xan_e,0.0,0.007484166575953018
XANt_c_e,-0.007484166575942877,0.0
EX_thr__L_e,0.0,0.007483792161862182
THRtps_e,-0.007483792161853183,0.0
EX_hom__L_e,0.0,0.007483792161844964
HOMt_c_e,-0.007483792161844964,0.0
EX_akg_e,0.0,0.007277816230774885
AKGt_c_e,-0.007277816230650762,0.0
NADPHt_c_x,0.0,0.007119197159087658
NADPt_c_x,-0.0071191971590744,0.0
PEMT_rm,0.004574617461304791,0.007081258529859486
PDMEMT_rm,0.004574617461304791,0.007081258529859486
PMEMT_rm,0.004574617461304791,0.007081258529859486
MG2t_c_e,0.00706839850510649,0.00706839850510649
EX_mg2_e,-0.00706839850510649,-0.00706839850510649
EX_hxan_e,0.0,0.006797125580611642
HXANt_c_e,-0.006797125580603649,0.0
PEt_c_rm,-0.0067686913853198,-0.0067686913853198
GLUtps_e,-0.00673495910763524,0.0
EX_glu__L_e,0.0,0.006734959107434886
ACACT240i_x,0.0,0.006730877314046458
ECOAH240_x,0.0,0.006730877314046458
ACOAO240_x,0.0,0.006730877314046458
FACOA240tabc_x,0.0,0.006730877314046458
HACD240i_x,0.0,0.006730877314046458
TTCCOAt_c_l,-0.0067202662300365895,0.005456286720436553
TYRTA_c,0.0065832310149472,0.0065832310149472
TYRTRS_c,0.0065832310149472,0.0065832310149472
PPND2_c,0.0065832310149472,0.0065832310149472
CYStps_e,-0.006521401977868377,0.0
EX_cys__L_e,0.0,0.006521401977780336
ATPPRT_c,0.00648247074259887,0.00648247074259887
IGPDH_c,0.00648247074259887,0.00648247074259887
HSTPT_c,0.00648247074259887,0.00648247074259887
HISTRS_c,0.00648247074259887,0.00648247074259887
PRAMPC_c,0.00648247074259887,0.00648247074259887
PRATPP_c,0.00648247074259887,0.00648247074259887
IG3PS_c,0.00648247074259887,0.00648247074259887
PRMICI_c,0.00648247074259887,0.00648247074259887
HISTP_c,0.00648247074259887,0.00648247074259887
HISTD_c,0.00648247074259887,0.00648247074259887
CITt_c_e,-0.006379062359657711,0.0
EX_cit_e,0.0,0.006379062359657392
HXCCOAt_c_rm,-0.0061443627763848015,-0.00044900504912797
3OACE260_rm,0.00044900504912797,0.006144362776264643
3OACR260_rm,0.00044900504912797,0.006144362776264643
ECOAR260_rm,0.00044900504912797,0.006144362776264643
3HACD260_rm,0.00044900504912797,0.006144362776264643
BTDDH_c,-0.006082118054861918,0.0
EX_btd_e,0.0,0.006082118054853924
ACALDCD_c,0.0,0.006082118054848262
PYRDC2_c,0.0,0.006082118054847707
BTDt_c_e,0.0,0.006082118054847596
EX_ibtald_e,0.0,0.005967731095204862
IBTALDt_c_e,0.0,0.005967731095198145
3MOBDC_c,0.0,0.005967731095184822
ACOADS182_rm,0.0022626649643475794,0.005822263543891408
FACOA260tabc_x,0.0,0.005695357727256832
HACD260i_x,0.0,0.005695357727256832
ACOAO260_x,0.0,0.005695357727256832
ACACT260i_x,0.0,0.005695357727256832
ECOAH260_x,0.0,0.005695357727256832
DAGt_c_r,-0.0056637644694729,-0.0056637644694729
PEt_c_r,0.0056637644694729,0.0056637644694729
PROtps_e,-0.005617575907010557,0.0
EX_pro__L_e,0.0,0.005617575907004672
ORNtps_e,-0.005575274883614416,0.0
EX_orn_e,0.0,0.00557527488360237
IBUTOHt_c_e,0.0,0.005522599486910071
EX_ibutoh_e,0.0,0.005522599486910071
IBTALDt_c_m,0.0,0.005522599486903479
ALCD23xi_m,0.0,0.0055225994869031875
ALCD23xi_c,0.0,0.005522599486903007
IBUTOHt_c_m,-0.005522599486902743,0.0
ALCD23yi_c,0.0,0.005460151213452419
EX_val__L_e,0.0,0.005460151213447326
VALtps_e,-0.0054601512134342806,0.0
FACOAL240_l,0.0,0.005456286720436639
FACOAL240_rm,0.0,0.005456286720436639
TTCOSAt_c_l,0.0,0.0054562867204356325
ORNDC_c,1.1112611041405e-05,0.005449872438737811
PTRCtpa_e,-0.005438759827698252,0.0
EX_ptrc_e,0.0,0.00543875982769742
HACD161bi_x,0.0,0.005329149504883283
HACD141bi_x,0.0,0.005329149504883283
ECOAI101a_x,0.0,0.005329149504883283
FACOA161tabc_x,0.0,0.005329149504883283
ECOAH121a_x,0.0,0.005329149504883283
ECOAH141b_x,0.0,0.005329149504883283
ECOAH161b_x,0.0,0.005329149504883283
ECOAH100_x,0.0,0.005329149504883283
HACD121ai_x,0.0,0.005329149504883283
ACACT161bi_x,0.0,0.005329149504883283
ACACT141bi_x,0.0,0.005329149504883283
ACOAO121a_x,0.0,0.005329149504883283
HACD100i_x,0.0,0.005329149504883283
ACACT121ai_x,0.0,0.005329149504883283
ACOAO141b_x,0.0,0.005329149504883283
ACOAO161b_x,0.0,0.005329149504883283
CRNAT80_x,-0.00532914950487079,0.0
CRN80t_c_m,0.0,0.00532914950487079
ACOADS160_rm,0.0,0.00532914950487079
ACACT100i_x,0.0,0.00532914950487079
CRNAT80_m,0.0,0.00532914950487079
CRN80t_c_x,0.0,0.00532914950487079
OGLYCANS5_g,0.00531049456446663,0.00531049456446663
OGLYCANS4_g,0.00531049456446663,0.00531049456446663
OGLYCANS3_g,0.00531049456446663,0.00531049456446663
OGLYCANS2_g,0.00531049456446663,0.00531049456446663
G13027t_g_r,-0.00531049456446663,-0.00531049456446663
OGLYCANS1_r,0.00531049456446663,0.00531049456446663
M1PS_c,0.0,0.005223593946122929
EX_inost_e,-0.00522359394612285,0.0
INOSTtps_e,0.0,0.00522359394612285
GAM6Pt_c,-0.004989194774561313,0.0
EX_gam6p_e,0.0,0.00498919477455171
FALPDt_c_en,-0.004950921329828578,0.0
CRN100t_c_m,0.0,0.004841302340094479
ECOAI121a_x,0.0,0.004841302340094479
HACD141ai_x,0.0,0.004841302340094479
ACACT161ai_x,0.0,0.004841302340094479
ACOAO161a_x,0.0,0.004841302340094479
ECOAH181a_x,0.0,0.004841302340094479
FACOA181tabc_x,0.0,0.004841302340094479
ECOAH120_x,0.0,0.004841302340094479
ACACT141ai_x,0.0,0.004841302340094479
ECOAH161c_x,0.0,0.004841302340094479
ECOAH141c_x,0.0,0.004841302340094479
HACD161ai_x,0.0,0.004841302340094479
CRNAT100_m,0.0,0.004841302340094479
ACOAO141a_x,0.0,0.004841302340094479
ACACT181ai_x,0.0,0.004841302340094479
HACD120i_x,0.0,0.004841302340094479
HACD181ai_x,0.0,0.004841302340094479
CRN100t_c_x,0.0,0.004841302340094479
ACOAO181a_x,0.0,0.004841302340094479
ACACT120i_x,0.0,0.00484130234008313
CRNAT100_x,-0.00484130234008313,0.0
ANS_c,0.00218325251164197,0.004816087481069077
RNDR3_c,0.0012306105467251901,0.00474778434633856
DOCOSAt_c_rm,-0.004701200115925468,0.002109600100773302
ARGtps_e,-0.004695960916856999,0.0
EX_arg__L_e,0.0,0.004695960916773094
NDPK7_c,0.0012306105467251901,0.004663439650904044
PCt_c_rm,-0.00457461746130479,-0.00457461746130479
EX_2mbald_e,0.0,0.004456640276149032
2MBALDt_c_e,0.0,0.004456640276149032
ILETA_c,0.0,0.004456640276148529
3MOPDC_c,0.0,0.004456640276138003
EX_3mop_e,0.0,0.0043689801605678175
3MOPt_c_e,-0.004368980160555144,0.0
LYStps_e,-0.004261683640915819,0.0
EX_lys__L_e,0.0,0.004261683640886683
MEVt_c_e,-0.004235677943606464,0.0
EX_mev__R_e,0.0,0.004235677943602703
ALCD22xi_m,0.0,0.004203613765391249
ALCD22xi_c,0.0,0.0042036137653912
2MBTOHt_c_e,0.0,0.004203613765391072
EX_2mbtoh_e,0.0,0.004203613765390562
2MBALDt_c_m,0.0,0.004203613765390562
2MBTOHt_c_m,-0.00420361376537888,0.0
ALCD22yi_c,0.0,0.004167334922387408
EX_3c3hmp_e,0.0,0.004108748637862522
3C3HMPt_c_e,0.0,0.004108748637862522
FACOA182tabc_x,0.0,0.0041026773432496465
DECOAR102d_x,0.0,0.004102677343240029
ECOAI122d_x,0.0,0.004102677343240029
ACOAO162_x,0.0,0.004102677343240029
HACD142i_x,0.0,0.004102677343240029
ACACT162i_x,0.0,0.004102677343240029
ACACT182i_x,0.0,0.004102677343240029
HACD182i_x,0.0,0.004102677343240029
HACD121di_x,0.0,0.004102677343240029
ACACT121di_x,0.0,0.004102677343240029
ECOAH121d_x,0.0,0.004102677343240029
HACD162i_x,0.0,0.004102677343240029
ECOAH162_x,0.0,0.004102677343240029
ACOAO101d_x,0.0,0.004102677343240029
ACACT142i_x,0.0,0.004102677343240029
ECOAH142_x,0.0,0.004102677343240029
ECOAH182_x,0.0,0.004102677343240029
ACOAO182_x,0.0,0.004102677343240029
ECOAI101d_x,0.0,0.004102677343240029
ACOAO142_x,0.0,0.004102677343240029
EX_4abz_e,-1.1112611041405596e-05,0.0040458825384872485
4ABZt_c_e,-1.1112611041405596e-05,0.0040458825384872485
ADCS_c,0.0,0.004045882538483696
ADCL_c,0.0,0.004045882538483696
EX_met__L_e,0.0,0.003935488153142028
METtps_e,-0.003935488153083519,0.0
METTRS_c,0.0038290602653787698,0.0038290602653787698
COAt_c_r,-0.0036839416863361793,-0.00368394168633618
ADMDC_c,1.1112611041405e-05,0.0036837143200960584
ADPT_c,0.0,0.003683714320087664
MTAP_c,0.0,0.0036837143200872634
MTRI_c,0.0,0.0036837143200872634
MDRPD_c,0.0,0.0036837143200872634
DKMPPH_c,0.0,0.003683714320083218
DKMEOX_c,0.0,0.003683714320083218
UNK3_c,0.0,0.003683714320074657
ADD_c,0.0,0.003655908140450914
CRNAT60_m,0.0,0.003559598579543829
CRN60t_c_x,0.0,0.003559598579543829
CRN60t_c_m,0.0,0.003559598579543829
ACACT80i_x,0.0,0.0035595985795372
HACD80i_x,0.0,0.0035595985795372
CRNAT60_x,-0.0035595985795372,0.0
ECOAH80_x,0.0,0.0035595985795372
DECOAI82e_x,0.0,0.0035595985795354845
HACD122ei_x,0.0,0.0035595985795354845
ECOAI81e_x,0.0,0.0035595985795354845
DECOAR82e_x,0.0,0.0035595985795354845
ECOAH101e_x,0.0,0.0035595985795354845
ECOAI82e_x,0.0,0.0035595985795354845
ACOAO82e_x,0.0,0.0035595985795354845
ACACT122ei_x,0.0,0.0035595985795354845
HACD101ei_x,0.0,0.0035595985795354845
DECOAR103e_x,0.0,0.0035595985795354845
ECOAI102e_x,0.0,0.0035595985795354845
ACACT101ei_x,0.0,0.0035595985795354845
ACOAO102e_x,0.0,0.0035595985795354845
ACOAO183_x,0.0,0.0035595985795354845
ECOAH163_x,0.0,0.0035595985795354845
ECOAH183_x,0.0,0.0035595985795354845
ACACT163i_x,0.0,0.0035595985795354845
ACOAO143_x,0.0,0.0035595985795354845
ECOAH143_x,0.0,0.0035595985795354845
ACOAO163_x,0.0,0.0035595985795354845
ACACT183i_x,0.0,0.0035595985795354845
HACD143i_x,0.0,0.0035595985795354845
HACD183i_x,0.0,0.0035595985795354845
ACACT143i_x,0.0,0.0035595985795354845
ECOAI123e_x,0.0,0.0035595985795354845
ECOAH122e_x,0.0,0.0035595985795354845
HACD163i_x,0.0,0.0035595985795354845
FACOA183tabc_x,0.0,0.0035595985795335537
DHFRi_c,0.0007995523644290931,0.003528286410660275
CYTK2_c,-0.003517173799619456,0.0
DTMPK_c,0.0007884397533876862,0.003517173799619234
DCMPDA_c,0.0,0.003517173799619234
RNDR4_c,0.0,0.003517173799619161
TMDS_c,0.0007884397533876862,0.0035171737996160524
NDPK4_c,0.0007884397533876862,0.003517173799613582
DCYTD_c,0.0,0.0034744896515650527
NTD3pp_c,0.0,0.003474489651562388
DCTPD_c,0.0,0.0034328291041855093
PHEtps_e,-0.0030798523483934817,0.0
EX_phe__L_e,0.0,0.003079852348348247
PAPt_c,-0.0030730347449279723,0.0
EX_pap_e,0.0,0.003073034744920034
PMTCOAt_c_r,0.00278593158808024,0.00278593158808024
SPMS_c,1.1112611041405e-05,0.002756711515415522
SPMDtpa_e,-0.0027455989044117284,0.0
EX_spmd_e,0.0,0.0027455989043678147
EX_dttp_e,0.0,0.002728734046239458
DTTPt_c,-0.0027287340462317697,0.0
CHTNS_c,0.0026302439073901604,0.0026302439073901604
ID3ACALDt_c_e,0.0,0.002628626643354766
EX_id3acald_e,0.0,0.002628626643354766
INDPYRD_c,0.0,0.0026286266433491177
TRPTA_c,0.0,0.0026286266433487846
TREtps_e,0.0,0.0026119349878088727
EX_tre_e,0.0,0.002611934987798825
DOCOSCOAt_c_l,-0.0025906164150822602,0.002109600100775718
IND3ETHt_c_e,0.0,0.0025385023012972894
EX_ind3eth_e,0.0,0.0025385023012972894
ID3ACALDt_c_m,0.0,0.0025385023012970396
ALCD26xi_m,0.0,0.0025385023012945633
IND3ETHt_c_m,-0.0025385023012945633,0.0
ALCD26xi_c,0.0,0.0025385023012944375
2DHPt_c_m,-0.0025298286032686412,0.0
ALDD22x_c,0.0,0.002529828603230498
SPMDAT_c,0.0,0.0025298286032291173
PTRCAT1_c,-0.0025298286032275352,0.0
DPR_c,0.0,0.0025298286032260503
SPRMS_c,0.0,0.00252982860322086
PBAL_c,0.0,0.002529828603219382
MTMOHT_m,0.0,0.002529828603219382
POLYAO3_c,0.0,0.002529828603219382
POLYAO1_c,0.0,0.0025298286032186396
PNTOtps_e,-0.0025187159922272773,1.1112611041474985e-05
EX_pnto__R_e,-1.1112611041485393e-05,0.0025187159921843394
PLAA1lpc_rm,0.0,0.0025066410685596497
G3PCt_c_rm,0.0,0.0025066410685596462
EX_g3pc_e,0.0,0.002506641068559372
G3PCt_c_e,-0.0025066410685109044,0.0
G3PCt_c_en,0.0,0.0024754606649200657
PLAA2pc_en,0.0,0.002475460664919795
PLAA1lpc_en,0.0,0.0024754606649140965
TRPTRS_c,0.00218325251164197,0.00218325251164197
DOCOSAt_c_l,0.0,0.0021096001007778146
FACOAL220_rm,0.0,0.0021096001007757516
FACOAL220_l,0.0,0.0021096001007757516
ETFOXRq9_c,0.0,0.002074327151321123
FRD_c,0.0,0.002074327151317737
OCTAt_c_x,-0.001981082334677659,0.0
EX_octa_e,0.0,0.0019810823346683715
OCTAt_c_e,-0.0019810823346668727,0.0
EX_hxa_e,0.0,0.001943638006340502
HXAt_c_e,-0.0019436380063274916,0.0
FACOAE60_x,0.0,0.0019436380063268324
HXAt_c_x,-0.0019436380063251033,0.0
GPIA8a_r,0.0018879214898243,0.0018879214898243
GPIA4_r,0.0018879214898243,0.0018879214898243
GPIA5_r,0.0018879214898243,0.0018879214898243
GPIA6_r,0.0018879214898243,0.0018879214898243
GPIA7_r,0.0018879214898243,0.0018879214898243
GPIA3_c_r,0.0018879214898243,0.0018879214898243
GPIA9a_r,0.0018879214898243,0.0018879214898243
GPIA10a_r,0.0018879214898243,0.0018879214898243
GPIA2_c,0.0018879214898243,0.0018879214898243
GPIA1_c,0.0018879214898243,0.0018879214898243
SPRMtpa_e,-0.0018363008545303036,0.0
EX_sprm_e,0.0,0.0018363008545207028
AMETt_c_e,0.0,0.001725597819790925
EX_amet_e,0.0,0.001725597819790592
NGLYCANS4_c,0.0017227880897490201,0.0017227880897490201
NGLYCANS1_c,0.0017227880897490201,0.0017227880897490201
NGLYCANS2_c,0.0017227880897490201,0.0017227880897490201
NGLYCANS3_c,0.0017227880897490201,0.0017227880897490201
DOLDPt_c_l,0.0017227880897490201,0.0017227880897490201
NGLYCANS7_c,0.0017227880897490201,0.0017227880897490201
NGLYCANS6_c,0.0017227880897490201,0.0017227880897490201
NGLYCANS5_c,0.0017227880897490201,0.0017227880897490201
DOLDPP_c,0.0017227880897490201,0.0017227880897490201
PRENT8_l,0.00172278808974902,0.00172278808974902
PRENT10_l,0.00172278808974902,0.00172278808974902
GGTT_l,0.00172278808974902,0.00172278808974902
PRENT11_l,0.00172278808974902,0.00172278808974902
PRENT12_l,0.00172278808974902,0.00172278808974902
PRENT13_l,0.00172278808974902,0.00172278808974902
PRENT7_l,0.00172278808974902,0.00172278808974902
FRTT_l,0.00172278808974902,0.00172278808974902
FRDPt_c_l,-0.00172278808974902,-0.00172278808974902
PRENT6_l,0.00172278808974902,0.00172278808974902
PRENT9_l,0.00172278808974902,0.00172278808974902
PPTT_l,0.00172278808974902,0.00172278808974902
DCAt_c_x,-0.001646789378436665,0.0
EX_dca_e,0.0,0.001646789378436665
DCAt_c_e,-0.0016467893784319065,0.0
EX_ddca_e,0.0,0.0016255778056426973
DDCAt_c_e,-0.0016255778056414628,0.0
PRENT14_l,0.0015313671908880177,0.0015313671908880177
DM_5mta_c,0.0,0.001493838286699787
TTDCAt_c_e,-0.0014574734341379486,0.0
EX_ttdca_e,0.0,0.0014574734341058423
PRENT15_l,0.0013399462920270155,0.0013399462920270155
HDCAt_c_e,-0.0012685988698048645,0.0
EX_hdca_e,0.0,0.0012685988698000828
POLYAO2_c,0.0,0.001264914301611544
SPRMAT_c,0.0,0.0012649143016100588
HDCEAt_c_e,-0.001246738613397684,0.0
EX_hdcea_e,0.0,0.001246738613394761
RNDR2_c,0.0012306105467251901,0.0012306105467251901
PRENT16_l,0.0011485253931660133,0.0011485253931660133
EX_ocdca_e,0.0,0.0011225655350085267
OCDCAt_c_e,-0.0011225655350056434,0.0
OCDCEAt_c_e,-0.0011060504879981214,0.0
EX_ocdcea_e,0.0,0.0011060504879531852
FRTT_c,0.0,0.0010371635756627542
PRENT17_l,0.0009571044943050111,0.0009571044943050111
3DSPHR_r,0.00089801009825594,0.00089801009825594
SERPT_r,0.00089801009825594,0.00089801009825594
compCER_r,0.00089801009825594,0.00089801009825594
IPCS_g,0.00089801009825594,0.00089801009825594
CO2t_c_r,-0.00089801009825594,-0.00089801009825594
SERt_c_r,0.00089801009825594,0.00089801009825594
CERt_g_r,0.00089801009825594,0.00089801009825594
DAGt_gm_rm,0.00089801009825594,0.00089801009825594
RNDR1_c,0.0007884397533876862,0.0007884397533876857
PRENT18_l,0.0007656835954440088,0.0007656835954440088
TTCOSAt_c_e,0.0,0.0007348324591836134
EX_ttcosa_e,0.0,0.0007348324591829169
LANOSTt_c_e,-0.0006659040393417002,0.0
EX_lanost_e,0.0,0.0006659040393416794
EX_docosa_e,0.0,0.0006464225833547435
DOCOSAt_c_e,0.0,0.0006464225833524202
14DMLANOSTt_c_e,-0.0006449446903685468,0.0
EX_14dmlanost_e,0.0,0.0006449446903655232
PSt_c_rm,-0.0005925244207277161,-0.0005925244207277161
EX_epist_e,0.0,0.0005852319949499092
EPISTt_c_e,-0.0005852319949493368,0.0
EX_ergtetrol_e,0.0,0.0005747527593110875
ERGTETROLt_c_e,-0.0005747527593100519,0.0
C22STDSy_c,0.0,0.0005747527593100519
C5STDS_c,0.0,0.0005747527593100519
PRENT19_l,0.0005742626965830066,0.0005742626965830066
ERGTETROLt_c_r,0.0,0.0005696526245468417
EX_ergst_e,0.0,0.0005696526245468417
ERGSTt_c_r,0.0,0.0005696526245468417
C24STR_r,0.0,0.0005696526245465849
ERGSTt_c_e,-0.0005696526245462987,0.0
PHYTOES_c,0.0,0.0005185817878315679
CAROL2_c,0.0,0.0005185817878315679
CAROL3_c,0.0,0.0005185817878315679
EX_caro_c,0.0,0.0005185817878314049
PHYTOED1_c,0.0,0.0005185817878302357
PHYTOED2_c,0.0,0.0005185817878302357
PHYTOED3_c,0.0,0.0005185817878302357
PHYTOED4_c,0.0,0.0005185817878302357
CYSTRS_c,0.00047024292364924606,0.00047024292364924606
TTCCOAt_c_r,0.00044900504912797,0.00044900504912797
CERS126_c,0.000224502524563985,0.00044900504912797
CERS124_c,0.000224502524563985,0.00044900504912797
HXCCOAt_c_r,0.00044900504912797,0.00044900504912797
PSPHS_r,0.0,0.00044900504912797
PRENT20_l,0.0003828417977220044,0.0003828417977220044
EX_tag_c,0.0,0.0003547609944782532
CERH124A_r,0.0,0.000224502524563985
CERH126A_r,0.0,0.000224502524563985
CERS2A24_r,0.0,0.000224502524563985
CERS2A26_r,0.0,0.000224502524563985
PRENT21_l,0.0001914208988610022,0.0001914208988610022
uniDOLDP_l,0.0001914208988610022,0.0001914208988610022
EX_zn2_e,-0.00017513475001254303,-0.00017513475001254303
ZN2t_c_e,0.00017513475001254303,0.00017513475001254303
EX_ca2_e,-0.000142908177992469,-0.000142908177992469
CA2t_c_e,0.000142908177992469,0.000142908177992469
5AOPt_c_m,-8.890088833124e-05,-8.890088833124e-05
ALAS_m,8.890088833124e-05,8.890088833124e-05
FE2t_c_e,8.49003483563344e-05,8.49003483563344e-05
EX_fe2_e,-8.49003483563344e-05,-8.49003483563344e-05
PPBNGS_1_c,4.445044416562e-05,4.445044416562e-05
RBFSa_c,4.445044416562e-05,4.445044416562e-05
DB4PS_c,4.445044416562e-05,4.445044416562e-05
EX_gcald_e,0.0,2.2225340239368368e-05
NACt_c_e,0.0,2.222522208350508e-05
NNATi_c,2.2225222082283835e-05,2.2225222083213647e-05
HKYNH_c,0.0,2.2225222083011118e-05
NADS2_c,2.222522208275568e-05,2.222522208300548e-05
3HAO_c,0.0,2.2225222082844585e-05
DM_gcald_c,0.0,2.2225222082810595e-05
RBFSb_c,2.222522208281e-05,2.222522208281e-05
DHPPDA2_c,2.222522208281e-05,2.222522208281e-05
PMDPHT_c,2.222522208281e-05,2.222522208281e-05
GTPCII2_c,2.222522208281e-05,2.222522208281e-05
DRAPPRy_c,2.222522208281e-05,2.222522208281e-05
GCALDt_c_e,-2.2225222082796717e-05,0.0
NNDPR_c,0.0,2.2225222082733562e-05
EX_nac_e,-2.2225222082727925e-05,0.0
KYN3OX_c,0.0,2.2225222082720986e-05
NAMNPP_c,0.0,2.222522208249547e-05
QUILSYN_c,0.0,2.2225222082400495e-05
EX_cu2_e,-1.2668376587201701e-05,-1.2668376587201701e-05
CU2t_c_e,1.2668376587201701e-05,1.2668376587201701e-05
PNTK_c,1.1112611041474985e-05,1.1112611041530496e-05
PTPAT_c,1.1112611041474985e-05,1.1112611041530496e-05
PPNCL2_c,1.111261104137437e-05,1.1112611041474985e-05
PPCDC_c,1.111261104137437e-05,1.1112611041474985e-05
HPPK2_m,0.0,1.1112611041419473e-05
DHFS_1_c,0.0,1.1112611041419473e-05
DHNPA2i_m,0.0,1.1112611041419473e-05
DNMPPA_c,0.0,1.1112611041419473e-05
4ABZt_c_m,0.0,1.1112611041405596e-05
GTPCI_c,0.0,1.1112611041405596e-05
FOLD3_m,0.0,1.1112611041405596e-05
AKP1_c,0.0,1.1112611041405596e-05
DHPTS_m,0.0,1.1112611041405596e-05
DHNPTt_c_m,0.0,1.1112611041405596e-05
AFAT_c,1.1112611041405596e-05,1.1112611041405e-05
FE2t_c_m,1.1112611041405e-05,1.1112611041405e-05
PPPG9t_c_m,1.1112611041405e-05,1.1112611041405e-05
UPPDC1_c,1.1112611041405e-05,1.1112611041405e-05
UPP3S_c,1.1112611041405e-05,1.1112611041405e-05
HEMEOS_m,1.1112611041405e-05,1.1112611041405e-05
HOMOX_m,1.1112611041405e-05,1.1112611041405e-05
RBFK_c,1.1112611041405e-05,1.1112611041405e-05
PYDX5PS_c,1.1112611041405e-05,1.1112611041405e-05
EX_thm_e,-1.1112611041405e-05,0.0
TMPK_c,0.0,1.1112611041405e-05
THZPSN2_c,0.0,1.1112611041405e-05
THZPSN1_c,0.0,1.1112611041405e-05
THMtps_e,0.0,1.1112611041405e-05
HEMEAt_c_m,1.1112611041405e-05,1.1112611041405e-05
FCLT_m,1.1112611041405e-05,1.1112611041405e-05
TMDPK_c,0.0,1.1112611041405e-05
PPBNGD_c,1.1112611041405e-05,1.1112611041405e-05
CPPPGO_c,1.1112611041405e-05,1.1112611041405e-05
FRDPt_c_m,1.1112611041405e-05,1.1112611041405e-05
AHMMPS4_c,0.0,1.1112611041405e-05
EX_btn_c,-1.1112611041405e-05,-1.1112611041405e-05
EX_fol_e,-1.1112611041393019e-05,0.0
FOLt_c_e,0.0,1.1112611041393019e-05
FOLR_c,0.0,1.1112611041393019e-05
DHPTt_c_m,-1.1112611041391718e-05,0.0
GCALDt_c_m,-1.1112611041391718e-05,0.0
DPCOAK_c,1.111261104137437e-05,1.1112611041363962e-05
NADK_c,0.0,1.1112611041363962e-05
NADHK1_c,0.0,1.1112611041141918e-05
DNTPPA_c,0.0,1.1112611041141918e-05
EX_mn2_e,-1.04458543789207e-05,-1.04458543789207e-05
MN2t_c_e,1.04458543789207e-05,1.04458543789207e-05
PPPGO_m,5.5563055207025e-06,5.5563055207025e-06
TMABADH_m,0.0,0.0
ACOAD141bf_x,0.0,0.0
MGCH_m,0.0,0.0
GHMT3_m,0.0,0.0
HLYSMT_m,0.0,0.0
UDPGLDC_c,0.0,0.0
ACOAD161bf_x,0.0,0.0
ACOAD180f_x,0.0,0.0
ACOAD121af_x,0.0,0.0
ADPRDP_m,0.0,0.0
AEPI2_c,0.0,0.0
GTPDPDP_c,0.0,0.0
2OGMAH_c,0.0,0.0
RBK_D_c,0.0,0.0
MANNAN14H_c,0.0,0.0
ACOAD141af_x,0.0,0.0
2OSUCAH_c,0.0,0.0
AEPI1_c,0.0,0.0
G6PE_c,0.0,0.0
PPGPPDP_c,0.0,0.0
GBBOX_c,0.0,0.0
GALOX_e,0.0,0.0
ACPCS_c,0.0,0.0
HACD40y_c,0.0,0.0
ACOAD161af_x,0.0,0.0
CATDOX_c,0.0,0.0
ACOAD181af_x,0.0,0.0
FRMDAH_c,0.0,0.0
HACD141bi_m,0.0,0.0
XYLURx_c,0.0,0.0
DAOala_x,0.0,0.0
CMPA_c,0.0,0.0
ACOAD143f_x,0.0,0.0
ACOAD163f_x,0.0,0.0
FRMDH_c,0.0,0.0
ACOAD183f_x,0.0,0.0
ACOAD101df_x,0.0,0.0
DAOorn_x,0.0,0.0
DAOpro_x,0.0,0.0
ACOAD142f_x,0.0,0.0
DAOarg_x,0.0,0.0
DAOgly_x,0.0,0.0
ACOAD102ef_x,0.0,0.0
DAO4hpro_x,0.0,0.0
CEPHSCOX_x,0.0,0.0
RADHx_m,0.0,0.0
ETNO2OX_c,0.0,0.0
PAFH_c,0.0,0.0
SDPDS_c,0.0,0.0
PHACRDC1_c,0.0,0.0
PHACRDC2_c,0.0,0.0
PHACRDC3_c,0.0,0.0
PHACRDC4_c,0.0,0.0
3DHSKD_c,0.0,0.0
ACOAD82ef_x,0.0,0.0
CHTNH_v,0.0,0.0
LYSN6MOX_c,0.0,0.0
NGLYCANS18_r,0.0,0.0
NGLYCANS19_g,0.0,0.0
ABTD2Dy_c,0.0,0.0
OGLYCANS_B3GAT1_r,0.0,0.0
TROPNDH_c,0.0,0.0
PADAH_c,0.0,0.0
PACt_c_x,0.0,0.0
ABTD4Dy_c,0.0,0.0
PACCOAE_c,0.0,0.0
CHOLD_c,0.0,0.0
ORNN5MOX_c,0.0,0.0
XYLI2_c,0.0,0.0
CMBOLHcis_c,0.0,0.0
CMBOLHtrans_c,0.0,0.0
ABTD2Dx_c,0.0,0.0
RDH_c,0.0,0.0
UDPGD_c,0.0,0.0
TDPDRR_c,0.0,0.0
NITROPP_c,0.0,0.0
PGLYCP_c,0.0,0.0
4CMCOAL_x,0.0,0.0
XYLI1_c,0.0,0.0
CHTNH_e,0.0,0.0
MUCOCI_c,0.0,0.0
XYLURy_c,0.0,0.0
TYRCBOX_x,0.0,0.0
FACOAL80_c,0.0,0.0
CELLBH_e,0.0,0.0
CFCOAMT_c,0.0,0.0
RNDR4_n,0.0,0.0
ARSO4H_c,0.0,0.0
CRNAT40_x,0.0,0.0
ACGAM6S1_r,0.0,0.0
ACGAM6S2_r,0.0,0.0
CRN40t_c_m,0.0,0.0
CHLSTI2_c,0.0,0.0
MDLDH_x,0.0,0.0
FACOAL40_c,0.0,0.0
ACRNAH_x,0.0,0.0
CRN40t_c_x,0.0,0.0
CRNAT40_m,0.0,0.0
ACOADm30f_m,0.0,0.0
ACOADm40f_m,0.0,0.0
BBOX_m,0.0,0.0
ACOADm50f_m,0.0,0.0
INO3GALT_c,0.0,0.0
XYLRy_c,0.0,0.0
ARABRy_c,0.0,0.0
FACOAL100_c,0.0,0.0
FACOAL60_c,0.0,0.0
MUCOCI_e,0.0,0.0
EX_fald_e,0.0,0.0
CMUCOC_c,0.0,0.0
3HBRDH_c,0.0,0.0
ACOAD162f_x,0.0,0.0
PHEN2MOXy_c,0.0,0.0
3HPPPNH_c,0.0,0.0
3HCINNMH_c,0.0,0.0
MCCC_m,0.0,0.0
ACOAD182f_x,0.0,0.0
LDH_L_x,0.0,0.0
ARAK_c,0.0,0.0
DNTP_c,0.0,0.0
PGS_x,0.0,0.0
CATOX_e,0.0,0.0
ASCBOX_c,0.0,0.0
XU5PFGT_x,0.0,0.0
EX_ppa_e,0.0,0.0
VANLLOX_x,0.0,0.0
PPAt_c_e,0.0,0.0
2DOXG6PP_c,0.0,0.0
PPAt_c_m,0.0,0.0
F1PP_c,0.0,0.0
FACOAL40o_x,0.0,0.0
ACCOATsucpp_m,0.0,0.0
PREN9DPt_c_m,0.0,0.0
FADt_c_m,0.0,0.0
MIPCS_g,0.0,0.0
3HAD60_m,0.0,0.0
3HAD80_m,0.0,0.0
CLAH1_mm,0.0,0.0
CLPNS_mm,0.0,0.0
ETHAPT_rm,0.0,0.0
NI2t_c_e,0.0,0.0
MOBDt_c_e,0.0,0.0
EX_arach_e,0.0,0.0
ARACHt_c_e,0.0,0.0
FACOAL200_rm,0.0,0.0
FACOAL200_l,0.0,0.0
ACACT180i_m,0.0,0.0
ACACT260i_m,0.0,0.0
COBALT2t_c_e,0.0,0.0
Q9H2t_c_m,0.0,0.0
Q9H2t_c_e,0.0,0.0
PYDX5Pt_c_e,0.0,0.0
NADPt_c_e,0.0,0.0
NADt_c_e,0.0,0.0
ACACT160i_m,0.0,0.0
ACACT140i_m,0.0,0.0
CLAH3_mm,0.0,0.0
1MLCLAT_mm,0.0,0.0
3HAD40_m,0.0,0.0
PLAA1lpe_mm,0.0,0.0
LPIAT_rm,0.0,0.0
NGLYCANS16_r,0.0,0.0
PLACpail45p_n,0.0,0.0
PLACpail45p_c,0.0,0.0
PLACmipc_m,0.0,0.0
PLACipc_m,0.0,0.0
PLACmip2c_m,0.0,0.0
PLACmipc_r,0.0,0.0
PLACipc_r,0.0,0.0
PLAA1lpc_mm,0.0,0.0
3MLCLAT_mm,0.0,0.0
PLAA1lpe_en,0.0,0.0
PLAA2pe_mm,0.0,0.0
PLAA2pc_mm,0.0,0.0
PLAA2pe_en,0.0,0.0
LPCAT_mm,0.0,0.0
PDAGATpe_rm,0.0,0.0
LPAP_vm,0.0,0.0
DGPP_vm,0.0,0.0
PAP_vm,0.0,0.0
EX_ni2_e,0.0,0.0
EX_mobd_e,0.0,0.0
EX_cobalt2_e,0.0,0.0
CAROMOX2_c,0.0,0.0
ECOAH180_m,0.0,0.0
ECOAH161b_m,0.0,0.0
ECOAH141b_m,0.0,0.0
ECOAH121a_m,0.0,0.0
ECOAH181a_m,0.0,0.0
ZEAEPOX2_c,0.0,0.0
ECOAH161c_m,0.0,0.0
ZEAEPOX1_c,0.0,0.0
ECOAH141c_m,0.0,0.0
CAROMOX1_c,0.0,0.0
ACACT161ai_m,0.0,0.0
PHYTOED5_c,0.0,0.0
ACEST1_x,0.0,0.0
HACD181ai_m,0.0,0.0
HACD161bi_m,0.0,0.0
HACD161ai_m,0.0,0.0
HACD140i_m,0.0,0.0
HACD160i_m,0.0,0.0
HACD180i_m,0.0,0.0
HACD121ai_m,0.0,0.0
ACACT141ai_m,0.0,0.0
NFTYROX_c,0.0,0.0
EX_cl_e,0.0,0.0
ARGtpa_v,0.0,0.0
EX_q9h2_e,0.0,0.0
EX_pydx5p_e,0.0,0.0
EX_nadp_e,0.0,0.0
EX_nad_e,0.0,0.0
G00011t_g_r,0.0,0.0
G00006t_c_r,0.0,0.0
ANNAT_c,0.0,0.0
ANNAT_n,0.0,0.0
TCHOLAtabc_v,0.0,0.0
TRDR_m,0.0,0.0
ACACT181ai_m,0.0,0.0
ACACT200i_m,0.0,0.0
ACACT220i_m,0.0,0.0
ACACT240i_m,0.0,0.0
ACACT161bi_m,0.0,0.0
ACACT141bi_m,0.0,0.0
ACACT121ai_m,0.0,0.0
THIORDXi_m,0.0,0.0
PYDXNK_c,0.0,0.0
PYDXK_c,0.0,0.0
PAIL4K_vm,0.0,0.0
IPT_g,0.0,0.0
TMLYSOX_m,0.0,0.0
STATg_rm,0.0,0.0
TYRTA_m,0.0,0.0
PHETA1_m,0.0,0.0
EGHLAT_m,0.0,0.0
ALDD20y_c,0.0,0.0
STEHz161_rm,0.0,0.0
STEHz181_rm,0.0,0.0
MCOATA_m,0.0,0.0
GLUN_e,0.0,0.0
ASNN_e,0.0,0.0
PLACmip2c_r,0.0,0.0
EX_cellb_e,0.0,0.0
EX_abt__D_e,0.0,0.0
ABTDt_c_e,0.0,0.0
XYLTOR_c,0.0,0.0
ABTD4Dx_c,0.0,0.0
ABTLD_c,0.0,0.0
DBTS_c,0.0,0.0
DHAD2_c,0.0,0.0
DHAD1_c,0.0,0.0
FOLR_m,0.0,0.0
HACD141ai_m,0.0,0.0
FUMACACH_m,0.0,0.0
FACOAL260_x,0.0,0.0
FALPDt_c_mm,0.0,0.0
EX_hxca_e,0.0,0.0
HXCAt_c_rm,0.0,0.0
HXCAt_c_e,0.0,0.0
BZHYOX_r,0.0,0.0
ARAB14LO_x,0.0,0.0
3OAR80_m,0.0,0.0
3OAR60_m,0.0,0.0
3OAR40_m,0.0,0.0
ACHAH_e,0.0,0.0
BTS1_m,0.0,0.0
ARACHt_c_rm,0.0,0.0
ACOAD40f_x,0.0,0.0
ACOAD160f_x,0.0,0.0
ACOAD140f_x,0.0,0.0
ACOAD120f_x,0.0,0.0
FACOAL200_x,0.0,0.0
FACOAL220_x,0.0,0.0
FACOAL240_x,0.0,0.0
ACOAD100f_x,0.0,0.0
ACOAD80f_x,0.0,0.0
ACOAD60f_x,0.0,0.0
PREN9DPt_c_l,0.0,0.0
Q9MT2_m,0.0,0.0
Q9OR_m,0.0,0.0
PAt_rm_vm,0.0,0.0
PEt_l_rm,0.0,0.0
PCt_mm_rm,0.0,0.0
PCt_l_rm,0.0,0.0
PSt_en_rm,0.0,0.0
PSt_c_m,0.0,0.0
1AGPCt_l_rm,0.0,0.0
GPIA8b_r,0.0,0.0
1AGPEt_l_rm,0.0,0.0
DAGt_c_n,0.0,0.0
PAt_gm_rm,0.0,0.0
PAIL45Pt_en_rm,0.0,0.0
compFALPD_en,0.0,0.0
compFALPD_m,0.0,0.0
compFALPD_mm,0.0,0.0
compACYLCOA_x,0.0,0.0
compACYLCOA_r,0.0,0.0
compACYLCOA_m,0.0,0.0
compACYLCOA_c,0.0,0.0
compCER_g,0.0,0.0
compCER_m,0.0,0.0
PEt_en_rm,0.0,0.0
IPCt_g_r,0.0,0.0
Q9MT1_m,0.0,0.0
FE3t_c_m,0.0,0.0
MALT_c,0.0,0.0
Q9MO_m,0.0,0.0
3NP4H5MOBCL_m,0.0,0.0
3NPDHMT_m,0.0,0.0
3NPDHBZH_m,0.0,0.0
4HBZNPT_m,0.0,0.0
4HBZCOAS_c,0.0,0.0
4HPLH_c,0.0,0.0
4HPPR_c,0.0,0.0
FE3t_c_e,0.0,0.0
MIPCt_g_r,0.0,0.0
4HBZF_c,0.0,0.0
4CMCOAL_c,0.0,0.0
DOLDPt_c_r,0.0,0.0
DOLGLCPt_c_r,0.0,0.0
GLCt_c_r,0.0,0.0
MANt_c_g,0.0,0.0
ERGSTESTt_c_rm,0.0,0.0
ERGSTESTt_l_rm,0.0,0.0
MIP2Ct_g_r,0.0,0.0
NGLYCANS17_r,0.0,0.0
THFAT_m,0.0,0.0
NGLYCANS15_r,0.0,0.0
ETHAt_c_e,0.0,0.0
UGLT_c,0.0,0.0
UDPG4E_c,0.0,0.0
ERGSTGLCT_c,0.0,0.0
TYRTRS_m,0.0,0.0
TYRTAi_x,0.0,0.0
TRPTRS_m,0.0,0.0
PPTT_m,0.0,0.0
ACONMT_c,0.0,0.0
THIORDXi_n,0.0,0.0
TMDPPK_c,0.0,0.0
THFGLUS_c,0.0,0.0
TAUDO_c,0.0,0.0
SUCR_e,0.0,0.0
SQLEx_r,0.0,0.0
ACONIs_c,0.0,0.0
ACONIs_m,0.0,0.0
SPHPL_r,0.0,0.0
UMPK_n,0.0,0.0
UPP3MT_2_c,0.0,0.0
VALTRS_m,0.0,0.0
ADPATPt_c_x,0.0,0.0
CSNtps_e,0.0,0.0
CYTDtps_e,0.0,0.0
COAt_c_m,0.0,0.0
CITt3_m,0.0,0.0
CHOLtps_e,0.0,0.0
ALLTNt_c,0.0,0.0
ALLTTt_c,0.0,0.0
ADNtps_e,0.0,0.0
XYLK_c,0.0,0.0
ADEtps_e,0.0,0.0
ETACt_c_e,0.0,0.0
5FTHFt_c_e,0.0,0.0
5AOPtps_e,0.0,0.0
4ABUTtps_e,0.0,0.0
2MBACt_c_e,0.0,0.0
YUMPS_c,0.0,0.0
SHCHF_c,0.0,0.0
SHCHD2_c,0.0,0.0
SFGTHi_c,0.0,0.0
ACGS_m,0.0,0.0
NNAM_c,0.0,0.0
NAMNPP_m,0.0,0.0
NADHK1_m,0.0,0.0
NADS2_n,0.0,0.0
NADN_n,0.0,0.0
NADK_m,0.0,0.0
NADDP_x,0.0,0.0
MCITL2_m,0.0,0.0
NNDPR_m,0.0,0.0
METTRS_m,0.0,0.0
FMETTRS_m,0.0,0.0
LTA4H3_n,0.0,0.0
LTA4H3_c,0.0,0.0
LTA4H2_n,0.0,0.0
LTA4H2_c,0.0,0.0
LTA4H_n,0.0,0.0
NNMT_c,0.0,0.0
NDP7_g,0.0,0.0
RNMK_c,0.0,0.0
PUNP3_m,0.0,0.0
RNDR2_n,0.0,0.0
RNDR3_n,0.0,0.0
RNDR1_n,0.0,0.0
RBFK_m,0.0,0.0
PDX5POi_c,0.0,0.0
PYAM5PO_c,0.0,0.0
PYDXO_c,0.0,0.0
PUNP3_c,0.0,0.0
NDPK10_c,0.0,0.0
PNP_c,0.0,0.0
PSPHPL_r,0.0,0.0
PGAMT_c,0.0,0.0
PHETRS_m,0.0,0.0
SHSL1_c,0.0,0.0
AHSERL_c,0.0,0.0
NDP3_g,0.0,0.0
GALtps_e,0.0,0.0
FADH2t_c_m,0.0,0.0
LEUTA_m,0.0,0.0
GDPMANt_c_g,0.0,0.0
3C3HMPt_c_m,0.0,0.0
2DDA7Pt_c_m,0.0,0.0
EX_duri_e,0.0,0.0
EX_din_e,0.0,0.0
EX_dgsn_e,0.0,0.0
EX_dad_2_e,0.0,0.0
MI1Pt_c_r,0.0,0.0
MI13456Pt_c_n,0.0,0.0
EX_g3pi_e,0.0,0.0
EX_lac__L_e,0.0,0.0
EX_crn_e,0.0,0.0
EX_13BDglucan_e,0.0,0.0
UTPUMPtp_m,0.0,0.0
UTPt_c_m,0.0,0.0
URItps_e,0.0,0.0
URAtps_e,0.0,0.0
UDPGALt_c_g,0.0,0.0
EX_2mbac_e,0.0,0.0
AKGt_c_n,0.0,0.0
EX_2phetoh_e,0.0,0.0
4H2OGLTt_c_m,0.0,0.0
EX_5fthf_e,0.0,0.0
EX_5aop_e,0.0,0.0
NTD10pp_c,0.0,0.0
NTD8_c,0.0,0.0
NTD6pp_c,0.0,0.0
4HBZt_c_m,0.0,0.0
4H2OGLTt_c_x,0.0,0.0
4ABUTt_c_m,0.0,0.0
2PHETOHt_c_e,0.0,0.0
4ABUTNt_c_m,0.0,0.0
3HXPHBt_c_m,0.0,0.0
3MBALDt_c_m,0.0,0.0
3MBALDt_c_e,0.0,0.0
EX_3mbald_e,0.0,0.0
3C4MOPt_c_m,0.0,0.0
2PHETOHt_c_m,0.0,0.0
TAURt_c_e,0.0,0.0
SPRMtpa_v,0.0,0.0
SPMDtpa_v,0.0,0.0
ASPtps_v,0.0,0.0
ILEtpa_v,0.0,0.0
ILEt_c_v,0.0,0.0
HIStpa_v,0.0,0.0
GLNtps_v,0.0,0.0
GLNtpa_v,0.0,0.0
GLUtps_v,0.0,0.0
CYSItps_v,0.0,0.0
ASNtps_v,0.0,0.0
LACt_c_m,0.0,0.0
ASNtpa_v,0.0,0.0
IPDPt_c_m,0.0,0.0
IBUTACt_c_e,0.0,0.0
IAMACt_c_e,0.0,0.0
GUAtps_e,0.0,0.0
G3PIt_c_e,0.0,0.0
GTHRDt_c_e,0.0,0.0
ILEtps_v,0.0,0.0
LACLtps_c,0.0,0.0
NAtpa_c,0.0,0.0
NADt_c_m,0.0,0.0
AMETt_c_m,0.0,0.0
PTRCtpa_v,0.0,0.0
PHEACt_c_e,0.0,0.0
PENDPt_c_m,0.0,0.0
NADt3_m,0.0,0.0
NADt2_m,0.0,0.0
NADt1_m,0.0,0.0
NFORTYR2t_c_e,0.0,0.0
LEUt_c_v,0.0,0.0
MALTtps_e,0.0,0.0
TYRtps_v,0.0,0.0
TYRtpa_v,0.0,0.0
TYRt_c_v,0.0,0.0
LYStpa_v,0.0,0.0
LEUtps_v,0.0,0.0
LEUtpa_v,0.0,0.0
LTA4H_c,0.0,0.0
SBTD_L_c,0.0,0.0
DANNt_c_e,0.0,0.0
ALCD19y_c,0.0,0.0
PDE3_c,0.0,0.0
PDE2_c,0.0,0.0
OMCDC_m,0.0,0.0
MCITS_m,0.0,0.0
DDPA_m,0.0,0.0
GENERIC_shemeheme_c,0.0,0.0
GENERIC_phemeheme_m,0.0,0.0
GENERIC_hemeOheme_m,0.0,0.0
GENERIC_hemeAheme_m,0.0,0.0
GENERIC_hemeAheme_c,0.0,0.0
GENERIC_mn2mg2ormn2_e,0.0,0.0
GENERIC_mn2mg2ormn2_c,0.0,0.0
GENERIC_mg2mg2ormn2_e,0.0,0.0
GENERIC_mg2mg2ormn2_c,0.0,0.0
GENERIC_fe3feCATION_e,0.0,0.0
GENERIC_fe3feCATION_c,0.0,0.0
GENERIC_fe2feCATION_m,0.0,0.0
PDE4_c,0.0,0.0
PDE5_c,0.0,0.0
3IPM3MT_c,0.0,0.0
IPPYP4_c,0.0,0.0
AMAOTr_c,0.0,0.0
ACOAO120_x,0.0,0.0
ACOAO100_x,0.0,0.0
ACONT2_m,0.0,0.0
ACP1_e,0.0,0.0
ACS_n,0.0,0.0
ACOATA_m,0.0,0.0
6DPMIPPH_c,0.0,0.0
4HTHRS_c,0.0,0.0
IPPYP3_c,0.0,0.0
IPPYP2_c,0.0,0.0
MHPGLUT_c,0.0,0.0
FTHFCL_c,0.0,0.0
PMI12346PS_c,0.0,0.0
IPPYP1_c,0.0,0.0
4DPMIPPH_c,0.0,0.0
GENERIC_fe2feCATION_e,0.0,0.0
GENERIC_fe2feCATION_c,0.0,0.0
GENERIC_zn2metal2_c,0.0,0.0
GENERIC_hCATION1_vm,0.0,0.0
GENERIC_hCATION1_m,0.0,0.0
GENERIC_hCATION1_n,0.0,0.0
GENERIC_hCATION1_x,0.0,0.0
GENERIC_hCATION1_v,0.0,0.0
GENERIC_hCATION1_rm,0.0,0.0
GENERIC_hCATION1_mm,0.0,0.0
GENERIC_hCATION1_gm,0.0,0.0
GENERIC_hCATION1_en,0.0,0.0
GENERIC_hCATION1_g,0.0,0.0
GENERIC_kCATION1_c,0.0,0.0
GENERIC_kCATION1_e,0.0,0.0
GENERIC_kCATION1_m,0.0,0.0
GENERIC_na1CATION1_e,0.0,0.0
GENERIC_na1CATION1_c,0.0,0.0
tpscu2_c_m,0.0,0.0
FMNRx2_c,0.0,0.0
GENERIC_hCATION1_l,0.0,0.0
GENERIC_hCATION1_c,0.0,0.0
GENERIC_zn2metal2_e,0.0,0.0
GENERIC_fe2metal2_e,0.0,0.0
GENERIC_ni2metal2_e,0.0,0.0
GENERIC_ni2metal2_c,0.0,0.0
GENERIC_mn2metal2_c,0.0,0.0
GENERIC_mn2metal2_e,0.0,0.0
GENERIC_mg2metal2_e,0.0,0.0
GENERIC_mg2metal2_c,0.0,0.0
GENERIC_fe2metal2_m,0.0,0.0
GENERIC_fe2metal2_c,0.0,0.0
GENERIC_hCATION1_r,0.0,0.0
GENERIC_cu2metal2_c,0.0,0.0
GENERIC_cu2metal2_e,0.0,0.0
GENERIC_cobalt2metal2_e,0.0,0.0
GENERIC_cobalt2metal2_c,0.0,0.0
GENERIC_ca2metal2_e,0.0,0.0
GENERIC_ca2metal2_c,0.0,0.0
GENERIC_hCATION1_e,0.0,0.0
ALCD2i1_c,0.0,0.0
ALCD2i2_m,0.0,0.0
LSERDHi_c,0.0,0.0
ALCD25xi_c,0.0,0.0
GLYAT_c,0.0,0.0
G3PD1i_m,0.0,0.0
GTHS_c,0.0,0.0
GTHP_m,0.0,0.0
GTHO_m,0.0,0.0
GLUTRS_m,0.0,0.0
GGTT_c,0.0,0.0
GLUCYS_c,0.0,0.0
GALT_c,0.0,0.0
GALKi_c,0.0,0.0
GTMLT_c,0.0,0.0
FBP2_c,0.0,0.0
FALDH_c,0.0,0.0
FECPOR_m,0.0,0.0
13BGH_e,0.0,0.0
ACHLE3_c,0.0,0.0
ETHAK_c,0.0,0.0
GUAD_1_c,0.0,0.0
HEX7_c,0.0,0.0
HISTRS_m,0.0,0.0
ITCOAL_m,0.0,0.0
HPRORy_c,0.0,0.0
EGHLAT_x,0.0,0.0
EGHLAT_c,0.0,0.0
ATHRDHr_c,0.0,0.0
THRA2_c,0.0,0.0
4HGLSD_m,0.0,0.0
PHCD_m,0.0,0.0
ILETRS_m,0.0,0.0
ARMT_c,0.0,0.0
ACHLE2_c,0.0,0.0
ACHLE1_c,0.0,0.0
IPK5_n,0.0,0.0
IPK4_n,0.0,0.0
IPK3_n,0.0,0.0
IPK2_n,0.0,0.0
HMGCOAS_m,0.0,0.0
EPGALURS_e,0.0,0.0
DOLK_c,0.0,0.0
DIPS_c,0.0,0.0
ALLTN_c,0.0,0.0
14BMANTF_c,0.0,0.0
ASPTA_x,0.0,0.0
ASNTRS_m,0.0,0.0
ABUTD_m,0.0,0.0
AACTOOR_c,0.0,0.0
AMID_c,0.0,0.0
12AMANTF_g,0.0,0.0
ATAH_c,0.0,0.0
BACCL_c,0.0,0.0
ALCD24yi_c,0.0,0.0
ALCD24xi_m,0.0,0.0
ALCD24xi_c,0.0,0.0
ALDD20y_m,0.0,0.0
ALDD20x_m,0.0,0.0
ALCD25yi_c,0.0,0.0
ALCD25xi_m,0.0,0.0
BTS1_c,0.0,0.0
CERH124B_r,0.0,0.0
PMI1346PS_c,0.0,0.0
ARAB1Dx_c,0.0,0.0
DPGM_c,0.0,0.0
DHFRi_m,0.0,0.0
DRBK_c,0.0,0.0
DXHPSq9_c,0.0,0.0
DADA_c,0.0,0.0
SBTD_D2_c,0.0,0.0
FBA2_c,0.0,0.0
ARAB14LO_c,0.0,0.0
CERH126B_r,0.0,0.0
CTPS1_c,0.0,0.0
CS_x,0.0,0.0
CHTNDA_c,0.0,0.0
CERH326_r,0.0,0.0
CERH324_r,0.0,0.0
CERH2A26_r,0.0,0.0
CERH2A24_r,0.0,0.0
EX_dann_e,0.0,0.0
EX_8aonn_e,0.0,0.0
NGLYCANS14_r,0.0,0.0
TRPDC_c,0.0,0.0
ZYM181t_en_rm,0.0,0.0
ZYM161t_en_rm,0.0,0.0
HXCAt_en_rm,0.0,0.0
ZYM181t_l_rm,0.0,0.0
ZYM161t_l_rm,0.0,0.0
ZYMSTt_l_rm,0.0,0.0
LANOSTt_l_rm,0.0,0.0
FECOSTt_l_rm,0.0,0.0
EPISTt_l_rm,0.0,0.0
HXCAt_l_rm,0.0,0.0
COAt_c_mm,0.0,0.0
OCDCAt_c_mm,0.0,0.0
HDCAt_c_mm,0.0,0.0
ODECOAt_c_mm,0.0,0.0
HDCOAt_c_mm,0.0,0.0
HXCCOAt_c_en,0.0,0.0
TTCCOAt_c_en,0.0,0.0
HXCAt_r_rm,0.0,0.0
GLYC3Pt_m_mm,0.0,0.0
RAFH_e,0.0,0.0
MANtps_e,0.0,0.0
URO_c,0.0,0.0
GLUTCOADH_m,0.0,0.0
MANNANH_e,0.0,0.0
MPYRCNST_c,0.0,0.0
HCITS_n,0.0,0.0
AOXS_c,0.0,0.0
GLYOX_m,0.0,0.0
FRUtps_e,0.0,0.0
EX_raffin_e,0.0,0.0
GUAPRT_c,0.0,0.0
4HPEOR_c,0.0,0.0
EX_fe3_e,0.0,0.0
4HPPCL_c,0.0,0.0
AROHL_c,0.0,0.0
4AMPMS_c,0.0,0.0
EX_melib_e,0.0,0.0
DOCOSCOAt_c_en,0.0,0.0
ICOSCOAt_c_en,0.0,0.0
OCDCEAt_c_en,0.0,0.0
FACOAE40_x,0.0,0.0
HACD60i_x,0.0,0.0
HACD40i_x,0.0,0.0
ECOAH60_x,0.0,0.0
ECOAH40_x,0.0,0.0
ACOAO80_x,0.0,0.0
ACOAO60_x,0.0,0.0
ACOAO40_x,0.0,0.0
BUTt_c_x,0.0,0.0
ACACT60i_x,0.0,0.0
FACOAL260_l,0.0,0.0
FACOAL260_rm,0.0,0.0
FACOAL260_en,0.0,0.0
FACOAL240_en,0.0,0.0
FACOAL220_en,0.0,0.0
FACOAL200_en,0.0,0.0
BUTt_c_e,0.0,0.0
ACACT40i_x,0.0,0.0
ECOAI122c_x,0.0,0.0
OCDCAt_c_en,0.0,0.0
FECOSTt_c_rm,0.0,0.0
HDCEAt_c_en,0.0,0.0
HDCAt_c_en,0.0,0.0
G3PIt_c_en,0.0,0.0
HXCCOAt_c_l,0.0,0.0
ZYMSTt_c_rm,0.0,0.0
ERGSTt_c_rm,0.0,0.0
LANOSTt_c_rm,0.0,0.0
EPISTt_c_rm,0.0,0.0
ECOAI121b_x,0.0,0.0
CDPEAt_c_rm,0.0,0.0
STEHz181_en,0.0,0.0
STEHz161_en,0.0,0.0
ECOAR142_x,0.0,0.0
ECOAR122_x,0.0,0.0
ECOAI141a_x,0.0,0.0
ECOAI142c_x,0.0,0.0
ASPTA4_c,0.0,0.0
Kt_c_m,0.0,0.0
EAR80y_m,0.0,0.0
QUINDH_c,0.0,0.0
AGMT_e,0.0,0.0
GLYCK_c,0.0,0.0
ACEST1_m,0.0,0.0
CBMHL_c,0.0,0.0
NO3t_c_e,0.0,0.0
4MOPR_m,0.0,0.0
PKETF_c,0.0,0.0
ECOAH160_m,0.0,0.0
3MOBR_m,0.0,0.0
ECOAH140_m,0.0,0.0
OAR3_m,0.0,0.0
3MOPR_m,0.0,0.0
DPGT_c,0.0,0.0
FER_c,0.0,0.0
GLCNtps_e,0.0,0.0
CLt_c_e,0.0,0.0
ACHAH_c,0.0,0.0
MASCBRx_c,0.0,0.0
AHGDf_m,0.0,0.0
RHMND2_c,0.0,0.0
AFLTXNB2S_c,0.0,0.0
NGLYCANS13_r,0.0,0.0
NGLYCANS12_r,0.0,0.0
NGLYCANS11_r,0.0,0.0
NGLYCANS10_r,0.0,0.0
NGLYCANS9_r,0.0,0.0
NGLYCANS8_r,0.0,0.0
CPLSPNEST_e,0.0,0.0
AFLTXNB1S_c,0.0,0.0
SALCMOX_x,0.0,0.0
GMAND_c,0.0,0.0
ACCOAt_c_r,0.0,0.0
DGLCND5H_c,0.0,0.0
DGLCND3H_c,0.0,0.0
CHITOSNSE_c,0.0,0.0
INOSHP3H_v,0.0,0.0
BETALDHx_x,0.0,0.0
TORULNOXi_c,0.0,0.0
CAROL1_c,0.0,0.0
HIBTD_c,0.0,0.0
MACACI_c,0.0,0.0
PCLAD_c,0.0,0.0
MERLACOR_c,0.0,0.0
XAND_c,0.0,0.0
FUMACACH_c,0.0,0.0
DAG3Pabct_c_m,0.0,0.0
3INDACNLAH_c,0.0,0.0
SPHINGSt_c_e,0.0,0.0
ARAI2_c,0.0,0.0
LCYSTAT_c,0.0,0.0
OCOAT1_m,0.0,0.0
HQLOR_c,0.0,0.0
AVNORy_c,0.0,0.0
BZHYOX_c,0.0,0.0
MI134PPH_c,0.0,0.0
3OADPCOAT_m,0.0,0.0
3HBHYOX_c,0.0,0.0
NITRy_c,0.0,0.0
HIBH_m,0.0,0.0
HEX7b_c,0.0,0.0
OAR1_c,0.0,0.0
CITCOAL_c,0.0,0.0
GLCtps_e,0.0,0.0
OAR2_c,0.0,0.0
GLCDx_c,0.0,0.0
CSNPURt_c_e,0.0,0.0
GLUR_c,0.0,0.0
SPHGAT181_c,0.0,0.0
HACDm40_c,0.0,0.0
PEtabc_m,0.0,0.0
OPAH_c,0.0,0.0
PGt_c_m,0.0,0.0
QUINt_c_e,0.0,0.0
HGENDO_c,0.0,0.0
DHPM2_c,0.0,0.0
NOX_c,0.0,0.0
NITRx_c,0.0,0.0
EX_but_e,0.0,0.0
EAR60y_m,0.0,0.0
ACALDt_c_m,0.0,0.0
IND3ACt_c_m,0.0,0.0
ETOHt_c_m,0.0,0.0
ETOHt_c_e,0.0,0.0
EX_etoh_e,0.0,0.0
ERGSTt_c_en,0.0,0.0
ERGSTt_c_l,0.0,0.0
DHFt_c_m,0.0,0.0
DGDPt_c_n,0.0,0.0
DURIt_c_e,0.0,0.0
DINt_c_e,0.0,0.0
DGSNt_c_e,0.0,0.0
DCYTt_c_e,0.0,0.0
EX_dcyt_e,0.0,0.0
DADK_c,0.0,0.0
DADt_c_e,0.0,0.0
DNADt_c_n,0.0,0.0
NDPDA2_c,0.0,0.0
NTPDA2_c,0.0,0.0
EX_etha_e,0.0,0.0
EX_etac_e,0.0,0.0
EX_fecost_e,0.0,0.0
GUAt_c_m,0.0,0.0
H2O2t_c_n,0.0,0.0
HISt_c_m,0.0,0.0
EX_hxdcal_e,0.0,0.0
GSNt_c_e,0.0,0.0
GSNt_c_m,0.0,0.0
GSNK_c,0.0,0.0
EX_gsn_e,0.0,0.0
EX_gua_e,0.0,0.0
FMNAT_m,0.0,0.0
GLXt_c_x,0.0,0.0
EX_gthrd_e,0.0,0.0
EX_gthox_e,0.0,0.0
GDPt_c_n,0.0,0.0
EX_4abut_e,0.0,0.0
FRUK_c,0.0,0.0
EX_fmn_e,0.0,0.0
DCDPt_c_n,0.0,0.0
DADPt_c_n,0.0,0.0
XYLt_c_e,0.0,0.0
EX_alltn_e,0.0,0.0
HCO3t_c_n,0.0,0.0
HCO3E_n,0.0,0.0
HCO3E_m,0.0,0.0
ASPGLUt_c_x,0.0,0.0
ASNt_c_m,0.0,0.0
ARGtps_m,0.0,0.0
AMPt_c_n,0.0,0.0
EX_alltt_e,0.0,0.0
EX_chol_e,0.0,0.0
AKGt_c_x,0.0,0.0
EX_adn_e,0.0,0.0
PAPt_c_m,0.0,0.0
ADEt_c_m,0.0,0.0
EX_ade_e,0.0,0.0
ACCOAt_c_n,0.0,0.0
ACt_c_n,0.0,0.0
CDPt_c_n,0.0,0.0
CHRPL_c,0.0,0.0
EX_xyl__D_e,0.0,0.0
E4Pt_c_m,0.0,0.0
SBTDt_c,0.0,0.0
EX_rib__D_e,0.0,0.0
EX_man_e,0.0,0.0
EX_sbt__D_e,0.0,0.0
EX_galur_e,0.0,0.0
EX_gal_e,0.0,0.0
EX_fru_e,0.0,0.0
ARABDt_c,0.0,0.0
CITICTta_x,0.0,0.0
EX_arab__D_e,0.0,0.0
EX_csn_e,0.0,0.0
EX_cytd_e,0.0,0.0
COAt_c_n,0.0,0.0
CO2t_c_x,0.0,0.0
CO2t_c_n,0.0,0.0
CITMALta_x,0.0,0.0
HMGCOAt_c_m,0.0,0.0
EX_ins_e,0.0,0.0
EAR40y_m,0.0,0.0
INSt_c_e,0.0,0.0
EX_taur_e,0.0,0.0
FMNRx_c,0.0,0.0
EX_na1_e,0.0,0.0
EX_mmet_e,0.0,0.0
AHCYSt_c_m,0.0,0.0
RIBt_c_e,0.0,0.0
RIBFLVt_c_m,0.0,0.0
EX_ribflv_e,0.0,0.0
QULNt_c_m,0.0,0.0
EX_pydxn_e,0.0,0.0
PRPPt_c_m,0.0,0.0
PIt_c_v,0.0,0.0
PHEt_c_m,0.0,0.0
PACALDt_c_m,0.0,0.0
PACALDt_c_e,0.0,0.0
EX_pacald_e,0.0,0.0
EX_pheac_e,0.0,0.0
EX_thmpp_e,0.0,0.0
EX_thmmp_e,0.0,0.0
EX_thymd_e,0.0,0.0
EX_xtsn_e,0.0,0.0
ALCD2i2_c,0.0,0.0
KYNAT2_c,0.0,0.0
ZYMSTt_c_en,0.0,0.0
EX_zymst_e,0.0,0.0
XYLTt_c_e,0.0,0.0
EX_xylt_e,0.0,0.0
XTSNt_c_e,0.0,0.0
H2Ot_c_n,0.0,0.0
THYMDt_c_e,0.0,0.0
H2Ot_c_g,0.0,0.0
EX_uri_e,0.0,0.0
EX_ura_e,0.0,0.0
UMPt_c_n,0.0,0.0
TYRt_c_x,0.0,0.0
TYRt_c_m,0.0,0.0
TRPt_c_m,0.0,0.0
EX_pectin_e,0.0,0.0
PAN4Pt_c_m,0.0,0.0
GTHOXt_c,0.0,0.0
EX_abt__L_e,0.0,0.0
EX_sbt__L_e,0.0,0.0
E4HGLUt_c_x,0.0,0.0
E4HGLUt_c_m,0.0,0.0
EX_asn__L_e,0.0,0.0
EX_arab__L_e,0.0,0.0
ARABLt_c,0.0,0.0
ABTt_c_e,0.0,0.0
AOBUTDs_c,0.0,0.0
EX_gln__L_e,0.0,0.0
PHCHGS_m,0.0,0.0
EX_ibutac_e,0.0,0.0
EX_iamoh_e,0.0,0.0
IAMOHt_c_m,0.0,0.0
IAMOHt_c_e,0.0,0.0
EX_iamac_e,0.0,0.0
INOSHPt_c_n,0.0,0.0
GLUt_c_n,0.0,0.0
GLNt_c_n,0.0,0.0
NMNt_c_e,0.0,0.0
MALOAAta_x,0.0,0.0
NMNt_c_x,0.0,0.0
NMNt_c_n,0.0,0.0
EX_nmn_e,0.0,0.0
NCAMt_c_n,0.0,0.0
EX_Nfortyr2_e,0.0,0.0
METt_c_m,0.0,0.0
EX_malt_e,0.0,0.0
LYSt_c_m,0.0,0.0
EX_his__L_e,0.0,0.0
EX_tyr__L_e,0.0,0.0
EX_trp__L_e,0.0,0.0
SRBt_c_e,0.0,0.0
EX_srb__L_e,0.0,0.0
SBTLt_c,0.0,0.0
EX_leu__L_e,0.0,0.0
EX_ile__L_e,0.0,0.0
EX_sucr_e,0.0,0.0
