,fluxes,reduced_costs,abs,unique
THFAT_m,0.0,-2.0,0.0,False
FMNRx_c,0.0,-1.9999999999997726,0.0,False
FMNRx2_c,0.0,11.40229885057488,0.0,False
ADPh_c,0.0,38.09195402298866,0.0,True
ADPh_m,0.0,-1.999999999999961,0.0,True
tpscu2_c_m,0.0,-2.0,0.0,False
GENERIC_na1CATION1_c,0.0,0.0,0.0,False
GENERIC_na1CATION1_e,0.0,-2.0,0.0,False
GENERIC_kCATION1_m,0.0,40.09195402298849,0.0,False
GENERIC_kCATION1_e,0.0,2.0,0.0,False
GENERIC_kCATION1_c,0.0,42.09195402298849,0.0,False
GENERIC_hCATION1_en,0.0,-2.0,0.0,False
GENERIC_hCATION1_vm,0.0,-2.0,0.0,False
GENERIC_hCATION1_gm,0.0,-2.0,0.0,False
GENERIC_hCATION1_mm,0.0,-2.0,0.0,False
GENERIC_hCATION1_rm,0.0,-2.0,0.0,False
GENERIC_hCATION1_v,0.0,-2.0,0.0,False
GENERIC_hCATION1_x,0.0,-2.0,0.0,False
GENERIC_hCATION1_n,0.0,-2.0,0.0,False
GENERIC_hCATION1_m,0.0,-2.0,0.0,False
GENERIC_hCATION1_l,0.0,-2.0,0.0,False
GENERIC_hCATION1_g,0.0,-2.0,0.0,False
GENERIC_hCATION1_c,0.0,-2.0,0.0,False
GENERIC_hCATION1_r,0.0,-2.0,0.0,False
GENERIC_hCATION1_e,0.0,-2.0,0.0,False
GENERIC_ca2metal2_c,0.0,-2.0,0.0,False
GENERIC_ca2metal2_e,0.0,-2.0,0.0,False
GENERIC_cobalt2metal2_c,0.0,-2.0,0.0,False
GENERIC_cobalt2metal2_e,0.0,-2.0,0.0,False
GENERIC_cu2metal2_e,0.0,-2.0,0.0,False
GENERIC_cu2metal2_c,0.0,-2.0,0.0,False
GENERIC_fe2metal2_c,0.0,-2.0,0.0,False
GENERIC_fe2metal2_e,0.0,-2.0,0.0,False
GENERIC_fe2metal2_m,0.0,-2.0,0.0,False
GENERIC_mg2metal2_c,0.0,-2.0,0.0,False
GENERIC_mg2metal2_e,0.0,-2.0,0.0,False
GENERIC_mn2metal2_e,0.0,-2.0,0.0,False
GENERIC_mn2metal2_c,0.0,-2.0,0.0,False
GENERIC_ni2metal2_c,0.0,-2.0,0.0,False
GENERIC_ni2metal2_e,0.0,-2.0,0.0,False
GENERIC_zn2metal2_e,0.0,-2.0,0.0,False
GENERIC_zn2metal2_c,0.0,-2.0,0.0,False
GENERIC_fe2feCATION_c,0.0,2.0,0.0,False
GENERIC_fe2feCATION_e,0.0,2.0,0.0,False
GENERIC_fe2feCATION_m,0.0,-2.0,0.0,False
GENERIC_fe3feCATION_c,0.0,-2.0,0.0,False
GENERIC_fe3feCATION_e,0.0,-2.0,0.0,False
GENERIC_mg2mg2ormn2_c,0.0,-2.0,0.0,False
GENERIC_mg2mg2ormn2_e,0.0,-2.0,0.0,False
GENERIC_mn2mg2ormn2_c,0.0,-2.0,0.0,False
GENERIC_mn2mg2ormn2_e,0.0,-2.0,0.0,False
GENERIC_hemeAheme_c,0.0,3121.9310344827745,0.0,False
GENERIC_hemeAheme_m,0.0,3948.5517241379475,0.0,False
GENERIC_hemeOheme_m,0.0,3768.0000000000164,0.0,False
GENERIC_phemeheme_m,0.0,-2.0,0.0,False
GENERIC_shemeheme_c,0.0,-2.0,0.0,False
RLFC2O_c,0.0,-2.0,0.0,False
RLFC2O_m,0.0,15.655172413793053,0.0,False
BTDDH_c,0.0,-2.0,0.0,False
LLFC2O_c,0.0,-2.0,0.0,False
13GS_c,0.11125090503604501,-2.0,0.11125090503604501,False
16GS_c,0.0292766182930232,-2.0,0.0292766182930232,False
PRMICI_c,0.00648247074259887,-2.0,0.00648247074259887,False
P5CD2_m,0.0,79.03448275862172,0.0,True
DHPPDA2_c,2.222522208281e-05,-2.0,2.222522208281e-05,False
DRAPPRy_c,2.222522208281e-05,-2.0,2.222522208281e-05,False
ACHBS_m,0.019783336441005103,-2.0,0.019783336441005103,False
HPPK2_m,0.0,46.91954022988541,0.0,False
AATA_c,0.022067264266924302,-2.0,0.022067264266924302,False
DPR_c,0.0,-2.0,0.0,False
DDPA_m,0.0,-33.26436781609175,0.0,False
IPPMIb_c,-0.0269039272557864,2.0,0.0269039272557864,False
UNK3_c,1.1112611041405e-05,-2.0,1.1112611041405e-05,False
HCITR_m,0.022067264266924302,-2.0,0.022067264266924302,False
MCITS_m,0.0,-2.0000000000002274,0.0,False
OMCDC_c,0.0269039272557864,-2.0,0.0269039272557864,False
OMCDC_m,0.0,-2.0,0.0,False
BPNT_c,0.004321528411110553,-2.0,0.004321528411110553,False
PDE1_c,0.0,78.18390804597726,0.0,False
PDE2_c,0.0,-2.0,0.0,False
PDE3_c,0.0,-2.0,0.0,False
PDE4_c,0.0,-2.0000000000001137,0.0,False
PDE5_c,0.0,-2.0,0.0,False
DB4PS_c,4.445044416562e-05,-2.0,4.445044416562e-05,False
DHQTi_c,0.021395585756649467,-2.0,0.021395585756649467,False
DHQS_c,0.021395585756649467,-2.0,0.021395585756649467,False
3DSPHR_r,0.00089801009825594,-2.0,0.00089801009825594,False
DDPA_c,0.021395585756649467,-1.9999999999998863,0.021395585756649467,False
HKYNH_c,0.0,-2.0,0.0,False
HACD140i_x,0.0,-1.9999999999998295,0.0,False
3HAO_c,0.0,-2.0,0.0,False
3IPM3MT_c,0.0,-2.0,0.0,False
IPPMIa_c,-0.0269039272557864,2.0,0.0269039272557864,False
IPMD_c,0.0269039272557864,-2.0,0.0269039272557864,False
3MOBDC_c,0.0,-2.0,0.0,False
MTMOHT_m,0.0,-2.0,0.0,False
3MOPDC_c,0.0,1164.0229885057493,0.0,False
PSCIT_c,0.021395585756649467,-2.0,0.021395585756649467,False
ADCS_c,0.0,1297.4482758620711,0.0,False
ADCL_c,0.0,-2.0,0.0,False
ABTA_c,0.0,-2.0,0.0,False
4HTHRS_c,0.0,-2.0,0.0,False
4DPMIPPH_c,0.0,2.0,0.0,False
IPPYP1_c,0.0,-2.0,0.0,False
MTAP_c,1.1112611041405e-05,-2.000000000000057,1.1112611041405e-05,False
NTD4pp_c,0.0,40.091954022988546,0.0,False
NTD2pp_c,0.0,38.09195402298883,0.0,False
PRFGS_c,0.013454864723067903,-2.000000000001137,0.013454864723067903,False
MTHFR3_c,0.02896234153161404,-2.0,0.02896234153161404,False
ALAS_m,8.890088833124e-05,-2.0,8.890088833124e-05,False
PMI12346PS_c,0.0,34.09195402298866,0.0,False
FTHFCL_c,0.0,-2.000000000000057,0.0,False
MHPGLUT_c,0.0,-2.0,0.0,False
MDRPD_c,1.1112611041405e-05,-2.0,1.1112611041405e-05,False
MTRI_c,1.1112611041405e-05,-2.0,1.1112611041405e-05,False
IPPYP2_c,0.0,-2.0000000000001137,0.0,False
IPPYP3_c,0.0,-2.0,0.0,False
6DPMIPPH_c,0.0,2.0,0.0,False
IPPYP4_c,0.0,-2.0,0.0,False
ACALDCD_c,0.0,724.8735632183916,0.0,False
KARA1i_m,0.0515239266856536,-2.0,0.0515239266856536,False
ACLS_m,0.0515239266856536,-2.0,0.0515239266856536,False
ACOATA_m,0.0,2.0,0.0,False
ACACT180i_x,0.0,-2.0,0.0,False
ACACT260i_x,0.0,-2.0000000000009095,0.0,False
ACACT160i_x,0.0,-2.0,0.0,False
ACACT40ir_c,0.09943342107628358,-2.0,0.09943342107628358,False
ACACT140i_x,0.0,-2.0,0.0,False
ACACT100i_x,0.0,-2.0,0.0,False
ACACT120i_x,0.0,-2.0,0.0,False
ACS_n,0.0,-1.9999999999997726,0.0,False
ACGK_m,0.012976054096239108,-2.0,0.012976054096239108,False
ACP1_e,0.0,-2.0,0.0,False
ACONT2_m,0.0,-2.0,0.0,False
ACOTAi_m,0.012976054096239108,-2.0,0.012976054096239108,False
ACOAO100_x,0.0,-226.08684546615768,0.0,False
ACOAO120_x,0.0,-88.97318007662852,0.0,False
ACOAO260_x,0.0,-2.0,0.0,False
ACOAO160_x,0.0,-2.0,0.0,False
ACOAO180_x,0.0,-2.0,0.0,False
ACOAO140_x,0.0,-2.0,0.0,False
ADD_c,0.0,17.402298850576585,0.0,False
ADPT_c,1.1112611041405e-05,-2.0,1.1112611041405e-05,False
ADA_c,0.0,55.49425287356371,0.0,False
ADNK1_c,0.02512216865519387,-2.0,0.02512216865519387,False
AMPDA_c,0.0,55.49425287356371,0.0,False
AHCi_c,0.02512216865519387,-2.0,0.02512216865519387,False
ADMDC_c,1.1112611041405e-05,-2.0,1.1112611041405e-05,False
AMAOTr_c,0.0,2.0,0.0,False
ADNCYC_c,0.0,-2.000000000000057,0.0,False
ADK1_c,0.4715207138309349,-2.0,0.4715207138309349,False
ADK1_m,0.0,32.0919540229886,0.0,False
ADK3_m,0.0,-2.0,0.0,False
ADSL2i_c,0.013454864723067903,-1.9999999999999432,0.013454864723067903,False
ADSL1r_c,0.011816773551197975,-1.9999999999999432,0.011816773551197975,False
ADSS_c,0.011816773551197975,-2.0000000000001137,0.011816773551197975,False
ADSK_c,0.004321528411110553,-2.0,0.004321528411110553,False
AGTi_c,0.0,66.80459770115002,0.0,False
ALATRS_c,0.0328153948023877,-1.9999999999999432,0.0328153948023877,False
ALCD2i1_c,0.0,-2.0,0.0,False
ALCD19y_c,0.0,-2.0,0.0,False
ALCD2i2_m,0.0,-2.000000000000057,0.0,False
ALCD22xi_c,0.0,-2.0,0.0,False
ALCD22xi_m,0.0,10.0,0.0,False
ALCD22yi_c,0.0,11.40229885057488,0.0,False
ALCD25xi_c,0.0,-2.0,0.0,False
ALCD25xi_m,0.0,14.0,0.0,False
ALCD25yi_c,0.0,11.40229885057488,0.0,False
ALDD20x_m,0.0,2.22988505747162,0.0,False
ALDD20y_m,0.0,2.22988505747162,0.0,False
ALCD24xi_c,0.0,66.27586206896558,0.0,False
ALCD24xi_m,0.0,74.27586206896558,0.0,False
ALCD24yi_c,0.0,79.67816091954046,0.0,False
ALCD23xi_c,0.0,897.218390804599,0.0,False
ALCD23xi_m,0.0,905.218390804599,0.0,False
ALCD23yi_c,0.0,910.6206896551739,0.0,False
ALCD26xi_c,0.0,2036.0459770114962,0.0,False
ALCD26xi_m,0.0,2044.0459770114962,0.0,False
AKP1_c,0.0,-2.0,0.0,False
ATAH_c,0.0,-2.0,0.0,False
ALLTN_c,0.0,-2.0,0.0,False
ALPHNH_c,0.0,-2.0,0.0,False
12AMANTF_g,0.0,-2.000000000000057,0.0,False
TREH_v,0.0,-2.0,0.0,False
TRE6PS_c,0.0,-2.0,0.0,False
AMID_c,0.0,-2.0,0.0,False
AACTOOR_c,0.0,18.609195402298838,0.0,False
ABUTD_m,0.0,-1.9999999999999432,0.0,False
ANPRT_c,0.00218325251164197,-2.0,0.00218325251164197,False
ANS_c,0.00218325251164197,-2.0,0.00218325251164197,False
AP4AH_c,0.0,-2.0,0.0,False
ARGN_c,0.0,207.86206896551778,0.0,False
ARGSL_c,0.012964941485197702,-2.0,0.012964941485197702,False
ARGSS_c,0.012964941485197702,-1.9999999999998863,0.012964941485197702,False
ARGTRS_c,0.012964941485197702,-2.0,0.012964941485197702,False
ASNS1_c,0.0155847935243254,-2.0,0.0155847935243254,False
ASNTRS_c,0.0155847935243254,-2.0,0.0155847935243254,False
ASNTRS_m,0.0,-2.000000000000057,0.0,False
ASPCT_c,0.013965543398843202,-2.0,0.013965543398843202,False
ASPK_c,0.04233204120069117,-2.0,0.04233204120069117,False
ASPTA_c,4.021415550286157,-1.9999999999999432,4.021415550286157,False
ASPTA_x,0.0,-2.0,0.0,False
ASAD_c,0.04233204120069117,-2.0,0.04233204120069117,False
ASPTRS_c,0.0155847935243254,-2.0,0.0155847935243254,False
ATPATF1_c,0.0,38.09195402298877,0.0,False
ATPPRT_c,0.00648247074259887,-2.0,0.00648247074259887,False
ATPASEP2e_c,0.2596725431453848,-2.0,0.2596725431453848,False
14BMANTF_c,0.0,-2.0,0.0,False
BTS1_c,0.0,2.0,0.0,False
BACCL_c,0.0,-2.0,0.0,False
C14STR_c,0.011398316271279501,-2.0,0.011398316271279501,False
C22STDSy_c,0.0,-2.0,0.0,False
C3STDH2_c,0.011398316271279501,-2.0,0.011398316271279501,False
C3STDH1_c,0.011398316271279501,-2.0,0.011398316271279501,False
C4STMO1_c,0.011398316271279501,-2.0,0.011398316271279501,False
C4STMO2_c,0.011398316271279501,-2.0,0.011398316271279501,False
C4STMO3_c,0.011398316271279501,-2.0,0.011398316271279501,False
C4STMO4_c,0.011398316271279501,-2.0,0.011398316271279501,False
C5STDS_c,0.0,-2.0,0.0,False
C8STI_c,0.011398316271279501,-2.0,0.011398316271279501,False
C24STR_r,0.0,-2.0,0.0,False
CBPS_c,0.026930484884040904,-2.0,0.026930484884040904,False
CRNOAT_c,0.0,-2.0,0.0,False
CRNOAT_x,0.0,179.86973180076643,0.0,False
CAT_c,0.0,-2.0,0.0,False
CAT_x,0.0,-2.0,0.0,False
CERH124A_r,0.0,-2.0,0.0,False
CERH124B_r,0.0,-2.0,0.0,False
CERH126A_r,0.0,-2.0,0.0,False
CERH126B_r,0.0,-2.0,0.0,False
CERH2A24_r,0.0,-2.0,0.0,False
CERH2A26_r,0.0,-2.0,0.0,False
CERH324_r,0.0,-2.0,0.0,False
CERH326_r,0.0,-2.0,0.0,False
CHTNDA_c,0.0,-2.0,0.0,False
CHTNS_c,0.0026302439073901604,-2.0,0.0026302439073901604,False
CHOLK_c,0.0,-2.0,0.0,False
CHLPCTD_c,0.0,-2.0,0.0,False
CHORM_c,0.0192123332450075,-2.0,0.0192123332450075,False
CHORS_c,0.021395585756649467,-2.0,0.021395585756649467,False
FRTT_l,0.00172278808974902,-1.9999999999998295,0.00172278808974902,True
GGTT_l,0.00172278808974902,-2.0,0.00172278808974902,True
PPTT_l,0.00172278808974902,-2.0,0.00172278808974902,True
PRENT6_l,0.00172278808974902,-2.0,0.00172278808974902,True
PRENT7_l,0.00172278808974902,-2.0,0.00172278808974902,True
PRENT8_l,0.00172278808974902,-2.0,0.00172278808974902,True
PRENT9_l,0.00172278808974902,-2.0,0.00172278808974902,True
PRENT10_l,0.00172278808974902,-2.0,0.00172278808974902,True
PRENT11_l,0.00172278808974902,-2.0,0.00172278808974902,True
PRENT12_l,0.00172278808974902,-2.0,0.00172278808974902,True
PRENT13_l,0.00172278808974902,-2.0,0.00172278808974902,True
PRENT14_l,0.0015313671908880177,-2.0,0.0015313671908880177,True
PRENT15_l,0.0013399462920270155,-2.0,0.0013399462920270155,True
PRENT16_l,0.0011485253931660133,-1.9999999999995453,0.0011485253931660133,True
PRENT17_l,0.0009571044943050111,-2.0,0.0009571044943050111,True
PRENT18_l,0.0007656835954440088,-2.0,0.0007656835954440088,True
PRENT19_l,0.0005742626965830066,-2.0,0.0005742626965830066,True
PRENT20_l,0.0003828417977220044,-2.0,0.0003828417977220044,True
PRENT21_l,0.0001914208988610022,-2.0,0.0001914208988610022,True
CS_m,0.752983304201793,-2.0,0.752983304201793,False
CS_x,0.0,-2.000000000000057,0.0,False
CPPPGO_c,1.1112611041405e-05,-2.0,1.1112611041405e-05,False
CTPS2_c,0.009068554817963991,-2.0,0.009068554817963991,False
CTPS1_c,0.0,-40.091954022988375,0.0,False
CBL_c,0.0,53.49425287356348,0.0,False
CYSTS_c,0.000481355534690385,-2.0,0.000481355534690385,False
CYSTGL_c,0.000481355534690385,-1.9999999999999432,0.000481355534690385,False
METB1_c,0.0,27.632183908047125,0.0,False
CYSS_c,0.0,38.09195402298883,0.0,False
CYSTRS_c,0.00047024292364924606,-2.0,0.00047024292364924606,False
CYTD_c,0.0,74.1839080459772,0.0,False
CYTDK2_c,0.0,-2.0,0.0,False
LNS14DMy_c,0.011398316271279501,-1.9999999999995453,0.011398316271279501,False
CSND_c,0.0,-2.0,0.0,False
ARAB14LO_c,0.0,-2.0,0.0,False
ARAB1Dx_c,0.0,-2.0,0.0,False
FBA2_c,0.0,2.0,0.0,False
SBTD_D2_c,0.0,-2.0,0.0,False
DCMPDA_c,0.0,-2.0,0.0,False
DCTPD_c,0.0,76.18390804597715,0.0,False
DADA_c,0.0,-2.0,0.0,False
DCYTD_c,0.0,-2.0,0.0,False
DGK1_c,0.0,-2.0,0.0,False
DXHPSq9_c,0.0,-2.0000000000001137,0.0,False
DRBK_c,0.0,-2.0,0.0,False
DHFRi_c,0.0007995523644290931,-2.0,0.0007995523644290931,False
DHFRi_m,0.0,-2.0,0.0,False
DHFS_1_c,0.0,2608.574712643681,0.0,False
DHNPA2i_m,0.0,-2.0,0.0,False
DNMPPA_c,0.0,-2.0,0.0,False
DHORTS_c,-0.013965543398843202,2.0,0.013965543398843202,False
DHPTS_m,0.0,-2.0,0.0,False
FOLD3_m,0.0,-2.0,0.0,False
DHAD1_m,0.0515239266856536,-2.0,0.0515239266856536,False
DHAD2_m,0.019783336441005103,-2.0,0.019783336441005103,False
DHAK_c,0.0,-5.684341886080802e-14,0.0,False
DMATT_c,0.024530533243349428,-2.0,0.024530533243349428,False
DPGM_c,0.0,-2.0,0.0,False
PMI1346PS_c,0.0,-2.0000000000001137,0.0,False
DIPS_c,0.0,-2.0,0.0,False
DOLK_c,0.0,-2.0,0.0,False
DOLPMT_c,0.01286218052376383,-1.999999999998181,0.01286218052376383,False
DOLPMMT_r,0.0,88.18390804597476,0.0,False
DTMPK_c,0.0007884397533876862,-2.0,0.0007884397533876862,False
DUTPDP_c,0.0007884397533876862,-2.0,0.0007884397533876862,False
EPGALURS_e,0.0,0.0,0.0,False
ENO_c,1.1117085539391307,-2.0,1.1117085539391307,False
ETHAK_c,0.0,-2.0,0.0,False
ACHLE3_c,0.0,-2.0,0.0,False
13BGH_e,0.0,-2.0,0.0,False
FRTT_c,0.0,-2.0,0.0,True
FACOAL100_x,0.0,84.18390804597709,0.0,False
FACOAL120_x,0.0,-2.0,0.0,False
FACOAL160_x,0.0,84.18390804597743,0.0,False
FACOAL80_x,0.0,84.18390804597698,0.0,False
FACOAL140_x,0.0,84.18390804597698,0.0,False
FECPOR_m,0.0,-2.0,0.0,False
AFAT_c,1.1112611041405596e-05,-2.0,1.1112611041405596e-05,False
FALDH_c,0.0,-2.0,0.0,False
FDH_c,1.830142546111254,-2.0,1.830142546111254,False
FTHFL_m,0.0,1.7701149425285791,0.0,False
FBP2_c,0.0,-2.0,0.0,False
FBP_c,0.0,38.09195402298917,0.0,False
FBA_c,1.0130814348701813,-2.0,1.0130814348701813,False
FUM_m,0.04836422836637533,-2.0,0.04836422836637533,False
FUM_c,0.03823657975946371,-2.0,0.03823657975946371,False
DHORDfum_c,0.013965543398843202,-1.9999999999999432,0.013965543398843202,False
FRD_c,0.0,1.9999999999999432,0.0,False
GTMLT_c,0.0,-2.0,0.0,False
GALKi_c,0.0,-2.0,0.0,False
GALT_c,0.0,-2.0,0.0,False
GLUCYS_c,0.0,-1.9999999999998863,0.0,False
GGTT_c,0.0,-2.0,0.0,False
GRTT_c,0.024530533243349428,-2.0,0.024530533243349428,False
GLCGSD_c,0.0,84.18390804597766,0.0,False
GLCGSD_v,0.0,90.18390804597766,0.0,False
G6PDA_c,0.0,40.0919540229886,0.0,False
G6PDH2i_c,0.26880792676449144,-2.0,0.26880792676449144,False
PGI_c,0.9439097269064405,-2.0,0.9439097269064405,False
GLU5K_c,0.0141741497114488,-2.000000000000057,0.0141741497114488,False
GLUDC_c,0.0,-2.0,0.0,False
GLUDxi_c,0.0,15.40229885057488,0.0,False
GLUDy_c,1.3877945442187414,-2.0,1.3877945442187414,False
GLUSx_c,0.0,22.68965517241361,0.0,False
G5SDy_c,0.0141741497114488,-2.0,0.0141741497114488,False
GLUN_c,0.0,38.0919540229886,0.0,False
GLNS_c,0.12927401205566358,-1.9999999999997726,0.12927401205566358,False
GF6PTA_c,0.0079637415767125,-2.0,0.0079637415767125,False
GLNTRS_c,0.0259970848046514,-2.0,0.0259970848046514,False
GLUTRS_c,0.0259970848046514,-2.0,0.0259970848046514,False
GLUTRS_m,0.0,-2.0000000000001705,0.0,False
GTHO_c,0.0,82.67816091954046,0.0,False
GTHO_m,0.0,66.62068965517253,0.0,False
GTHP_c,0.0,-2.0,0.0,False
GTHP_m,0.0,-2.0,0.0,False
GTHS_c,0.0,1971.4540229885117,0.0,False
GAPD_c,2.1077158161754506,-2.0000000000001705,2.1077158161754506,False
GLYK_c,0.0,9.402298850574823,0.0,False
G3PDf_m,0.0,21.31034482758677,0.0,False
G3PD1r_c,0.012002953438042396,-2.0,0.012002953438042396,False
G3PD1i_m,0.0,10.0,0.0,False
GARFT_c,0.013454864723067903,-2.0,0.013454864723067903,False
GLYAT_c,0.0,-73.72413793103578,0.0,False
GLYCL_m,0.9192029769584495,-1.9999999999999432,0.9192029769584495,False
GHMT2r_c,1.8818094230364208,-1.999999999999602,1.8818094230364208,False
GLYGS_c,0.0,-2.0,0.0,False
GLCP_c,0.0,44.09195402298894,0.0,False
GLYTRS_c,0.0298597035081226,-2.0,0.0298597035081226,False
GMPS2_c,0.008120561914468798,-1.9999999999997726,0.008120561914468798,False
GTPCI_c,0.0,-2.0,0.0,False
GTPCII2_c,2.222522208281e-05,-2.0000000000001137,2.222522208281e-05,False
GUAD_1_c,0.0,120.27586206896581,0.0,False
GK1_c,0.008120561914468798,-2.0,0.008120561914468798,False
GK2_c,0.0,0.0,0.0,False
HOMOX_m,1.1112611041405e-05,-1.9999999999995453,1.1112611041405e-05,False
HEMEOS_m,1.1112611041405e-05,-2.0000000000002274,1.1112611041405e-05,False
HEX7_c,0.0,-2.0,0.0,False
HEX1_c,1.353245177,-2.0,1.353245177,False
HEX4_c,0.0,-2.0,0.0,True
HISTD_c,0.00648247074259887,-2.0,0.00648247074259887,False
HISTP_c,0.00648247074259887,-2.0,0.00648247074259887,False
HSTPT_c,0.00648247074259887,-2.0,0.00648247074259887,False
HISTRS_c,0.00648247074259887,-2.0,0.00648247074259887,False
HISTRS_m,0.0,-2.0000000000001137,0.0,False
ARMT_c,0.0,-2.0,0.0,False
HACNH_m,0.022067264266924302,-2.0,0.022067264266924302,False
HCYSMT_c,0.0,118.27586206896603,0.0,False
HICITD_m,0.022067264266924302,-2.0,0.022067264266924302,False
HSDy_c,0.0,11.40229885057488,0.0,False
HSK_c,0.03801051278958062,-1.9999999999999432,0.03801051278958062,False
HSERTA_c,0.004321528411110553,-2.0,0.004321528411110553,False
THIORDXi_x,0.0,81.67816091954046,0.0,False
GLYOX_c,0.0,-2.0,0.0,False
HETZK_c,0.0,-2.0,0.0,False
PPBNGD_c,1.1112611041405e-05,-2.0,1.1112611041405e-05,False
HMGCOAR_c,0.09943342107628358,-2.0,0.09943342107628358,False
HMGCOAS_c,0.09943342107628358,-2.0000000000002274,0.09943342107628358,False
HMGCOAS_m,0.0,-121.93103448275997,0.0,False
HMPK1_c,0.0,-2.0,0.0,False
IG3PS_c,0.00648247074259887,-2.0000000000002274,0.00648247074259887,False
IGPDH_c,0.00648247074259887,-2.0,0.00648247074259887,False
IGPS_c,0.00218325251164197,-2.0,0.00218325251164197,False
INDPYRD_c,0.0,-2.0,0.0,False
PPA_c,0.800474683699523,-2.0,0.800474683699523,False
IPK2_n,0.0,-2.0000000000001137,0.0,False
IPK3_n,0.0,-2.0000000000001137,0.0,False
IPK4_n,0.0,-2.000000000000057,0.0,False
IPK5_n,0.0,-2.0,0.0,False
ACHLE1_c,0.0,-2.0,0.0,False
ACHLE2_c,0.0,-2.0,0.0,False
ICDHx_m,0.0653814497157239,-2.0,0.0653814497157239,False
ICL_1_c,0.0,-2.0,0.0,False
ILETA_c,0.0,2.0,0.0,False
ILETA_m,-0.019783336441005103,2.0,0.019783336441005103,False
ILETRS_c,0.019783336441005103,-2.0,0.019783336441005103,False
ILETRS_m,0.0,-2.0000000000001137,0.0,False
IPDDI_c,0.024530533243349428,-2.0,0.024530533243349428,False
ITCOAL_m,0.0,-1.999999999999961,0.0,False
KARA2i_m,0.019783336441005103,-2.0,0.019783336441005103,False
KYN_c,0.0,267.17241379310246,0.0,False
KYN3OX_c,0.0,-2.0,0.0,False
PHCD_m,0.0,-82.27586206896558,0.0,False
4HGLSD_m,0.0,-27.356321839080465,0.0,False
THRA2_c,0.0,-2.0,0.0,False
ATHRDHr_c,0.0,2.0,0.0,False
AASADy_c,0.022067264266924302,-2.0000000000002274,0.022067264266924302,False
EGHLAT_c,0.0,20.436781609195236,0.0,False
EGHLAT_x,0.0,-2.0,0.0,False
HPRORy_c,0.0,-2.0000000000002274,0.0,False
LALDO3_c,0.0,-2.0,0.0,False
LSERDHi_c,0.0,-2.0,0.0,False
SBTD_L_c,0.0,-2.0,0.0,False
THRD_L_m,0.019301980906314718,-2.0,0.019301980906314718,False
TRPO2_c,0.0,-2.0,0.0,False
LCADi_c,0.0,116.55172413793139,0.0,False
LGTHL_c,0.0,103.1494252873564,0.0,False
LNSTLS_c,0.011398316271279501,-2.0,0.011398316271279501,False
LEUTA_c,-0.0269039272557864,2.0,0.0269039272557864,False
LEUTA_m,0.0,-2.0,0.0,False
LEUTRS_c,0.0269039272557864,-2.0,0.0269039272557864,False
LTA4H_c,0.0,-2.0,0.0,False
LTA4H_n,0.0,2.0,0.0,False
LTA4H2_c,0.0,-2.0,0.0,False
LTA4H2_n,0.0,-2.0,0.0,False
LTA4H3_c,0.0,-2.0,0.0,False
LTA4H3_n,0.0,-2.0,0.0,False
LYSTRS_c,0.022067264266924302,-2.0,0.022067264266924302,False
MDH_m,4.900102605895599,-2.000000000000057,4.900102605895599,False
ME1_m,0.11700981113695419,-2.0,0.11700981113695419,False
MAN1PT_c,0.042718099230375436,-2.0,0.042718099230375436,False
MAN6PI_c,-0.042718099230375436,2.0,0.042718099230375436,False
MTHFC_m,0.0,2.0000000000000036,0.0,False
METAT_c,0.025144393877276676,-2.000000000000057,0.025144393877276676,False
METS_c,0.02896234153161404,-2.000000000000057,0.02896234153161404,False
FMETTRS_m,0.0,-2.0,0.0,False
METTRS_c,0.0038290602653787698,-2.0,0.0038290602653787698,False
METTRS_m,0.0,-2.0000000000001137,0.0,False
MTHFD2i_c,0.0,11.40229885057488,0.0,False
MTHFD_m,0.0,2.0,0.0,False
MCITL2_m,0.0,-2.0,0.0,False
MEVK1_c,0.09943342107628358,-2.0,0.09943342107628358,False
MEVK2_c,0.0,-1.7053025658242404e-13,0.0,False
MEVK3_c,0.0,-1.7053025658242404e-13,0.0,False
MEVK4_c,0.0,0.0,0.0,False
DPMVD_c,0.09943342107628358,-2.0000000000001137,0.09943342107628358,False
MI1PP_c,0.0,-2.0,0.0,False
M1PS_c,0.0,860.1379310344835,0.0,False
AGPRi_m,0.012976054096239108,-2.0,0.012976054096239108,False
ACGAM6PS_c,0.0079637415767125,-1.9999999999998863,0.0079637415767125,False
ACGS_m,0.0,-2.0,0.0,False
FKYNH_c,0.0,-2.0,0.0,False
NADDP_x,0.0,-2.0,0.0,False
NADK_c,0.0,11.402298850574766,0.0,False
NADK_m,0.0,-2.0,0.0,False
NADN_n,0.0,-2.000000000000057,0.0,False
NADS2_c,2.2225222082540574e-05,-2.0000000000004547,2.2225222082540574e-05,False
NADS2_n,0.0,-2.0000000000012506,0.0,False
NADHq9_c,0.0,12.482758620689538,0.0,True
NADHK1_c,1.1112611041363962e-05,-2.0000000000001137,1.1112611041363962e-05,False
NADHK1_m,0.0,-1.9999999999997726,0.0,False
NAMNPP_c,2.2225222082540574e-05,-2.0,2.2225222082540574e-05,False
NAMNPP_m,0.0,-2.0,0.0,False
NNAM_c,0.0,158.3678160919536,0.0,False
NNMT_c,0.0,-2.0,0.0,False
NNDPR_c,0.0,-2.0,0.0,False
NNDPR_m,0.0,-2.000000000000057,0.0,False
NDP1_c,0.0,38.09195402298866,0.0,False
NDP3_c,0.0,38.0919540229886,0.0,False
NDP7_c,0.0,38.0919540229886,0.0,False
NDP7_g,0.0,-2.0,0.0,False
NDP5_c,0.0,38.0919540229886,0.0,False
NDP10_c,0.0,95.58620689655203,0.0,False
NDPK3_c,0.021096403053223866,-2.0,0.021096403053223866,False
NDPK8_c,0.0007884397533876862,-2.0,0.0007884397533876862,False
NDPK7_c,0.0012306105467251901,-2.0,0.0012306105467251901,False
NDPK5_c,0.0012306105467251901,-2.0,0.0012306105467251901,False
NDPK4_c,0.0007884397533876862,-2.0,0.0007884397533876862,False
NDPK1_c,0.06142482414931702,-2.0,0.06142482414931702,False
NDPK9_c,0.0,-2.2737367544323206e-13,0.0,False
NDPK10_c,0.0,-2.0,0.0,False
NDPK6_c,0.0007884397533876862,-2.0,0.0007884397533876862,False
NTP3_c,0.0,38.0919540229886,0.0,False
NTP7_c,0.0,38.0919540229886,0.0,False
NTP5_c,0.0,38.0919540229886,0.0,False
NTP10_c,0.0,36.09195402298877,0.0,False
NDP3_g,0.0,-2.0,0.0,False
NDPK2_c,0.16166836855123623,-2.0,0.16166836855123623,False
AHSERL_c,0.0,-2.000000000000057,0.0,False
AHSERL2_c,0.004321528411110553,-1.9999999999999432,0.004321528411110553,False
SHSL1_c,0.0,1.9999999999999432,0.0,False
OCBT_c,0.012964941485197702,-2.0,0.012964941485197702,False
ORNDC_c,1.1112611041405e-05,-2.0,1.1112611041405e-05,False
ORNTACi_m,0.012976054096239108,-2.0,0.012976054096239108,False
ORNTA_c,0.0,21.03448275862013,0.0,False
ORPT_c,-0.013965543398843202,1.9999999999999432,0.013965543398843202,False
OMPDC_c,0.013965543398843202,-2.0,0.013965543398843202,False
PTPAT_c,1.1112611041141918e-05,-1.9999999999998295,1.1112611041141918e-05,False
PNTK_c,1.1112611041141918e-05,-1.9999999999999432,1.1112611041141918e-05,False
PBAL_c,0.0,-1.9999999999998863,0.0,False
FACOAE100_x,0.0,-2.0,0.0,False
FACOAE120_x,0.0,84.18390804597743,0.0,False
FACOAE160_x,0.0,-2.0,0.0,False
FACOAE140_x,0.0,-2.0,0.0,False
FACOAE180_x,0.0,-2.0,0.0,False
FACOAE80_x,0.0,-2.0,0.0,False
PHETA1_c,-0.0126291022300603,2.0,0.0126291022300603,False
PHETRS_c,0.0126291022300603,-2.0,0.0126291022300603,False
PHETRS_m,0.0,-2.0000000000001137,0.0,False
PRAIS_c,0.013454864723067903,-2.0,0.013454864723067903,False
ACGAMPM_c,0.0079637415767125,-2.0,0.0079637415767125,False
PAPSR_c,0.004321528411110553,-2.0,0.004321528411110553,False
PPCK_c,0.0,42.091954022988375,0.0,False
PFK_c,1.0130814348701813,-2.0000000000002274,1.0130814348701813,False
GND_c,0.26880792676449144,-2.0000000000001705,0.26880792676449144,False
PGAMT_c,0.0,2.0,0.0,False
PGCD_c,0.99600726223632,-2.0,0.99600726223632,False
PGK_c,2.1077158161754506,-2.0,2.1077158161754506,False
PGM_c,1.1117085539391307,-2.0,1.1117085539391307,False
PMANM_c,-0.042718099230375436,2.0,0.042718099230375436,False
PMPK_c,0.0,-2.0,0.0,False
PMEVK_c,0.09943342107628358,-2.0,0.09943342107628358,False
PPNCL2_c,1.1112611041141918e-05,-1.9999999999993179,1.1112611041141918e-05,False
PPCDC_c,1.1112611041141918e-05,-2.0,1.1112611041141918e-05,False
PPM_c,0.0,2.0,0.0,False
PRASCSi_c,0.013454864723067903,-1.9999999999995453,0.013454864723067903,False
PRAMPC_c,0.00648247074259887,-2.0,0.00648247074259887,False
PRATPP_c,0.00648247074259887,-2.0,0.00648247074259887,False
AIRC1_c,0.013454864723067903,-2.0,0.013454864723067903,False
PRAGSi_c,0.013454864723067903,-1.9999999999993747,0.013454864723067903,False
GLUPRT_c,0.013454864723067903,-2.0,0.013454864723067903,False
PSERT_c,0.99600726223632,-1.9999999999999432,0.99600726223632,False
PSPHPL_r,0.0,-2.0,0.0,False
PSPHS_r,0.00044900504912797,-2.0,0.00044900504912797,False
POLYAO1_c,0.0,2075.8735632183934,0.0,True
PPBNGS_1_c,4.445044416562e-05,-2.0,4.445044416562e-05,False
POLYAO2_c,0.0,-2.0,0.0,True
POLYAO3_c,0.0,-2.0,0.0,False
PPNDH_c,0.0126291022300603,-2.0,0.0126291022300603,False
PPND2_c,0.0065832310149472,-2.0,0.0065832310149472,False
PROD2_m,0.0,-2.0,0.0,False
PROTRS_c,0.0141741497114488,-2.0,0.0141741497114488,False
PPPGO_m,5.5563055207025e-06,-2.0,5.5563055207025e-06,False
PNP_c,0.0,-2.0,0.0,False
PUNP3_c,0.0,1.9999999999999432,0.0,False
PUNP3_m,0.0,-1.9999999999999254,0.0,False
PUNP5_c,0.0,2.000000000000057,0.0,False
PYDXO_c,0.0,-2.0,0.0,False
PYAM5PO_c,0.0,5.0,0.0,False
PDX5POi_c,0.0,-2.0,0.0,False
PYDXNO_c,0.0,80.67816091954046,0.0,False
P5CR_c,0.0141741497114488,-2.0000000000002274,0.0141741497114488,False
	PC_c,0.3057775213573857,-1.9999999999998295,0.3057775213573857,False
PYRDC_c,0.0,21.402298850574994,0.0,False
PYRDC2_c,0.0,746.2758620689666,0.0,False
PDH_m,0.726686340102342,-2.0000000000002274,0.726686340102342,False
PYK_c,1.0689173824258318,-2.0,1.0689173824258318,False
RBFK_c,1.1112611041405596e-05,-2.0,1.1112611041405596e-05,False
RBFK_m,0.0,-2.0000000000002274,0.0,False
RBFSa_c,4.445044416562e-05,-2.0,4.445044416562e-05,False
RBFSb_c,2.222522208281e-05,-2.0,2.222522208281e-05,False
RBK_c,0.0,42.09195402298866,0.0,False
RNDR1_c,0.0007884397533876862,-2.0,0.0007884397533876862,False
RNDR1_n,0.0,6.0,0.0,False
RNDR3_c,0.0012306105467251901,-2.0,0.0012306105467251901,False
RNDR3_n,0.0,10.0,0.0,False
RNDR2_c,0.0012306105467251901,-2.0,0.0012306105467251901,False
RNDR2_n,0.0,6.0,0.0,False
RPI_c,0.10675514908405644,-2.0,0.10675514908405644,False
RNMK_c,0.0,-2.0,0.0,False
RPE_c,0.1620083272362694,-2.0,0.1620083272362694,False
SAM24MT_c,0.011398316271279501,-2.0,0.011398316271279501,False
SFGTHi_c,0.0,2.0,0.0,False
SACCD2_c,0.022067264266924302,-2.0,0.022067264266924302,False
SACCD1_c,0.022067264266924302,-2.0,0.022067264266924302,False
FBA3_c,0.0,2.0,0.0,False
SERAT_c,0.0,-2.0,0.0,False
SERPT_r,0.00089801009825594,-2.0,0.00089801009825594,False
SERTRS_c,0.017902364746408102,-2.0,0.017902364746408102,False
SHK3Di_c,0.021395585756649467,-2.0,0.021395585756649467,False
SHKK_c,0.021395585756649467,-2.0,0.021395585756649467,False
SHCHD2_c,0.0,-2.0,0.0,False
SHCHF_c,0.0,-2.0,0.0,False
SPHPL_r,0.0,-2.0,0.0,False
SBPP2_r,0.0,-1.9999999999998295,0.0,False
SBPP1_r,0.0,38.09195402298809,0.0,False
SPHGLpK_r,0.0,38.09195402298826,0.0,False
SLCBK1_r,0.0,-1.999999999999659,0.0,False
ACONIs_m,0.0,-2.0,0.0,False
ACONIs_c,0.0,2.0,0.0,False
SQLEx_r,0.0,-2.0,0.0,False
SQLEy_r,0.011398316271279501,-1.9999999999990905,0.011398316271279501,False
SQLS_c,0.011398316271279501,-2.0,0.011398316271279501,False
SUCOAS_m,0.0,-0.45977011494198905,0.0,False
SSALy_c,0.0,36.22988505747219,0.0,False
SUCR_e,0.0,-2.0,0.0,False
SADT_c,0.004321528411110553,-2.0,0.004321528411110553,False
SO3R_c,0.004321528411110553,-2.0,0.004321528411110553,False
TAUDO_c,0.0,-2.0,0.0,False
THFGLUS_c,0.0,-2.000000000000057,0.0,False
TMDPK_c,1.1112611041405e-05,-2.0,1.1112611041405e-05,False
TMDPPK_c,0.0,-2.0,0.0,False
TMPPP_c,0.0,-2.0,0.0,False
THIORDXi_n,0.0,90.67816091954046,0.0,False
TRDR_c,0.008359629011336306,-2.0,0.008359629011336306,False
THRA_c,0.0,122.16091954023034,0.0,False
THRS_c,0.03801051278958062,-2.0,0.03801051278958062,False
THRTRS_c,0.018708531883265902,-2.0,0.018708531883265902,False
TMDS_c,0.0007884397533876862,-2.0,0.0007884397533876862,False
ACONMT_c,0.0,-2.0,0.0,False
PPTT_m,0.0,-2.0,0.0,False
TALA_c,0.07062456726373914,-2.0,0.07062456726373914,False
TRE6PP_c,0.0,132.2758620689665,0.0,False
TPI_c,1.001078481432139,-2.0,1.001078481432139,False
TRPS1_c,0.00218325251164197,-2.0,0.00218325251164197,False
TRPTA_c,0.0,-2.0,0.0,False
TRPTRS_c,0.00218325251164197,-2.0,0.00218325251164197,False
TRPTRS_m,0.0,-2.0,0.0,False
TYRTA_c,0.0065832310149472,-2.0,0.0065832310149472,False
TYRTAi_x,0.0,-2.0,0.0,False
TYRTRS_c,0.0065832310149472,-2.0,0.0065832310149472,False
TYRTRS_m,0.0,-2.0,0.0,False
ERGSTGLCT_c,0.0,-2.0,0.0,False
UAGDP_c,0.0079637415767125,-2.0,0.0079637415767125,False
UDPG4E_c,0.0,2.0,0.0,False
UGLT_c,0.0,0.0,0.0,False
UMPK_c,0.015688331488592222,-2.0,0.015688331488592222,False
UMPK_n,0.0,-2.0,0.0,False
UPPRT_c,0.0,36.09195402298707,0.0,False
UREASE_c,0.0,42.091954022988716,0.0,False
URIK1_c,0.0,-2.0,0.0,False
URIK2_c,0.0,-1.1368683772161603e-13,0.0,False
URIDK2i_c,0.0,78.1839080459772,0.0,False
URIDK2_n,0.0,74.1839080459772,0.0,False
UPPDC1_c,1.1112611041405e-05,-2.0,1.1112611041405e-05,False
UPP3MT_2_c,0.0,-2.0,0.0,False
UPP3S_c,1.1112611041405e-05,-2.0,1.1112611041405e-05,False
GALUi_c,0.1405275233290682,-2.0000000000001137,0.1405275233290682,False
VALTA_c,0.0269039272557864,-2.0,0.0269039272557864,False
VALTA_m,-0.0515239266856536,2.0,0.0515239266856536,False
VALTRS_c,0.0246199994298672,-2.0,0.0246199994298672,False
VALTRS_m,0.0,-2.0,0.0,False
XPPT_c,0.0,32.09195402298701,0.0,False
XYLK_c,0.0,-8.0,0.0,False
YUMPS_c,0.0,-1.9999999999999432,0.0,False
MEVt_c_e,0.0,-2.0,0.0,False
BTDt_c_e,0.0,-2.0,0.0,False
2MBACt_c_e,0.0,-2.0,0.0,False
2OXOADPt_c_m,0.022067264266924302,-2.0,0.022067264266924302,False
4ABUTtps_e,0.0,-2.0,0.0,False
5AOPtps_e,0.0,-2.0,0.0,False
5FTHFt_c_e,0.0,-2.0,0.0,False
ETACt_c_e,0.0,-2.0,0.0,False
ADEtps_e,0.0,-2.0,0.0,False
ADNtps_e,0.0,-2.0,0.0,False
ADPATPt_c_m,20.65689294033561,-2.0,20.65689294033561,False
ADPATPt_c_x,0.0,-1.9999999999999432,0.0,False
AKGCITta_m,0.0,0.0,0.0,False
ALLTTt_c,0.0,-2.0,0.0,False
ALLTNt_c,0.0,-2.0,0.0,False
NH4t_c_e,0.5780155672087018,-2.0,0.5780155672087018,False
AMPATPt_c_x,0.0,-2.0,0.0,False
ASPGLUt_c_m,4.147119301693806,-2.0,4.147119301693806,False
CRNACRNt_c_m,0.0,-2.0,0.0,False
CHOLtps_e,0.0,-2.0,0.0,False
CITMALta_m,0.6033185372631713,-2.0,0.6033185372631713,False
CITt3_m,0.0,-2.0,0.0,False
CITICITta_m,0.0,-2.000000000000057,0.0,True
COAt_c_m,0.0,-2.0,0.0,False
CTPt2_m,0.0,-2.0,0.0,True
CTPCMPt_c_m,0.0,6.827586206896548,0.0,True
CYTDtps_e,0.0,-2.0,0.0,False
CSNtps_e,0.0,-2.0,0.0,False
GALtps_e,0.0,-2.0,0.0,False
LACDtps_c,0.0,-2.0,0.0,True
LACtps_m,0.0,-2.0,0.0,False
LACPYRt_c_m,0.0,0.0,0.0,False
ETHAt_c_e,0.0,-2.0,0.0,False
FADH2t_c_m,0.0,2.82758620689674,0.0,False
FOLt_c_e,1.1112611041406897e-05,-2.0,1.1112611041406897e-05,True
GDPMANt_c_g,0.0,-2.0000000000001137,0.0,False
GLCt_c_e,1.353245177,-2.0,1.353245177,False
GTHRDt_c_e,0.0,1.5,0.0,False
GTHRDt_c_v,0.0,-2.0,0.0,False
G3PIt_c_e,0.0,-2.0,0.0,False
G3PCt_c_e,0.0,-2.0,0.0,False
GLYCtps_e,0.0,-2.0,0.0,False
GLYtps_e,0.0,-2.0,0.0,False
GLYCOGENt_c_v,0.0,-2.0,0.0,False
GTPGDPtp_m,0.0,46.91954022988513,0.0,False
GUAtps_e,0.0,-2.0,0.0,False
INOSTtps_e,0.00522359394612285,-2.0,0.00522359394612285,False
FE2t_c_e,8.49003483563344e-05,-2.0,8.49003483563344e-05,False
FE2t_c_m,1.1112611041405e-05,-2.0,1.1112611041405e-05,False
IAMACt_c_e,0.0,-2.0,0.0,False
IBUTACt_c_e,0.0,252.62068965517244,0.0,False
IPDPt_c_m,0.0,-2.0,0.0,False
ALAtps_e,0.0,-2.0,0.0,False
ARGtps_e,0.0,-2.0,0.0,False
ASNtpa_v,0.0,-2.0,0.0,False
ASNtps_v,0.0,40.0919540229886,0.0,False
ASPtps_v,0.0,-528.6091954022997,0.0,False
ASPtps_e,0.0,-2.0,0.0,False
CYStps_e,0.0,-2.0,0.0,False
CYSItps_v,0.0,19.045977011494244,0.0,False
GLUt_c_m,0.1300747661215249,-2.0,0.1300747661215249,False
GLUtps_v,0.0,-741.7586206896567,0.0,False
GLUtps_e,0.0,-2.0,0.0,False
GLNtpa_v,0.0,-2.0,0.0,False
GLNtps_v,0.0,40.0919540229886,0.0,False
HIStpa_v,0.0,-2.0,0.0,False
ILEt_c_v,0.0,2.0,0.0,False
ILEtpa_v,0.0,17.045977011494188,0.0,False
ILEtps_v,0.0,21.045977011494188,0.0,False
LACt_c_m,0.0,-2.0,0.0,False
LACLtps_c,0.0,-2.0,0.0,False
LEUt_c_v,0.0,2.0,0.0,False
LEUtpa_v,0.0,17.045977011494188,0.0,False
LEUtps_v,0.0,21.045977011494188,0.0,False
LYStpa_v,0.0,-2.0,0.0,False
LYStps_e,0.0,-2.0,0.0,False
METtps_e,0.0,-2.0,0.0,False
PHEtps_e,0.0,-2.0,0.0,False
PROtps_e,0.0,2.0,0.0,False
SERtps_e,0.0,-2.0,0.0,False
TYRt_c_v,0.0,2.0,0.0,False
TYRtpa_v,0.0,17.045977011494188,0.0,False
TYRtps_v,0.0,21.045977011494188,0.0,False
VALtps_e,0.0,-2.0,0.0,False
MALt2_m,0.0,25.264367816091795,0.0,False
MALTtps_e,0.0,-2.0,0.0,False
NFORTYR2t_c_e,0.0,-2.0,0.0,False
NADt_c_m,0.0,-2.0,0.0,False
NADt1_m,0.0,-2.0,0.0,False
NADt2_m,0.0,36.09195402298883,0.0,False
NADt3_m,0.0,-2.0,0.0,False
NACt_c_e,2.2225222082540574e-05,-2.0,2.2225222082540574e-05,False
ORNtpa_m,0.012976054096239108,-2.0,0.012976054096239108,False
ORNtps_e,0.0,-2.0,0.0,False
OAAtps_m,0.0,31.264367816091806,0.0,False
PNTOtps_e,1.1112611041141918e-05,-2.0,1.1112611041141918e-05,False
PENDPt_c_m,0.0,-2.0,0.0,False
PHEACt_c_e,0.0,-2.0,0.0,False
PItps_e,0.05983308624968997,-2.0,0.05983308624968997,False
PItps_m,20.65689294033561,-2.0,20.65689294033561,False
PTRCtpa_e,0.0,2.0,0.0,False
PTRCtpa_v,0.0,2.0,0.0,False
PYRtps_e,0.0,-2.0,0.0,False
AMETt_c_m,0.0,-2.0,0.0,False
NAtpa_c,0.0,2.0,0.0,False
SPMDtpa_e,0.0,-2.0,0.0,False
SPMDtpa_v,0.0,-2.0,0.0,False
SPRMtpa_e,0.0,-2.0,0.0,False
SPRMtpa_v,0.0,-2.0,0.0,False
SUCCt2_m,0.0,21.26436781609175,0.0,False
SUCFUMt_c_m,0.013965543398843202,-2.0,0.013965543398843202,False
SO4t_c_e,0.007791218956568443,-2.0,0.007791218956568443,False
SO3t_c_e,0.0,167.86206896551812,0.0,False
TAURt_c_e,0.0,2.0,0.0,False
UDPGALt_c_g,0.0,-2.0,0.0,False
URAtps_e,0.0,-2.0,0.0,False
UREAtps_e,0.0,-2.0,0.0,False
URItps_e,0.0,-2.0,0.0,False
UTPt_c_m,0.0,-2.0,0.0,False
UTPUMPtp_m,0.0,-2.0,0.0,False
H2Ot_c_e,-5.68884692993104,2.0,5.68884692993104,False
EX_13BDglucan_e,0.0,860.1379310344832,0.0,False
13BDGLUCANt_c_en,0.11125090503604501,-2.0,0.11125090503604501,True
EX_crn_e,-0.0,-2.0,0.0,False
EX_lac__D_e,0.0,371.0114942528742,0.0,False
EX_mev__R_e,0.0,1164.4827586206943,0.0,False
EX_pnto__R_e,-1.1112611041141918e-05,2.0,1.1112611041141918e-05,False
EX_btd_e,-0.0,-2.0,0.0,False
EX_3mop_e,0.0,1194.1149425287376,0.0,False
EX_lac__L_e,0.0,371.0114942528742,0.0,False
EX_mal__L_e,0.0,526.2528735632189,0.0,False
EX_g3pi_e,-0.0,-2.0,0.0,False
MI13456Pt_c_n,0.0,-2.0,0.0,False
MI1Pt_c_r,0.0,-2.0,0.0,False
EX_dad_2_e,-0.0,-2.0,0.0,False
EX_dgsn_e,-0.0,-2.0,0.0,False
EX_din_e,-0.0,-2.0,0.0,False
EX_duri_e,0.0,1609.7931034482767,0.0,False
2DDA7Pt_c_m,0.0,-2.0,0.0,False
2DHPt_c_m,0.0,2.0,0.0,False
EX_3c3hmp_e,0.0,1225.4712643678185,0.0,False
3C3HMPt_c_e,0.0,2.0,0.0,False
3C3HMPt_c_m,0.0,-2.0,0.0,False
2MBTOHt_c_e,0.0,-2.0,0.0,False
2MBTOHt_c_m,0.0,-2.0,0.0,False
EX_2mbald_e,-0.0,-2.0,0.0,False
2MBALDt_c_e,0.0,-2.0,0.0,False
2MBALDt_c_m,0.0,-2.0,0.0,False
EX_2mbtoh_e,0.0,62.27586206896558,0.0,False
EX_2mbac_e,-0.0,-2.0,0.0,False
IBTALDt_c_e,0.0,2.0,0.0,False
IBTALDt_c_m,0.0,2.0,0.0,False
2OBUTt_c_m,0.000481355534690385,-2.0,0.000481355534690385,False
EX_akg_e,0.0,673.1264367816106,0.0,False
AKGt_c_n,0.0,-2.0,0.0,False
AKGt_c_e,0.0,-2.0,0.0,False
EX_2phetoh_e,0.0,58.27586206896558,0.0,False
2PHETOHt_c_e,0.0,-2.0,0.0,False
2PHETOHt_c_m,0.0,-2.0,0.0,False
3C4MOPt_c_m,0.0,2.0,0.0,False
3MOPt_c_e,0.0,-2.0,0.0,False
EX_3mbald_e,-0.0,-2.0,0.0,False
3MBALDt_c_e,0.0,2.0,0.0,False
3MBALDt_c_m,0.0,2.0,0.0,False
3HXPHBt_c_m,0.0,-2.0,0.0,False
AHMMPS4_c,0.0,-1.9999999999997726,0.0,False
EX_4abz_e,0.0,2.0,0.0,False
4ABZt_c_e,0.0,2.0,0.0,False
4ABZt_c_m,0.0,-2.0,0.0,False
4ABUTNt_c_m,0.0,-2.0,0.0,False
4ABUTt_c_m,0.0,-2.0,0.0,False
4H2OGLTt_c_m,0.0,-2.0,0.0,False
4H2OGLTt_c_x,0.0,2.0,0.0,False
4HBZt_c_m,0.0,-2.0,0.0,False
NTD7pp_c,0.0,38.09195402298877,0.0,False
NTD6pp_c,0.0,1932.6206896551735,0.0,False
NTD3pp_c,0.0,38.09195402298877,0.0,False
NTD8_c,0.0,1929.1264367816098,0.0,False
NTD5_c,0.0,38.09195402298883,0.0,False
NTD1pp_c,0.0,38.09195402298877,0.0,False
NTD10pp_c,0.0,1681.0804597701153,0.0,False
EX_5aop_e,0.0,745.7241379310366,0.0,False
5AOPt_c_m,-8.890088833124e-05,2.0,8.890088833124e-05,False
EX_5fthf_e,0.0,211.63218390804582,0.0,False
EX_dann_e,-0.0,-2.0,0.0,False
DANNt_c_e,0.0,-2.0,0.0,False
EX_8aonn_e,-0.0,-2.0,0.0,False
EX_xan_e,0.0,876.114942528735,0.0,False
EX_acald_e,0.0,328.298850574713,0.0,False
ACALDt_c_m,0.0,-14.000000000000114,0.0,False
ACALDt_c_e,0.0,-2.0,0.0,False
EX_ac_e,0.0,290.71264367816093,0.0,False
ACt_c_n,0.0,-2.0,0.0,False
ACCOAt_c_n,0.0,-2.0,0.0,False
ACRNt_c_x,0.0,-2.0,0.0,False
EX_ade_e,0.0,967.7931034482772,0.0,False
ADEt_c_m,0.0,-2.0,0.0,False
EX_pap_e,0.0,1937.1264367816098,0.0,False
PAPt_c_m,0.0,-2.0,0.0,False
EX_adn_e,0.0,1770.7586206896558,0.0,False
ADPt_c_n,0.0,-2.0,0.0,False
ADPt_c_r,0.0,-2.0,0.0,False
AKGt_c_x,0.0,-2.0,0.0,False
EX_alltt_e,0.0,90.18390804597698,0.0,False
EX_alltn_e,0.0,52.09195402298849,0.0,False
EX_tre_e,0.0,1678.1839080459781,0.0,False
EX_gam6p_e,0.0,994.413793103449,0.0,False
EX_nh4_e,-0.5780155672087018,2.0,0.5780155672087018,False
AMPt_c_n,0.0,2.0,0.0,False
ARGtps_m,0.0,-2.0,0.0,False
ASNt_c_m,0.0,-2.0,0.0,False
ASPGLUt_c_x,0.0,2.0,0.0,False
ATPt_c_n,0.0,2.0,0.0,False
ATPt_c_r,0.0,-2.0,0.0,False
EX_hco3_e,-0.0,-2.0,0.0,False
HCO3E_m,0.0,-2.0,0.0,False
HCO3E_n,0.0,-2.0,0.0,False
HCO3E_c,0.5690842187279979,-2.0,0.5690842187279979,False
HCO3E_e,0.0,0.0,0.0,False
HCO3t_c_n,0.0,-6.0,0.0,False
EX_co2_e,4.004104497058613,-2.0,4.004104497058613,False
CRNt_c_x,0.0,0.0,0.0,False
CRNCARt_c_x,0.0,-2.0,0.0,False
CDPt_c_n,0.0,-2.0,0.0,False
EX_chol_e,0.0,1489.4482758620643,0.0,False
CHOLt_c_en,0.0,2.0,0.0,False
CHRPL_c,0.0,-2.0,0.0,False
CITt_c_e,0.0,-2.0,0.0,False
EX_cit_e,0.0,784.3218390804612,0.0,False
CITICTta_x,0.0,-2.0,0.0,False
CITMALta_x,0.0,221.96168582375526,0.0,False
CMPN_c,0.0,120.27586206896581,0.0,False
CO2t_c_r,-0.00089801009825594,2.0,0.00089801009825594,False
CO2t_c_n,0.0,2.0,0.0,False
CO2t_c_x,0.0,-2.0,0.0,False
CO2t_c_m,-2.0544804526729887,2.0,2.0544804526729887,False
CO2t_c_e,4.004104497058613,-2.0,4.004104497058613,False
COAt_c_r,-0.00368394168633618,2.0,0.00368394168633618,False
COAt_c_n,0.0,-2.0,0.0,False
COAt_c_x,0.0,2.0,0.0,False
EX_cytd_e,0.0,1530.1149425287363,0.0,False
CYTK1_c,0.017170539824516298,-2.0,0.017170539824516298,False
CYTK2_c,0.0,0.0,0.0,False
EX_csn_e,0.0,689.0574712643676,0.0,False
EX_arab__D_e,-0.0,-2.0,0.0,False
ARABDt_c,0.0,-2.0,0.0,False
E4Pt_c_m,0.0,-2.0,0.0,False
EX_fru_e,0.0,824.0459770114948,0.0,False
EX_gal_e,0.0,822.045977011495,0.0,False
EX_galur_e,-0.0,-2.0,0.0,False
EX_sbt__D_e,0.0,922.4137931034488,0.0,False
GAM6Pt_c,0.0,-2.0,0.0,False
EX_glc__D_e,-1.353245177,860.1379310344832,1.353245177,False
EX_man_e,0.0,826.0459770114948,0.0,False
EX_rib__D_e,0.0,760.8735632183915,0.0,False
SBTDt_c,0.0,-2.0,0.0,False
EX_xyl__D_e,0.0,693.3793103448279,0.0,False
XYLt_c_e,0.0,-2.0,0.0,False
DADPt_c_n,0.0,-2.0,0.0,False
DCDPt_c_n,0.0,2.0,0.0,False
ATPHs_c,0.0,-2.0,0.0,False
NTPDA2_c,0.0,-1.9999999999998295,0.0,False
NDPDA1_c,0.0,-2.0,0.0,False
NDPDA2_c,0.0,-2.0,0.0,False
DNADt_c_n,0.0,2.0,0.0,False
EX_dca_e,0.0,1916.183908045979,0.0,False
DADt_c_e,0.0,-2.0,0.0,False
DADK_c,0.0,-2.0,0.0,False
EX_dcyt_e,0.0,1655.885057471265,0.0,False
DCYTt_c_e,0.0,-2.0,0.0,False
DGSNt_c_e,0.0,-2.0,0.0,False
DINt_c_e,0.0,44.09195402298849,0.0,False
DURIK1_c,0.0,-2.0,0.0,False
DURIt_c_e,0.0,-2.0,0.0,False
DPCOAK_c,1.1112611041141918e-05,-2.0,1.1112611041141918e-05,False
DGDPt_c_n,0.0,-2.0,0.0,False
DHNPTt_c_m,0.0,-2.0,0.0,False
SPRMAT_c,0.0,-2.0,0.0,True
DHFt_c_m,0.0,2.0,0.0,False
DNTPPA_c,0.0,2.0,0.0,False
DHPTt_c_m,0.0,2.0,0.0,False
DHAPt_c_m,0.0,-2.0,0.0,False
PPIt_c_x,0.0,2.0,0.0,False
DOLPt_c_r,-0.01286218052376383,2.0,0.01286218052376383,False
EX_dttp_e,0.0,2035.8850574712656,0.0,False
DTTPt_c,0.0,2.0,0.0,False
DUDPt_c_n,0.0,-2.0,0.0,False
DUMPt_c_n,0.0,-2.0,0.0,False
EX_epist_e,0.0,8911.264367816124,0.0,False
ERGTETROLt_c_r,0.0,-2.0,0.0,False
EX_ergst_e,0.0,9170.298850574745,0.0,False
ERGSTt_c_r,0.0,2.0,0.0,False
ERGSTt_c_l,0.0,-2.0,0.0,False
ERGSTt_c_en,0.0,-2.0,0.0,False
EX_etoh_e,0.0,388.5747126436786,0.0,False
ETOHt_c_e,0.0,2.0,0.0,False
ETOHt_c_m,0.0,-2.0,0.0,False
EX_etha_e,-0.0,-2.0,0.0,False
EX_etac_e,0.0,647.195402298851,0.0,False
FRDPt_c_m,1.1112611041405e-05,-2.0,1.1112611041405e-05,False
DCAt_c_x,0.0,-2.0,0.0,False
DDCAt_c_x,0.0,-2.0,0.0,False
TTDCAt_c_x,0.0,2.0,0.0,True
OCTAt_c_x,0.0,-2.0,0.0,False
TTDCAt_c_e,0.0,-2.0,0.0,True
EX_fecost_e,-0.0,-2.0,0.0,False
FMNAT_m,0.0,-1.9999999999997726,0.0,False
EX_fmn_e,0.0,0.0,0.0,False
EX_fol_e,-1.1112611041406897e-05,2.0,1.1112611041406897e-05,True
EX_for_e,0.0,94.36781609195396,0.0,False
FORt_c_m,0.0,-2.0,0.0,False
FORt_c_e,0.0,-2.0,0.0,False
FUMt_c_e,0.0,-2.0,0.0,False
FRUK_c,0.0,-2.0,0.0,False
EX_fum_e,0.0,528.2528735632189,0.0,False
EX_4abut_e,0.0,686.620689655174,0.0,False
GDPt_c_g,0.02124197825786652,-2.0,0.02124197825786652,False
GDPt_c_n,0.0,-2.0,0.0,False
GDPMANNt_c_g,0.02124197825786652,-2.0,0.02124197825786652,False
GLCt_c_v,0.0,2.0,0.0,False
EX_gthox_e,-0.0,-2.0,0.0,False
EX_gthrd_e,-0.0,-2.0,0.0,False
EX_glyc_e,0.0,467.6551724137938,0.0,False
GLYC3Pt_c_m,0.0,2.0,0.0,False
EX_gly_e,0.0,239.14942528735685,0.0,False
GLYt_c_m,1.8384948548052304,-2.0,1.8384948548052304,False
GCALDt_c_m,0.0,2.0,0.0,False
GCALDt_c_e,0.0,0.0,0.0,False
EX_gcald_e,-0.0,-2.0,0.0,False
EX_glx_e,0.0,225.10344827586312,0.0,False
GLXt_c_e,0.0,2.0,0.0,False
GLXt_c_x,0.0,-2.0,0.0,False
EX_gua_e,0.0,1002.3908045977008,0.0,False
GUAt_c_m,0.0,2.0,0.0,False
EX_gsn_e,0.0,1805.3563218390807,0.0,False
GSNK_c,0.0,-1.9999999999998863,0.0,False
GSNt_c_m,0.0,-2.0,0.0,False
GSNt_c_e,0.0,-2.0,0.0,False
Ht_c_e,0.0,38.09195402298849,0.0,False
Ht_c_r,-2.494781178800226e-05,2.0,2.494781178800226e-05,False
Ht_c_g,-0.02124197825786652,2.0,0.02124197825786652,False
Ht_c_l,0.0,2.0,0.0,False
Ht_c_n,0.0,2.0,0.0,False
Ht_c_x,0.0,-2.0,0.0,False
Ht_c_v,0.0,19.045977011494244,0.0,False
HXCCOAt_c_r,0.00044900504912797,-2.0,0.00044900504912797,False
EX_hxdcal_e,-0.0,-2.0,0.0,False
HDCAt_c_e,0.0,-2.0,0.0,False
HDCEAt_c_e,0.0,-2.0,0.0,False
HISt_c_m,0.0,-2.0,0.0,False
H2O2t_c_n,0.0,-2.0,0.0,False
HMGCOAt_c_m,0.0,-2.0,0.0,False
EX_hxan_e,0.0,944.3908045977006,0.0,False
HXANt_c_e,0.0,2.0,0.0,False
EX_id3acald_e,0.0,1971.7701149425307,0.0,False
ID3ACALDt_c_m,0.0,2.0,0.0,False
ID3ACALDt_c_e,0.0,2.0,0.0,False
IND3ACt_c_m,0.0,-2.0,0.0,False
EX_ins_e,0.0,1705.264367816092,0.0,False
INSt_c_e,0.0,-2.0,0.0,False
INOSHPt_c_n,0.0,-2.0,0.0,False
INSK_c,0.0,-2.0,0.0,False
EX_fe2_e,-8.49003483563344e-05,2.0,8.49003483563344e-05,False
EX_iamac_e,0.0,252.62068965517244,0.0,False
IAMOHt_c_e,0.0,-2.0,0.0,False
IAMOHt_c_m,0.0,-2.0,0.0,False
EX_iamoh_e,-0.0,-2.0,0.0,False
EX_ibutoh_e,-0.0,-2.0,0.0,False
EX_ibutac_e,-0.0,-2.0,0.0,False
IBUTOHt_c_e,0.0,-2.0,0.0,False
IBUTOHt_c_m,0.0,-2.0,0.0,False
EX_ibtald_e,0.0,828.9425287356335,0.0,False
PHCHGS_m,0.0,-54.91954022988504,0.0,False
AOBUTDs_c,0.0,-2.0,0.0,False
EX_ala__L_e,0.0,466.6436781609203,0.0,False
ALAt_c_m,0.0328153948023877,-2.0,0.0328153948023877,False
EX_abt__L_e,0.0,73.67816091954046,0.0,False
ABTt_c_e,0.0,-2.0,0.0,False
ARABLt_c,0.0,-2.0,0.0,False
EX_arab__L_e,0.0,0.0,0.0,False
EX_arg__L_e,0.0,1209.1494252873586,0.0,False
EX_asn__L_e,0.0,509.56321839080545,0.0,False
EX_asp__L_e,0.0,507.56321839080545,0.0,False
CRNt_c_m,0.0,0.0,0.0,False
EX_cys__L_e,0.0,805.6321839080496,0.0,False
E4HGLUt_c_m,0.0,2.0,0.0,False
E4HGLUt_c_x,0.0,-2.0,0.0,False
EX_sbt__L_e,0.0,54.27586206896558,0.0,False
G5SADr_c,0.0141741497114488,-2.0,0.0141741497114488,False
EX_glu__L_e,0.0,720.7126436781625,0.0,False
GLUt_c_n,0.0,-2.0,0.0,False
EX_gln__L_e,0.0,722.7126436781625,0.0,False
GLNt_c_n,0.0,2.0,0.0,False
EX_his__L_e,-0.0,-2.0,0.0,False
HOMt_c_e,0.0,2.0,0.0,False
EX_hom__L_e,0.0,693.6091954023001,0.0,False
EX_ile__L_e,-0.0,-2.0,0.0,False
ILEt_c_m,0.019783336441005103,-2.0,0.019783336441005103,False
EX_leu__L_e,-0.0,-2.0,0.0,False
EX_lys__L_e,0.0,1162.712643678165,0.0,False
MALt_c_e,0.0,-2.0,0.0,False
EX_met__L_e,0.0,1343.770114942533,0.0,False
EX_phe__L_e,0.0,1620.5517241379343,0.0,False
EX_pro__L_e,0.0,888.0689655172437,0.0,False
PROt_c_m,0.0,2.0,0.0,False
EX_ser__L_e,0.0,403.1954022988515,0.0,False
SERt_c_r,0.00089801009825594,-2.0,0.00089801009825594,False
SBTLt_c,0.0,-2.0,0.0,False
EX_srb__L_e,-0.0,-2.0,0.0,False
SRBt_c_e,0.0,2.0,0.0,False
EX_thr__L_e,0.0,691.6091954023002,0.0,False
EX_trp__L_e,-0.0,-2.0,0.0,False
EX_tyr__L_e,-0.0,-2.0,0.0,False
EX_val__L_e,0.0,908.6206896551739,0.0,False
EX_lanost_e,0.0,7713.356321839111,0.0,False
EX_ddca_e,0.0,2898.5210727969443,0.0,False
LYSt_c_m,0.0,-2.0,0.0,False
MALOAAta_x,0.0,-2.0,0.0,False
EX_malt_e,0.0,1686.1839080459781,0.0,False
MANNANt_c_r,0.0,-2.0,0.0,False
METt_c_m,0.0,-2.0,0.0,False
MGSA_c,0.0,-2.0,0.0,False
EX_inost_e,-0.00522359394612285,2.0,0.00522359394612285,False
EX_Nfortyr2_e,-0.0,-2.0,0.0,False
NADPt_c_r,-0.012745331418663412,2.0,0.012745331418663412,False
NADPHt_c_r,0.012745331418663412,-2.0,0.012745331418663412,False
NH4t_c_m,-0.9385049578647643,2.0,0.9385049578647643,False
NCAMt_c_n,0.0,-2.0,0.0,False
EX_nac_e,-2.2225222082540574e-05,2.0,2.2225222082540574e-05,False
EX_nmn_e,0.0,973.3333333333338,0.0,False
NMNt_c_n,0.0,2.0,0.0,False
NMNt_c_x,0.0,-2.0,0.0,False
NMNt_c_e,0.0,-2.0,0.0,False
NDP4_c,0.0,38.0919540229886,0.0,False
NTP4_c,0.0,38.09195402298883,0.0,False
ACRNt_c_m,0.0,-2.0,0.0,False
O2t_c_r,0.01184732132040747,-2.0,0.01184732132040747,False
O2t_c_m,3.4306444560755627,-2.0,3.4306444560755627,False
O2t_c_e,3.5755617686197607,-2.0,3.5755617686197607,False
O2t_c_x,0.0,-2.0,0.0,False
OCDCAt_c_e,0.0,-2.0,0.0,False
EX_octa_e,0.0,1517.517241379312,0.0,False
EX_orn_e,0.0,907.1034482758637,0.0,False
OAAt_c_e,0.0,2.0,0.0,False
EX_oaa_e,0.0,461.9770114942535,0.0,False
GTHOXt_c,0.0,-2.0,0.0,False
TRDOXt_c_x,0.0,-2.0,0.0,False
EX_o2_e,-3.5755617686197607,2.0,3.5755617686197607,False
EX_hdca_e,0.0,3988.8045977011625,0.0,False
EX_hdcea_e,0.0,3683.466155810991,0.0,False
PMTCOAt_c_r,0.00278593158808024,-2.0,0.00278593158808024,False
PAN4Pt_c_m,0.0,2.000000000000057,0.0,False
PAPt_c,0.0,-2.0,0.0,False
EX_pectin_e,-0.0,-2.0,0.0,False
EX_pheac_e,-0.0,-2.0,0.0,False
EX_pacald_e,-0.0,-2.0,0.0,False
PACALDt_c_e,0.0,-2.0,0.0,False
PACALDt_c_m,0.0,-2.0,0.0,False
PHEt_c_m,0.0,-2.0,0.0,False
EX_pi_e,-0.05983308624968997,2.0,0.05983308624968997,False
PIt_c_v,0.0,2.0,0.0,False
PPPG9t_c_m,1.1112611041405e-05,-2.0,1.1112611041405e-05,False
PRPPt_c_m,0.0,-2.0,0.0,False
EX_ptrc_e,0.0,953.1954022988522,0.0,False
HYPOE_c,0.0,38.0919540229886,0.0,False
EX_pydxn_e,-0.0,-2.0,0.0,False
PMDPHT_c,2.222522208281e-05,-2.0,2.222522208281e-05,False
PYNP2r_c,0.0,2.0,0.0,False
PPIt_c_m,-1.1112611041405e-05,2.0,1.1112611041405e-05,False
EX_pyr_e,0.0,347.701149425288,0.0,False
PYRtps_m,0.7653231135800878,-2.0,0.7653231135800878,False
QULNt_c_m,0.0,-2.0,0.0,False
TRDRDt_c_x,0.0,-2.0,0.0,False
EX_ribflv_e,-0.0,-2.0,0.0,False
RIBFLVt_c_m,0.0,-2.0,0.0,False
RIBt_c_e,0.0,-2.0,0.0,False
AHCYSt_c_m,0.0,2.0,0.0,False
EX_amet_e,0.0,3272.896551724143,0.0,True
EX_mmet_e,-0.0,-2.0,0.0,False
SERt_c_m,-0.9192029769584495,2.0,0.9192029769584495,False
EX_g3pc_e,0.0,2148.160919540229,0.0,False
EX_na1_e,-0.0,-2.0,0.0,False
SPMDAT_c,0.0,-2.0,0.0,True
EX_spmd_e,0.0,1925.839080459772,0.0,False
EX_sprm_e,0.0,824.6091954022985,0.0,False
SQLt_c_r,0.011398316271279501,-2.0,0.011398316271279501,False
SSQ23EPXt_c_r,0.011398316271279501,-2.0,0.011398316271279501,False
EX_ocdca_e,0.0,4518.59770114944,0.0,False
EX_succ_e,0.0,565.2183908045982,0.0,False
SUCCt_c_e,0.0,-2.0,0.0,False
EX_sucr_e,0.0,1684.1839080459781,0.0,False
EX_so4_e,-0.007791218956568443,2.0,0.007791218956568443,False
EX_so3_e,-0.0,-2.0,0.0,False
EX_taur_e,-0.0,-2.0,0.0,False
TTCCOAt_c_r,0.00044900504912797,-2.0,0.00044900504912797,False
THMP_c,0.0,120.27586206896581,0.0,False
TMN_c,0.0,-1.9999999999999432,0.0,False
EX_thmpp_e,-0.0,-2.0,0.0,False
EX_thm_e,-1.1112611041405e-05,2.0,1.1112611041405e-05,False
EX_thmmp_e,-0.0,-2.0,0.0,False
TMPK_c,0.0,80.18390804597732,0.0,False
THZPSN2_c,0.0,3066.2528735632245,0.0,False
THZPSN1_c,0.0,3066.252873563224,0.0,False
THRt_c_m,0.019301980906314718,-2.0,0.019301980906314718,False
EX_thymd_e,0.0,1859.5172413793111,0.0,False
TMDK1_c,0.0,-2.0,0.0,False
THYMDt_c_e,0.0,-2.0,0.0,False
TREtps_e,0.0,2.0,0.0,False
TREt_c_v,0.0,-2.0,0.0,False
TRPt_c_m,0.0,-2.0,0.0,False
EX_ind3eth_e,-0.0,-2.0,0.0,False
IND3ETHt_c_e,0.0,2.0,0.0,False
IND3ETHt_c_m,0.0,-2.0,0.0,False
TYRt_c_m,0.0,-2.0,0.0,False
TYRt_c_x,0.0,-2.0,0.0,False
UMPt_c_n,0.0,2.0,0.0,False
EX_ura_e,0.0,642.9655172413791,0.0,False
EX_urea_e,0.0,12.0,0.0,False
EX_uri_e,0.0,1407.8390804597707,0.0,False
VALt_c_m,-0.0515239266856536,2.0,0.0515239266856536,False
H2Ot_c_r,-0.01184732132040747,2.0,0.01184732132040747,False
H2Ot_c_g,0.0,-2.0,0.0,False
H2Ot_c_m,-25.85982517069401,2.0,25.85982517069401,False
H2Ot_c_n,0.0,-2.0,0.0,False
H2Ot_c_x,0.0,-2.0,0.0,False
H2Ot_c_v,0.0,-2.0,0.0,False
XANt_c_e,0.0,2.0,0.0,False
EX_xtsn_e,-0.0,-2.0,0.0,False
XTSNt_c_e,0.0,-2.0,0.0,False
EX_xylt_e,0.0,771.0574712643684,0.0,False
XYLTt_c_e,0.0,-2.0,0.0,False
EX_zymst_e,-0.0,-2.0,0.0,False
ZYMSTt_c_en,0.0,2.0,0.0,False
KYNAT2_c,0.0,-2.0,0.0,False
QUILSYN_c,0.0,1666.298850574714,0.0,False
ALCD2i2_c,0.0,2.0,0.0,False
ALDD2x_c,0.0,11.402298850575107,0.0,False
COAt_c_l,0.0,1.8419523562861286,0.0,False
SBP_c,0.0,44.091954022989285,0.0,False
Ht_c_m,0.0,8.827586206896548,0.0,False
ICDHyi_m,0.08428331722289781,-2.0,0.08428331722289781,False
AKGMALta_m,4.365429651403007,-2.0,4.365429651403007,False
EAR40y_m,0.0,-2.0,0.0,False
EAR60y_m,0.0,-2.0,0.0,False
EAR80y_m,0.0,-2.0,0.0,False
3OACE200_rm,0.002643005922171775,-2.0,0.002643005922171775,False
3OACE220_rm,0.002643005922171775,-2.0,0.002643005922171775,False
3OACE240_rm,0.002161989607862658,-2.0,0.002161989607862658,False
3OACE260_rm,0.00044900504912797,-2.0,0.00044900504912797,False
3OACR200_rm,0.002643005922171775,-2.0000000000002274,0.002643005922171775,False
3OACR220_rm,0.002643005922171775,-2.0,0.002643005922171775,False
3OACR240_rm,0.002161989607862658,-2.0,0.002161989607862658,False
3OACR260_rm,0.00044900504912797,-2.0,0.00044900504912797,False
3HACD200_rm,0.002643005922171775,-2.0,0.002643005922171775,False
3HACD220_rm,0.002643005922171775,-2.0,0.002643005922171775,False
3HACD240_rm,0.002161989607862658,-2.0,0.002161989607862658,False
3HACD260_rm,0.00044900504912797,-2.0,0.00044900504912797,False
ECOAR200_rm,0.002643005922171775,-2.0,0.002643005922171775,False
ECOAR220_rm,0.002643005922171775,-2.0,0.002643005922171775,False
ECOAR240_rm,0.002161989607862658,-2.0,0.002161989607862658,False
ECOAR260_rm,0.00044900504912797,-2.0,0.00044900504912797,False
ACOADS160_rm,0.0,395.61430395913703,0.0,False
ACOADS180_rm,0.016764275138735185,-2.0,0.016764275138735185,False
OCTAt_c_e,0.0,-2.0,0.0,False
DCAt_c_e,0.0,-2.0,0.0,False
DDCAt_c_e,0.0,-2.0,0.0,False
EX_but_e,0.0,864.7100893997464,0.0,False
EX_hxa_e,0.0,1191.1136653895287,0.0,False
EX_ocdcea_e,0.0,4606.873563218405,0.0,False
BUTt_c_e,0.0,-2.0,0.0,False
HXAt_c_e,0.0,-2.0,0.0,False
OCDCEAt_c_e,0.0,-2.0,0.0,False
EX_ttdca_e,0.0,3539.1954022988616,0.0,True
FACOAL120_rm,0.0,-0.15804764371421243,0.0,False
FACOAL140_rm,0.0,82.1839080459772,0.0,True
FACOAL160_rm,4.44133358721655e-05,-2.0,4.44133358721655e-05,False
FACOAL161_rm,0.0,-2.0,0.0,False
FACOAL180_rm,2.9609662814123588e-05,-2.0000000000004547,2.9609662814123588e-05,False
FACOAL181_rm,5.1131193701214074e-05,-2.0000000000004547,5.1131193701214074e-05,False
FACOAL120_l,0.0,-2.0,0.0,False
FACOAL140_l,0.0,84.34195568969085,0.0,True
FACOAL160_l,0.0,-2.0,0.0,False
FACOAL161_l,0.0,6.158047643713871,0.0,False
FACOAL180_l,0.0,-1.9999999999995453,0.0,False
FACOAL181_l,3.2251497007747837e-06,-2.0,3.2251497007747837e-06,False
FACOAL161_x,0.0,-2.0,0.0,False
FACOAL180_x,0.0,84.18390804597675,0.0,False
FACOAL181_x,0.0,-2.0,0.0,False
FACOAL200_en,0.0,-2.0,0.0,False
FACOAL220_en,0.0,-2.0,0.0,False
FACOAL240_en,0.0,-2.0000000000004547,0.0,False
FACOAL260_en,0.0,-2.0,0.0,False
FACOAL220_rm,5.947142823311024e-06,-2.0000000000004547,5.947142823311024e-06,True
FACOAL240_rm,0.0,1852.1480714237086,0.0,True
FACOAL260_rm,0.0,15.84195235628522,0.0,False
FACOAL220_l,2.919511844769548e-07,-2.0,2.919511844769548e-07,True
FACOAL240_l,0.0,1848.3061190674234,0.0,False
FACOAL260_l,0.0,-2.0,0.0,False
FACOA120tabc_x,0.0,24.250001666702246,0.0,False
FACOA140tabc_x,0.0,36.091954022988375,0.0,True
FACOA160tabc_x,0.0,19.394636015326512,0.0,False
FACOA161tabc_x,0.0,-2.0,0.0,False
FACOA180tabc_x,0.0,-1.3026819923361472,0.0,False
FACOA181tabc_x,0.0,-2.0,0.0,False
FACOA200tabc_x,0.0,-2.0,0.0,False
FACOA220tabc_x,0.0,1.3026819923379662,0.0,False
FACOA240tabc_x,0.0,0.6053639846768419,0.0,False
FACOA260tabc_x,0.0,-0.09195402298547606,0.0,False
BUTt_c_x,0.0,-2.0,0.0,False
HXAt_c_x,0.0,-2.0,0.0,False
FACOAE40_x,0.0,-2.0,0.0,False
FACOAE60_x,0.0,-2.0,0.0,False
FACOAE161_x,0.0,84.18390804597675,0.0,False
FACOAE181_x,0.0,84.18390804597675,0.0,False
ACOAO40_x,0.0,-226.08684546615768,0.0,False
ACOAO60_x,0.0,-226.08684546615768,0.0,False
ACOAO80_x,0.0,-226.08684546615677,0.0,False
ACOAO200_x,0.0,-2.0,0.0,False
ACOAO220_x,0.0,-2.0,0.0,False
ACOAO240_x,0.0,-2.0,0.0,False
ACOAO161b_x,0.0,-2.0,0.0,False
ACOAO141b_x,0.0,-2.0,0.0,False
ACOAO121a_x,0.0,-2.0,0.0,False
ACOAO181a_x,0.0,-2.0,0.0,False
ACOAO161a_x,0.0,-2.0,0.0,False
ACOAO141a_x,0.0,-2.0,0.0,False
ECOAH100_x,0.0,-2.0,0.0,False
ECOAH120_x,0.0,-2.0,0.0,False
ECOAH140_x,0.0,-2.0,0.0,False
ECOAH160_x,0.0,-2.0,0.0,False
ECOAH180_x,0.0,-2.0,0.0,False
ECOAH260_x,0.0,-2.0,0.0,False
ECOAH40_x,0.0,-2.0,0.0,False
ECOAH60_x,0.0,-2.0,0.0,False
ECOAH80_x,0.0,-2.0,0.0,False
ECOAH200_x,0.0,-2.0,0.0,False
ECOAH220_x,0.0,-2.0,0.0,False
ECOAH240_x,0.0,-2.0,0.0,False
ECOAH161b_x,0.0,-2.0,0.0,False
ECOAH141b_x,0.0,-2.0,0.0,False
ECOAH121a_x,0.0,-2.0,0.0,False
ECOAH181a_x,0.0,-2.0,0.0,False
ECOAH161c_x,0.0,-2.0,0.0,False
ECOAH141c_x,0.0,-2.0,0.0,False
HACD100i_x,0.0,70.26309067688453,0.0,False
HACD120i_x,0.0,603.0038314176309,0.0,False
HACD160i_x,0.0,-2.0,0.0,False
HACD180i_x,0.0,-2.0,0.0,False
HACD260i_x,0.0,-2.0,0.0,False
HACD40i_x,0.0,-1.9999999999995453,0.0,False
HACD60i_x,0.0,-2.0,0.0,False
HACD80i_x,0.0,-2.0,0.0,False
HACD200i_x,0.0,-2.0,0.0,False
HACD220i_x,0.0,-2.0,0.0,False
HACD240i_x,0.0,-2.0,0.0,False
HACD161bi_x,0.0,-2.0,0.0,False
HACD141bi_x,0.0,-2.0,0.0,False
HACD121ai_x,0.0,-2.0,0.0,False
HACD181ai_x,0.0,-2.0,0.0,False
HACD161ai_x,0.0,-2.0,0.0,False
HACD141ai_x,0.0,-2.0,0.0,False
ACACT40i_x,0.0,-2.0,0.0,False
ACACT60i_x,0.0,-2.0,0.0,False
ACACT80i_x,0.0,-2.0,0.0,False
ACACT200i_x,0.0,-2.0,0.0,False
ACACT220i_x,0.0,-2.0000000000009095,0.0,False
ACACT240i_x,0.0,-2.0,0.0,False
ACACT161bi_x,0.0,-2.0,0.0,False
ACACT141bi_x,0.0,-2.0,0.0,False
ACACT121ai_x,0.0,-2.0,0.0,False
ACACT181ai_x,0.0,-1.9999999999995453,0.0,False
ACACT161ai_x,0.0,-2.0,0.0,False
ACACT141ai_x,0.0,-2.0,0.0,False
ECOAI101a_x,0.0,-2.0,0.0,False
ECOAI122c_x,0.0,-2.0,0.0,False
ECOAI121b_x,0.0,-2.0,0.0,False
ECOAI121a_x,0.0,-2.0,0.0,False
ECOAI142c_x,0.0,-2.0,0.0,False
ECOAI141a_x,0.0,-2.0,0.0,False
ECOAR122_x,0.0,-2.0000000000002274,0.0,False
ECOAR142_x,0.0,-2.0000000000004547,0.0,False
STEHz161_en,0.0,-2.0,0.0,False
STEHz181_en,0.0,-1.0,0.0,False
DDCAt_c_rm,0.0,2.0,0.0,False
TTDCAt_c_rm,0.0,-2.0,0.0,True
HDCAt_c_rm,1.7142614248493763e-05,-2.0,1.7142614248493763e-05,False
HDCEAt_c_rm,0.0,2.0,0.0,False
OCDCAt_c_rm,1.1449680385080414e-05,-2.0,1.1449680385080414e-05,False
OCDCEAt_c_rm,1.7786699609186313e-05,-2.0,1.7786699609186313e-05,False
MALCOAt_c_rm,0.00789700650133418,-2.0,0.00789700650133418,False
DDCACOAt_c_rm,0.0,-2.0,0.0,False
TDCOAt_c_rm,0.0,-2.0,0.0,True
PMTCOAt_c_rm,0.004355139178166947,-2.0,0.004355139178166947,False
HDCOAt_c_rm,0.0,-2.0,0.0,False
STCOAt_c_rm,0.022307399384507806,-2.0,0.022307399384507806,False
ODECOAt_c_rm,0.0,2.0,0.0,False
ICOSCOAt_c_rm,0.0,-2.0,0.0,False
DOCOSCOAt_c_rm,0.0,2.0,0.0,False
TTCCOAt_c_rm,-0.000449762393856598,2.0,0.000449762393856598,False
HXCCOAt_c_rm,-0.00044900504912797,2.0,0.00044900504912797,False
Ht_c_rm,0.02455805239215298,-2.0,0.02455805239215298,False
H2Ot_c_rm,-0.06824709817986425,2.0,0.06824709817986425,False
CO2t_c_rm,-0.007897006501334177,2.0,0.007897006501334177,False
COAt_c_rm,-0.03366592911913788,2.0,0.03366592911913788,False
NADPHt_c_rm,0.015794013002668354,-2.0,0.015794013002668354,False
NADPt_c_rm,-0.015794013002668354,2.0,0.015794013002668354,False
O2t_c_rm,0.030462919560192085,-2.0,0.030462919560192085,False
NADHt_c_rm,0.030462919560192085,-2.0,0.030462919560192085,False
NADt_c_rm,-0.030462919560192085,2.0,0.030462919560192085,False
GLYC3Pt_c_rm,0.01199516807312301,-2.0,0.01199516807312301,False
DHAPt_c_rm,0.0,-2.0,0.0,False
PPIt_c_rm,-0.01736188897606764,2.0,0.01736188897606764,False
PIt_c_rm,0.0,-2.0,0.0,False
CTPt_c_rm,0.022315900988907914,-2.0,0.022315900988907914,False
CDPt_c_rm,-0.005156473775432759,2.0,0.005156473775432759,False
CMPt_c_rm,-0.017159427213475156,2.0,0.017159427213475156,False
CDPEAt_c_rm,0.0,-2.0,0.0,False
CDPCHOLt_c_rm,0.0,2.0,0.0,False
ATPt_c_rm,0.00020246176259248308,-2.0,0.00020246176259248308,False
AMPt_c_rm,-0.00020246176259248308,2.0,0.00020246176259248308,False
SERt_c_rm,0.011935833267352305,-2.0,0.011935833267352305,False
INOSTt_c_rm,0.00522359394612285,-2.0,0.00522359394612285,False
AMETt_c_rm,0.013723852383914366,-2.0,0.013723852383914366,False
AHCYSt_c_rm,-0.01372385238391437,2.0,0.01372385238391437,False
EPISTt_c_rm,0.0,-2.0,0.0,False
FECOSTt_c_rm,0.0,-2.0,0.0,False
LANOSTt_c_rm,0.0,-2.0,0.0,False
ERGSTt_c_rm,0.0,-2.0,0.0,False
ZYMSTt_c_rm,0.0,2.0,0.0,False
G3PCt_c_rm,0.0,-2.0,0.0,False
HDCAt_c_l,0.0,-1.8419523562865834,0.0,False
HDCEAt_c_l,0.0,-2.0,0.0,False
OCDCAt_c_l,0.0,-1.8419523562870381,0.0,False
OCDCEAt_c_l,3.2251497007747837e-06,-2.0,3.2251497007747837e-06,False
DDCACOAt_c_l,0.0,-2.0,0.0,False
TDCOAt_c_l,0.0,-2.0,0.0,True
PMTCOAt_c_l,2.6376816346877952e-06,-2.0,2.6376816346877952e-06,False
HDCOAt_c_l,0.0,2.0,0.0,False
STCOAt_c_l,1.7564717501923934e-06,-2.0,1.7564717501923934e-06,False
ODECOAt_c_l,0.0,1.8419523562861286,0.0,False
GLYC3Pt_c_l,7.785364919386112e-06,-2.0,7.785364919386112e-06,False
DHAPt_c_l,0.0,2.0,0.0,False
NADPHt_c_l,0.0,2.0,0.0,False
NADPt_c_l,0.0,-2.0,0.0,False
ATPt_c_l,1.5570729838771526e-05,-2.0,1.5570729838771526e-05,False
AMPt_c_l,-1.5570729838771526e-05,2.0,1.5570729838771526e-05,False
PPIt_c_l,-0.025857392076074074,2.0,0.025857392076074074,False
H2Ot_c_l,0.0,-2.0,0.0,False
GLYCt_c_l,0.0,-2.0,0.0,False
DOCOSCOAt_c_l,0.0,-1.8419523562861286,0.0,True
TTCCOAt_c_l,-7.573447286279606e-07,2.0,7.573447286279606e-07,False
HXCCOAt_c_l,0.0,2.0,0.0,False
ATPt_c_en,0.0,-2.0,0.0,False
ADPt_c_en,0.0,-2.0,0.0,False
Ht_c_en,0.0,-2.0,0.0,False
H2Ot_c_en,0.0,-1.0,0.0,False
PIt_c_en,0.0,-2.0,0.0,False
G3PCt_c_en,0.0,2.0,0.0,False
G3PIt_c_en,0.0,-2.0,0.0,False
HDCAt_c_en,0.0,2.0,0.0,False
HDCEAt_c_en,0.0,2.0,0.0,False
OCDCAt_c_en,0.0,2.0,0.0,False
OCDCEAt_c_en,0.0,2.0,0.0,False
ICOSCOAt_c_en,0.0,-2.0,0.0,False
DOCOSCOAt_c_en,0.0,2.0,0.0,False
TTCCOAt_c_en,0.0,2.0,0.0,False
HXCCOAt_c_en,0.0,-2.0,0.0,False
H2Ot_c_vm,0.0,-2.0,0.0,False
PIt_c_vm,0.0,-2.0,0.0,False
Ht_c_vm,0.0,-2.0,0.0,False
ATPt_c_vm,0.0,2.0,0.0,False
ADPt_c_vm,0.0,-2.0,0.0,False
CO2t_c_vm,0.0,2.0,0.0,False
H2Ot_c_gm,0.0,2.0,0.0,False
PIt_c_gm,0.0,2.0,0.0,False
Ht_c_gm,0.0,-2.0,0.0,False
CO2t_c_gm,0.0,2.0,0.0,False
ATPt_c_gm,0.0,2.0,0.0,False
ADPt_c_gm,0.0,-2.0,0.0,False
H2Ot_c_mm,0.0,-2.0,0.0,True
CO2t_c_mm,-0.01134330884662459,2.0,0.01134330884662459,False
HDCOAt_c_mm,0.0,-2.0,0.0,False
ODECOAt_c_mm,0.0,-2.0,0.0,False
HDCAt_c_mm,0.0,2.0,0.0,False
OCDCAt_c_mm,0.0,2.0,0.0,False
COAt_c_mm,0.0,2.0,0.0,False
DDCAt_l_rm,0.0,2.0,0.0,False
TTDCAt_l_rm,0.0,-2.0,0.0,True
HXCAt_l_rm,0.0,-2.0,0.0,False
EPISTt_l_rm,0.0,-2.0,0.0,False
FECOSTt_l_rm,0.0,-2.0,0.0,False
LANOSTt_l_rm,0.0,-2.0,0.0,False
ZYMSTt_l_rm,0.0,-2.0,0.0,False
ZYM161t_l_rm,0.0,-2.0,0.0,False
ZYM181t_l_rm,0.0,-2.0,0.0,False
HXCAt_en_rm,0.0,2.0,0.0,False
ZYM161t_en_rm,0.0,2.0,0.0,False
ZYM181t_en_rm,0.0,-2.0,0.0,False
HXCAt_r_rm,0.0,-2.0,0.0,False
PIt_r_rm,0.0,-2.0,0.0,False
Ht_m_mm,0.02268661769324918,-2.0,0.02268661769324918,False
GLYC3Pt_m_mm,0.0,-2.0,0.0,False
CMPt_m_mm,0.0,2.0,0.0,True
CTPt_m_mm,0.0,2.0,0.0,True
PIt_m_mm,0.0,2.0,0.0,True
PPIt_m_mm,0.0,-2.0,0.0,True
GTHRDtabc_v,0.0,34.091954022988716,0.0,False
GLYCDy_c,0.0,-2.0,0.0,False
uniDOLDP_l,0.0001914208988610022,-2.0,0.0001914208988610022,True
CRNOAT_m,0.0,44.91954022988534,0.0,False
EX_h_e,0.19459363772748944,-2.0,0.19459363772748944,False
EX_k_e,-0.0670812765514414,2.0,0.0670812765514414,False
EX_h2o_e,5.68884692993104,-2.0,5.68884692993104,False
EX_14dmlanost_e,0.0,7991.793103448306,0.0,False
14DMLANOSTt_c_e,0.0,-2.0,0.0,False
EX_ergtetrol_e,0.0,9090.620689655205,0.0,False
ERGTETROLt_c_e,0.0,-2.0,0.0,False
HSDx_c,0.04233204120069117,-2.0,0.04233204120069117,False
ME2_m,0.0,-2.0000000000000284,0.0,False
RAFH_e,0.0,-2.0,0.0,False
URIH_c,0.0,-2.0,0.0,False
HEMEAt_c_m,1.1112611041405e-05,-2.0,1.1112611041405e-05,False
EX_raffin_e,0.0,822.0459770114948,0.0,False
EX_melib_e,-0.0,-2.0,0.0,False
PYDX5PS_c,1.1112611041405e-05,-2.0,1.1112611041405e-05,True
4AMPMS_c,0.0,-2.0,0.0,False
AROHL_c,0.0,2.0,0.0,False
4HPPCL_c,0.0,-2.0,0.0,False
EX_fe3_e,-0.0,-2.0,0.0,False
4HPEOR_c,0.0,-2.0,0.0,False
GUAPRT_c,0.0,36.09195402298701,0.0,False
AICART_c,0.019937335465666773,-2.0,0.019937335465666773,False
HCITS_m,0.022067264266924302,-2.0,0.022067264266924302,False
MTHFD_c,1.852058641751419,-2.0,1.852058641751419,False
IMPD_c,0.008120561914468798,-2.0,0.008120561914468798,False
TKT2_c,0.04922898150708968,-2.0,0.04922898150708968,False
TKT1_c,0.07062456726373914,-2.0,0.07062456726373914,False
ATPASEV_v,0.0,-2.0,0.0,True
FRUtps_e,0.0,-2.0,0.0,False
PSP_L_c,0.99600726223632,-2.0,0.99600726223632,False
MANtps_e,0.0,-2.0,0.0,False
IMPC_c,0.019937335465666773,-2.0,0.019937335465666773,False
SUCDq9_m,0.06232977176521853,-2.0,0.06232977176521853,True
GLYOX_m,0.0,-2.0,0.0,False
LANOSTt_c_e,0.0,-2.0,0.0,False
SERD_L_c,0.0,51.49425287356348,0.0,False
EPISTt_c_e,0.0,-2.0,0.0,False
PGL_c,0.26880792676449144,-2.0,0.26880792676449144,False
ERGSTt_c_e,0.0,-2.0,0.0,False
IPPS_c,0.0269039272557864,-2.0,0.0269039272557864,False
ALDD22x_c,0.0,-2.0000000000002274,0.0,False
AOXS_c,0.0,-2.0,0.0,False
HCITS_n,0.0,-2.0,0.0,False
GNK_c,0.0,38.0919540229886,0.0,True
CRNAT120_m,0.0,-2.0,0.0,True
MPYRCNST_c,0.0,2.0,0.0,False
MANNANH_e,0.0,-2.0,0.0,False
GLUTCOADH_m,0.0,1.9999999999998117,0.0,False
3OAS140_c,0.029452864304139875,-2.0,0.029452864304139875,True
URO_c,0.0,-2.0,0.0,False
3HAD120_c,0.02945286430413986,-2.0,0.02945286430413986,True
ASPTA4_c,0.0,2.000000000000057,0.0,False
TRPDC_c,0.0,-2.0,0.0,False
3OAR80_c,0.02945286430413986,-2.0,0.02945286430413986,True
3OAS100_c,0.02945286430413986,-2.0,0.02945286430413986,True
3HAD80_c,0.02945286430413986,-2.0,0.02945286430413986,True
Kt_c_m,0.0,-2.0,0.0,False
3HAD180_c,0.022309155856258,-2.0,0.022309155856258,True
QUINDH_c,0.0,-2.0,0.0,False
3OAS120_c,0.02945286430413986,-2.0,0.02945286430413986,True
3HBHYOX_c,0.0,-2.0,0.0,False
3OADPCOAT_m,0.0,-1.9999999999997726,0.0,False
MI134PPH_c,0.0,-2.0,0.0,False
BZHYOX_c,0.0,-2.0,0.0,False
AVNORy_c,0.0,-2.0,0.0,False
HQLOR_c,0.0,-2.0,0.0,False
OCOAT1_m,0.0,-2.0000000000001137,0.0,False
3HAD60_c,0.02945286430413986,-2.0,0.02945286430413986,True
PGCPH_c,0.0,-2.0,0.0,True
ARAI2_c,0.0,2.0,0.0,False
3OAS160_c,0.029452864304139875,-2.0,0.029452864304139875,True
MACACI_c,0.0,2.0,0.0,False
SPHINGSt_c_e,0.0,-2.0,0.0,False
3INDACNLAH_c,0.0,2.0,0.0,False
DAG3Pabct_c_m,0.0,-2.0000000000000426,0.0,False
FUMACACH_c,0.0,-2.0,0.0,False
3OAS80_c,0.02945286430413986,-2.0000000000002274,0.02945286430413986,True
EAR100y_c,0.02945286430413986,-2.0,0.02945286430413986,True
3HAD40_c,0.02945286430413986,-2.0,0.02945286430413986,True
XAND_c,0.0,-1.9999999999998295,0.0,False
MERLACOR_c,0.0,2.0,0.0,False
3OAS60_c,0.02945286430413986,-2.0,0.02945286430413986,True
3OAS40_c,0.02945286430413986,-2.0000000000002274,0.02945286430413986,True
PCLAD_c,0.0,-2.0,0.0,False
HXAND_c,0.0,2.0,0.0,True
NITRy_c,0.0,15.40229885057488,0.0,False
LCYSTAT_c,0.0,2.0,0.0,False
3HAD100_c,0.02945286430413986,-2.0,0.02945286430413986,True
3OAS180_c,0.022309155856258,-2.0,0.022309155856258,True
3HAD140_c,0.029452864304139875,-2.0,0.029452864304139875,True
3OAR60_c,0.02945286430413986,-2.0,0.02945286430413986,True
HIBH_m,0.0,-2.0,0.0,False
3OAR140_c,0.029452864304139875,-2.0,0.029452864304139875,True
PEtabc_m,0.0,-2.0000000000000426,0.0,False
3OAR100_c,0.02945286430413986,-2.0,0.02945286430413986,True
PTRCAT1_c,0.0,-1.9999999999999432,0.0,True
NITRx_c,0.0,2.0,0.0,False
ETFOXRq9_m,0.0,1.9999999999998472,0.0,True
NOX_c,0.0,-2.0,0.0,False
3OAR120_c,0.02945286430413986,-2.0,0.02945286430413986,True
EAR180y_c,0.022309155856258,-1.9999999999997726,0.022309155856258,True
DHPM2_c,0.0,-2.0,0.0,False
HGENDO_c,0.0,-2.0,0.0,False
QUINt_c_e,0.0,-2.0,0.0,False
ACKr_c,-0.04215477846544047,2.000000000000057,0.04215477846544047,True
PGt_c_m,0.0,2.000000000000057,0.0,False
3OAR160_c,0.029452864304139875,-2.0,0.029452864304139875,True
3OAR40_c,0.02945286430413986,-2.0,0.02945286430413986,True
OPAH_c,0.0,1.9999999999999432,0.0,False
DOLDPP_c,0.0017227880897490201,-2.0,0.0017227880897490201,True
HACDm40_c,0.0,2.0,0.0,False
3HAD160_c,0.029452864304139875,-2.0,0.029452864304139875,True
OAR1_c,0.0,-2.0,0.0,False
SPHGAT181_c,0.0,2.0,0.0,False
UREA_c,0.0,2.0,0.0,True
CAROL3_c,0.0,2.0,0.0,True
GLUR_c,0.0,-2.0,0.0,False
PHYTOES_c,0.0,2.0,0.0,True
CSNPURt_c_e,0.0,-2.0,0.0,False
GLCDx_c,0.0,-2.0,0.0,False
OAR2_c,0.0,-1.9999999999997726,0.0,False
GLCtps_e,0.0,-2.0,0.0,False
CITCOAL_c,0.0,2.0,0.0,False
CAROL2_c,0.0,-2.0,0.0,True
ACt_c_m,0.048364228366375335,-2.0,0.048364228366375335,True
HEX7b_c,0.0,1.9999999999999432,0.0,False
HIBTD_c,0.0,-2.0,0.0,False
CAROL1_c,0.0,-2.0,0.0,False
TORULNOXi_c,0.0,-2.0,0.0,False
ACHAH_c,0.0,-2.0,0.0,False
CLt_c_e,0.0,-2.0,0.0,False
GLCNtps_e,0.0,-2.0,0.0,False
FER_c,0.0,134.45977011494233,0.0,False
EAR80y_c,0.02945286430413986,-2.0,0.02945286430413986,True
DPGT_c,0.0,2.0,0.0,False
ACOATA_c,0.02945286430413986,-2.0,0.02945286430413986,True
3MOPR_m,0.0,2.0,0.0,False
ECOAH40_m,0.0,2.0,0.0,True
OAR3_m,0.0,2.0,0.0,False
ECOAH140_m,0.0,-2.0,0.0,False
3MOBR_m,0.0,-1.9999999999997726,0.0,False
EAR140y_c,0.029452864304139875,-1.9999999999995453,0.029452864304139875,True
ECOAH80_m,0.0,-2.0,0.0,True
EAR160y_c,0.029452864304139875,-2.0,0.029452864304139875,True
ECOAH160_m,0.0,-2.0,0.0,False
MANNANH_c,0.0,-2.0,0.0,True
PKETF_c,0.0,0.0,0.0,False
EAR120y_c,0.029452864304139875,-2.0,0.029452864304139875,True
ECOAH100_m,0.0,-2.0,0.0,True
4MOPR_m,0.0,-2.0,0.0,False
ECOAH120_m,0.0,-2.0,0.0,True
ECOAH60_m,0.0,-2.0,0.0,True
NO3t_c_e,0.0,-2.0,0.0,False
CBMHL_c,0.0,2.0,0.0,False
3OAR180_c,0.022309155856258,-2.0,0.022309155856258,True
ACITL_c,0.6033185372631713,-2.000000000000284,0.6033185372631713,True
ACEST1_m,0.0,-1.9999999999999432,0.0,False
GLYCK_c,0.0,-2.0,0.0,False
AGMT_e,0.0,-2.0,0.0,False
MASCBRx_c,0.0,-2.0,0.0,False
AHGDf_m,0.0,-1.9999999999997158,0.0,False
RHMND2_c,0.0,2.0,0.0,False
SALCMOX_x,0.0,-2.0,0.0,False
BETALDHx_x,0.0,-2.0,0.0,False
INOSHP3H_v,0.0,-2.0,0.0,False
CHITOSNSE_c,0.0,-2.0,0.0,False
DGLCND3H_c,0.0,-2.0,0.0,False
DGLCND5H_c,0.0,2.0,0.0,False
ACCOAt_c_r,0.0,-2.0,0.0,False
GMAND_c,0.0,-2.0,0.0,False
AFLTXNB1S_c,0.0,-2.0,0.0,False
AFLTXNB2S_c,0.0,-2.0,0.0,False
CPLSPNEST_e,0.0,-2.0,0.0,False
NGLYCANS1_c,0.0017227880897490201,-2.0,0.0017227880897490201,True
NGLYCANS2_c,0.0017227880897490201,-2.0,0.0017227880897490201,True
NGLYCANS3_c,0.0017227880897490201,-2.0,0.0017227880897490201,True
NGLYCANS4_c,0.0017227880897490201,-2.0,0.0017227880897490201,True
NGLYCANS5_c,0.0017227880897490201,-2.0,0.0017227880897490201,True
NGLYCANS6_c,0.0017227880897490201,-2.0,0.0017227880897490201,True
NGLYCANS7_c,0.0017227880897490201,-2.0,0.0017227880897490201,True
NGLYCANS8_r,0.0,2.0,0.0,False
NGLYCANS9_r,0.0,2.0,0.0,False
NGLYCANS10_r,0.0,2.000000000003638,0.0,False
NGLYCANS11_r,0.0,-1.999999999996362,0.0,False
NGLYCANS12_r,0.0,2.0,0.0,False
NGLYCANS13_r,0.0,2.0,0.0,False
NGLYCANS14_r,0.0,-2.0,0.0,False
NGLYCANS15_r,0.0,-2.0,0.0,False
NGLYCANS16_r,0.0,-1.9999999999997726,0.0,False
NGLYCANS17_r,0.0,-1.9999999999997726,0.0,False
NGLYCANS18_r,0.0,-1.9999999999997726,0.0,False
NGLYCANS19_g,0.0,-1.9999999999997726,0.0,False
OGLYCANS1_r,0.00531049456446663,-2.0,0.00531049456446663,True
OGLYCANS_B3GAT1_r,0.0,-2.0,0.0,False
TROPNDH_c,0.0,-2.0,0.0,False
PADAH_c,0.0,-2.0,0.0,False
PACt_c_x,0.0,-2.0,0.0,False
PACCOAL_x,0.0,-2.0,0.0,True
PACCOAE_c,0.0,-2.0,0.0,False
CHOLD_c,0.0,-2.0,0.0,False
LYSN6MOX_c,0.0,-2.0,0.0,False
ORNN5MOX_c,0.0,-2.0,0.0,False
CMBOLHcis_c,0.0,-2.0,0.0,False
CMBOLHtrans_c,0.0,-2.0,0.0,False
PYDXNOR_c,0.0,-2.0,0.0,True
RDH_c,0.0,-2.0,0.0,False
UDPGD_c,0.0,-2.0,0.0,False
TDPDRR_c,0.0,-2.0,0.0,False
NITROPP_c,0.0,-2.0,0.0,False
PGLYCP_c,0.0,-2.0,0.0,False
4CMCOAL_x,0.0,-2.0,0.0,False
XYLI1_c,0.0,-17.40229885057488,0.0,False
XYLI2_c,0.0,-2.0,0.0,False
3DHSKD_c,0.0,2.0,0.0,False
CMPA_c,0.0,-2.0,0.0,False
FRMDH_c,0.0,-2.0,0.0,False
DAOorn_x,0.0,-2.0,0.0,False
DAOpro_x,0.0,-2.0,0.0,False
DAOarg_x,0.0,-2.0,0.0,False
DAOala_x,0.0,-2.0,0.0,False
DAOgly_x,0.0,-2.0,0.0,False
DAO4hpro_x,0.0,-2.0,0.0,False
CEPHSCOX_x,0.0,-2.0,0.0,False
RADHx_m,0.0,-1.9999999999999218,0.0,False
ETNO2OX_c,0.0,-1.9999999999999432,0.0,False
PAFH_c,0.0,-2.0,0.0,False
SDPDS_c,0.0,-2.0,0.0,False
PHACRDC1_c,0.0,-2.0,0.0,False
PHACRDC2_c,0.0,2.0,0.0,False
PHACRDC3_c,0.0,-2.0,0.0,False
PHACRDC4_c,0.0,-2.0,0.0,False
CHTNH_e,0.0,-2.0,0.0,False
CHTNH_v,0.0,-2.0,0.0,False
MUCOCI_c,0.0,-2.0,0.0,False
MUCOCI_e,0.0,2.0,0.0,False
CMUCOC_c,0.0,-2.0,0.0,False
3HBRDH_c,0.0,2.0,0.0,False
PHEN2MOXy_c,0.0,203.95402298850593,0.0,False
3HPPPNH_c,0.0,-2.0,0.0,False
3HCINNMH_c,0.0,-2.0,0.0,False
MCCC_m,0.0,17.999999999998636,0.0,False
ARAK_c,0.0,-2.0,0.0,False
DNTP_c,0.0,-2.0,0.0,False
CATOX_e,0.0,-2.0,0.0,False
ASCBOX_c,0.0,-2.0,0.0,False
VANLLOX_x,0.0,-2.0,0.0,False
2DOXG6PP_c,0.0,-2.0,0.0,False
F1PP_c,0.0,38.09195402298917,0.0,False
PGS_x,0.0,-2.0,0.0,False
CELLBH_e,0.0,-2.0,0.0,False
CFCOAMT_c,0.0,-2.0,0.0,False
ARSO4H_c,0.0,-2.0,0.0,False
ACGAM6S1_r,0.0,-2.0,0.0,False
ACGAM6S2_r,0.0,-2.0,0.0,False
CHLSTI2_c,0.0,-2.0,0.0,False
TYRCBOX_x,0.0,-2.0,0.0,False
MDLDH_x,0.0,-2.0,0.0,False
ACRNAH_x,0.0,-2.0,0.0,False
ACOAD40f_m,0.0,1.9999999999997726,0.0,True
ACOAD60f_m,0.0,-2.0,0.0,True
ACOADm30f_m,0.0,1.9999999999997726,0.0,False
ACOADm40f_m,0.0,-2.0000000000001883,0.0,False
ACOAD80f_m,0.0,2.0,0.0,True
ACOADm50f_m,0.0,1.9999999999997726,0.0,False
INO3GALT_c,0.0,-2.0,0.0,False
XYLRy_c,0.0,-2.0,0.0,False
ARABRy_c,0.0,2.0,0.0,False
XYLURy_c,0.0,-697.3793103448279,0.0,False
XYLURx_c,0.0,-710.7816091954028,0.0,False
RBK_D_c,0.0,-2.0,0.0,False
GTPDPDP_c,0.0,-2.0,0.0,False
PPGPPDP_c,0.0,-2.0,0.0,False
2OGMAH_c,0.0,-2.0,0.0,False
2OSUCAH_c,0.0,-2.0,0.0,False
ORNCD_m,0.0,12.206896551723503,0.0,True
GBBOX_c,0.0,-1.9999999999998863,0.0,False
HACD40y_c,0.0,-2.0,0.0,False
UDPGLDC_c,0.0,-2.0,0.0,False
FRMDAH_c,0.0,-2.0,0.0,False
MGCH_m,0.0,-2.0,0.0,False
ADPRDP_m,0.0,-2.0,0.0,False
G6PE_c,0.0,-2.0,0.0,False
SULFOX2_c,0.0,204.9540229885066,0.0,True
MANNAN14H_c,0.0,-2.0,0.0,False
AEPI1_c,0.0,2.0,0.0,False
AEPI2_c,0.0,-2.0,0.0,False
GALOX_e,0.0,-2.0,0.0,False
ACPCS_c,0.0,-2.0,0.0,False
CATDOX_c,0.0,-2.0,0.0,False
TMLYSOX_m,0.0,-2.0,0.0,False
BZHYOX_r,0.0,89.67816091954046,0.0,False
ARAB14LO_x,0.0,-2.0,0.0,False
3OAR80_m,0.0,-2.0,0.0,False
3OAR60_m,0.0,74.27586206896558,0.0,False
3OAR40_m,0.0,-2.0,0.0,False
ACHAH_e,0.0,-2.0,0.0,False
BTS1_m,0.0,-2.0,0.0,False
FACOAE120_c,0.0,76.34195568969153,0.0,True
FACOAE160_c,0.0,82.18390804597766,0.0,True
FACOAE140_c,0.0,-2.0,0.0,True
FACOAE180_c,0.0,82.18390804597766,0.0,True
FACOAE161_c,0.0,78.18390804597766,0.0,True
FACOAE181_c,0.0,86.18390804597766,0.0,True
FACOAL200_x,0.0,-1.9999999999995453,0.0,False
FACOAL220_x,0.0,-1.9999999999995453,0.0,False
FACOAL240_x,0.0,-2.0000000000004547,0.0,False
FACOAL260_x,0.0,-2.0000000000004547,0.0,False
FUMACACH_m,0.0,-2.0,0.0,False
TYRTA_m,0.0,-2.0,0.0,False
PHETA1_m,0.0,-2.0,0.0,False
EGHLAT_m,0.0,-2.0,0.0,False
ALDD20y_c,0.0,-1.9999999999997726,0.0,False
STEHz161_rm,0.0,5.0,0.0,False
STEHz181_rm,0.0,-2.0,0.0,False
MCOATA_m,0.0,-2.0,0.0,False
ACONTa_m,0.14966476693862174,-2.0,0.14966476693862174,False
ACONTb_m,0.14966476693862174,-2.0,0.14966476693862174,False
MALT_c,0.0,-2.0,0.0,False
CERS2A24_r,0.000224502524563985,-2.0000000000009095,0.000224502524563985,False
ALATA_L_m,-0.0328153948023877,2.0000000000000284,0.0328153948023877,False
GPIA1_c,0.0018879214898243,-2.0,0.0018879214898243,True
GPIA2_c,0.0018879214898243,-2.0,0.0018879214898243,True
GPIA3_c_r,0.0018879214898243,-2.0,0.0018879214898243,True
GPIA4_r,0.0018879214898243,-2.0,0.0018879214898243,True
GPIA5_r,0.0018879214898243,-1.9999999999990905,0.0018879214898243,True
GPIA6_r,0.0018879214898243,-2.0,0.0018879214898243,True
GPIA7_r,0.0018879214898243,-2.0,0.0018879214898243,True
GPIA8a_r,0.0018879214898243,-2.0,0.0018879214898243,True
GPIA9a_r,0.0018879214898243,-2.0,0.0018879214898243,True
GPIA10a_r,0.0018879214898243,-2.0,0.0018879214898243,True
GPIA8b_r,0.0,-2.0,0.0,False
PCOATA140_c,0.0,2.0000000000002274,0.0,True
PCOATA160_c,0.007143708447881875,-2.0,0.007143708447881875,True
PCOATA180_c,0.022309155856258,-2.0,0.022309155856258,True
ACCOAC_c,0.23637621248657126,-1.9999999999997726,0.23637621248657126,False
EAR40y_c,0.02945286430413986,-2.0,0.02945286430413986,True
EAR60y_c,0.02945286430413986,-2.0,0.02945286430413986,True
MCOATA_c,0.22847920598523708,-2.0,0.22847920598523708,True
3HAD40_m,0.0,2.0,0.0,False
3HAD60_m,0.0,2.0,0.0,False
3HAD80_m,0.0,-2.0,0.0,False
EX_arach_e,0.0,5068.390804597717,0.0,False
ARACHt_c_e,0.0,-2.0,0.0,False
FACOAL200_rm,0.0,-2.0000000000004547,0.0,False
FACOAL200_l,0.0,-1.9999999999997726,0.0,False
ACACT180i_m,0.0,-2.0,0.0,False
ACACT260i_m,0.0,-2.0,0.0,False
ACACT160i_m,0.0,-2.0,0.0,False
ACACT140i_m,0.0,-2.0,0.0,False
ACACT100i_m,0.0,-2.0,0.0,True
ACACT120i_m,0.0,-2.0,0.0,True
ACACT40i_m,0.0,-2.0,0.0,True
ACACT60i_m,0.0,-2.0,0.0,True
ACACT80i_m,0.0,-2.0,0.0,True
ACACT200i_m,0.0,-2.0,0.0,False
ACACT220i_m,0.0,-2.0,0.0,False
ACACT240i_m,0.0,-2.0,0.0,False
ACACT161bi_m,0.0,-2.0,0.0,False
ACACT141bi_m,0.0,-2.0,0.0,False
ACACT121ai_m,0.0,-2.0,0.0,False
ACACT181ai_m,0.0,-2.0,0.0,False
ACACT161ai_m,0.0,-2.0,0.0,False
ACACT141ai_m,0.0,-2.0,0.0,False
ECOAH180_m,0.0,-2.0,0.0,False
ECOAH161b_m,0.0,-2.0,0.0,False
ECOAH141b_m,0.0,-2.0,0.0,False
ECOAH121a_m,0.0,-2.0,0.0,False
ECOAH181a_m,0.0,-2.0,0.0,False
ECOAH161c_m,0.0,-2.0,0.0,False
ECOAH141c_m,0.0,-2.0,0.0,False
HACD40i_m,0.0,-2.0,0.0,True
HACD60i_m,0.0,-2.0,0.0,True
HACD80i_m,0.0,-2.0,0.0,True
HACD100i_m,0.0,-2.0,0.0,True
HACD120i_m,0.0,-2.0,0.0,True
HACD140i_m,0.0,-2.0,0.0,False
HACD160i_m,0.0,-1.9999999999999574,0.0,False
HACD180i_m,0.0,-2.0,0.0,False
HACD121ai_m,0.0,-2.0,0.0,False
HACD141ai_m,0.0,-2.0,0.0,False
HACD141bi_m,0.0,-2.0000000000000426,0.0,False
HACD161ai_m,0.0,-2.0,0.0,False
HACD161bi_m,0.0,-1.9999999999999574,0.0,False
HACD181ai_m,0.0,-2.0,0.0,False
NADHcplxI_c_m,6.798881352108617,-1.9999999999998863,6.798881352108617,True
PGMT_c,0.1405275233290682,-2.0,0.1405275233290682,False
ATPS_m,6.889956331477283,-2.0,6.889956331477283,False
FECRq9_m,6.861211123873836,-1.999999999999993,6.861211123873836,True
FECOOR_m,3.430605561936918,-2.0,3.430605561936918,False
ACEST1_x,0.0,-2.0,0.0,False
MDH_c,-4.9305116089067145,2.0,4.9305116089067145,False
ASPTAi_m,4.147119301693806,-2.0,4.147119301693806,False
PHYTOED1_c,0.0,-2.0,0.0,True
PHYTOED2_c,0.0,9903.471264367858,0.0,True
PHYTOED3_c,0.0,-2.0,0.0,True
PHYTOED4_c,0.0,-2.0,0.0,True
PHYTOED5_c,0.0,-2.0,0.0,False
CAROMOX1_c,0.0,-2.0,0.0,False
CAROMOX2_c,0.0,-2.0,0.0,False
ZEAEPOX1_c,0.0,-2.0,0.0,False
ZEAEPOX2_c,0.0,-2.0,0.0,False
C3STKR1_c,0.011398316271279501,-2.0,0.011398316271279501,False
C3STKR2_c,0.011398316271279501,-2.0,0.011398316271279501,False
CERS124_c,0.000224502524563985,-2.0,0.000224502524563985,True
CERS126_c,0.000224502524563985,-2.0,0.000224502524563985,True
CERS2A26_r,0.000224502524563985,-1.9999999999990905,0.000224502524563985,False
PRAIi_c,0.00218325251164197,-2.0,0.00218325251164197,False
PRPPS_c,0.03611946920927589,-1.9999999999993179,0.03611946920927589,False
FCLT_m,1.1112611041405e-05,-2.0,1.1112611041405e-05,False
MTHFC_c,1.852058641751419,-2.0,1.852058641751419,False
FTHFL_c,-1.8186664415626845,2.0000000000001705,1.8186664415626845,False
MALS_c,0.0,59.28735632184089,0.0,False
NFTYROX_c,0.0,-2.0,0.0,False
PYDAMK_c,0.0,-2.0,0.0,False
PYDXK_c,0.0,-2.0,0.0,False
PYDXNK_c,0.0,80.67816091954035,0.0,False
THIORDXi_m,0.0,-2.0,0.0,False
TRDR_m,0.0,66.62068965517248,0.0,False
ARGtpa_v,0.0,-2.0,0.0,False
TCHOLAtabc_v,0.0,-1.9999999999999432,0.0,False
ACt_c_e,0.0,2.0,0.0,False
NNATi_c,2.2225222082540574e-05,-1.9999999999998863,2.2225222082540574e-05,False
G3PT_c,0.0,26.689655172413836,0.0,False
ANNAT_n,0.0,-2.000000000000057,0.0,False
ANNAT_c,0.0,-1.9999999999998863,0.0,False
DKMPPH_c,1.1112611041405e-05,-1.9999999999998863,1.1112611041405e-05,True
DKMEOX_c,1.1112611041405e-05,-2.0,1.1112611041405e-05,True
DOLDPt_c_l,0.0017227880897490201,-2.0,0.0017227880897490201,True
G00006t_c_r,0.0,2.0,0.0,False
G00011t_g_r,0.0,2.0,0.0,False
G13027t_g_r,-0.00531049456446663,2.0,0.00531049456446663,True
OGLYCANS2_g,0.00531049456446663,-2.0,0.00531049456446663,True
OGLYCANS3_g,0.00531049456446663,-2.0,0.00531049456446663,True
OGLYCANS4_g,0.00531049456446663,-2.0,0.00531049456446663,True
OGLYCANS5_g,0.00531049456446663,-2.0,0.00531049456446663,True
EX_nad_e,0.0,2870.3678160919553,0.0,False
EX_nadp_e,0.0,2941.1494252873576,0.0,False
EX_pydx5p_e,0.0,1377.3103448275876,0.0,False
EX_q9h2_e,-0.0,-2.0,0.0,False
EX_ca2_e,-0.000142908177992469,2.0,0.000142908177992469,False
EX_cl_e,-0.0,-2.0,0.0,False
EX_cobalt2_e,0.0,2.0,0.0,False
EX_cu2_e,-1.2668376587201701e-05,2.0,1.2668376587201701e-05,False
EX_mg2_e,-0.00706839850510649,2.0,0.00706839850510649,False
EX_mn2_e,-1.04458543789207e-05,2.0,1.04458543789207e-05,False
EX_mobd_e,-0.0,-2.0,0.0,False
EX_ni2_e,0.0,2.0,0.0,False
EX_zn2_e,-0.00017513475001254303,2.0,0.00017513475001254303,False
NADt_c_e,0.0,-2.0,0.0,False
NADPt_c_e,0.0,-2.0,0.0,False
PYDX5Pt_c_e,0.0,-2.0,0.0,False
Q9H2t_c_e,0.0,-2.0,0.0,False
Q9H2t_c_m,0.0,-2.0,0.0,False
CA2t_c_e,0.000142908177992469,-2.0,0.000142908177992469,True
COBALT2t_c_e,0.0,-2.0,0.0,False
CU2t_c_e,1.2668376587201701e-05,-2.0,1.2668376587201701e-05,True
Kt_c_e,0.0670812765514414,-2.0,0.0670812765514414,True
MG2t_c_e,0.00706839850510649,-2.0,0.00706839850510649,True
MN2t_c_e,1.04458543789207e-05,-2.0,1.04458543789207e-05,True
MOBDt_c_e,0.0,-2.0,0.0,False
NI2t_c_e,0.0,-2.0,0.0,False
ZN2t_c_e,0.00017513475001254303,-2.0,0.00017513475001254303,True
DHAPAT_rm,0.0,-2.0,0.0,False
DHAPAT_l,0.0,1.40229885057488,0.0,False
G3PAT_rm,0.01199516807312301,-2.0,0.01199516807312301,False
G3PAT_l,7.785364919386112e-06,-2.0,7.785364919386112e-06,False
AGNPR_rm,0.0,17.40229885057488,0.0,False
AGNPR_l,0.0,-2.0,0.0,False
AGPAT_rm,0.01199516807312301,-2.0,0.01199516807312301,False
AGPAT_l,7.785364919386112e-06,-2.0000000000009095,7.785364919386112e-06,False
ETHAPT_rm,0.0,-1.9999999999990905,0.0,False
CHOLPT_rm,0.0,-2.0,0.0,False
CDPDAGS_rm,0.017159427213475156,-1.9999999999990905,0.017159427213475156,False
CDPDAGS_mm,0.0,-2.0,0.0,True
PSSA_rm,0.011935833267352305,-1.999999999998181,0.011935833267352305,False
PAILS_rm,0.00522359394612285,-1.9999999999990905,0.00522359394612285,False
PGPS_mm,0.0,-2.0,0.0,True
PGPP_mm,0.0,-2.0,0.0,True
CLPNS_mm,0.0,-2.0,0.0,False
CLAH1_mm,0.0,-1.9999999999986358,0.0,False
CLAH3_mm,0.0,2.000000000001819,0.0,False
1MLCLAT_mm,0.0,2.0,0.0,False
3MLCLAT_mm,0.0,-2.0,0.0,False
PAP_rm,0.0,38.09195402298792,0.0,False
PAP_vm,0.0,-2.0,0.0,False
DGAT_rm,0.001981048234150163,-2.0,0.001981048234150163,False
DGAT_l,0.0,-1.0,0.0,False
TAGL_l,0.0,1.9999999999995453,0.0,False
TAGL_m,0.0,-2.0,0.0,True
DAGL_l,0.0,-1.4022988505721514,0.0,False
DAGL_m,0.0,-2.0,0.0,True
MAGL_l,0.0,-2.0,0.0,False
DAGK_rm,0.005156473775432759,-1.9999999999990905,0.005156473775432759,False
DGPP_vm,0.0,-2.0,0.0,False
LPAP_vm,0.0,-2.0,0.0,False
PDAGATpe_rm,0.0,-1.9999999999990905,0.0,False
PDAGATpc_rm,-0.0005757474418540826,2.0000000000009095,0.0005757474418540826,False
PSD_mm,0.01134330884662459,-2.0,0.01134330884662459,False
PSD_gm,0.0,15.65517241379166,0.0,False
PSD_vm,0.0,11.65517241379166,0.0,False
PEMT_rm,0.004574617461304789,-2.0,0.004574617461304789,False
PMEMT_rm,0.004574617461304789,-2.0,0.004574617461304789,False
PDMEMT_rm,0.004574617461304789,-2.0,0.004574617461304789,False
LPCAT_mm,0.0,-2.0,0.0,False
PLAA2pc_rm,0.0005757474418540821,-2.0000000000004547,0.0005757474418540821,True
PLAA2pc_en,0.0,-2.0,0.0,True
PLAA2pe_en,0.0,-2.0,0.0,False
PLAA2pc_mm,0.0,1.8189894035458565e-12,0.0,False
PLAA2pe_mm,0.0,-2.0,0.0,False
PLAA1lpc_rm,0.0,-2.0000000000004547,0.0,True
PLAA1lpc_en,0.0,-2.0000000000004547,0.0,True
PLAA1lpe_en,0.0,-2.0,0.0,False
PLAA1lpc_mm,0.0,-2.0,0.0,False
PLAA1lpe_mm,0.0,-2.0,0.0,False
PLACipc_r,0.0,-2.0,0.0,False
PLACmipc_r,0.0,-2.0,0.0,False
PLACmip2c_m,0.0,-2.0,0.0,False
PLACipc_m,0.0,-2.0,0.0,False
PLACmipc_m,0.0,-2.0,0.0,False
PLACpail_c,0.0,138.27586206896194,0.0,True
PLACpail45p_c,0.0,-2.0,0.0,False
PLACpail45p_n,0.0,-2.0,0.0,False
PLACpg_mm,0.0,141.10344827586232,0.0,True
PLADpc_en,0.0,69.18390804597857,0.0,False
PI3PP_en,0.0,36.09195402298792,0.0,False
PI3PP_c,0.0,34.09195402298792,0.0,False
PI3PP_rm,0.0,-2.0,0.0,False
PI3PP_gm,0.0,4.0,0.0,False
PI4PP_en,0.0,35.09195402298792,0.0,False
PI4PP_c,0.0,38.09195402298792,0.0,False
PI4PP_rm,0.0,36.09195402298792,0.0,False
PI4PP_gm,0.0,-2.0,0.0,False
LPIAT_rm,0.0,-2.0,0.0,False
PAIL4K_en,0.0,-1.9999999999990905,0.0,False
PAIL4K_vm,0.0,-2.0,0.0,False
PAIL4K_gm,0.0,32.09195402298974,0.0,False
PAIL4K_n,0.0,-2.0,0.0,False
PAIL3K_vm,0.0,28.09195402298974,0.0,False
PI4P5K_n,0.0,32.09195402299156,0.0,False
PI4P5K_en,0.0,32.09195402298974,0.0,False
PI45P5P_c,0.0,-2.0,0.0,False
PI45P5P_en,0.0,1.0,0.0,False
PI3P5K_vm,0.0,-1.9999999999990905,0.0,False
PI35P5P_en,0.0,-2.0,0.0,False
PI35P5P_c,0.0,-2.0,0.0,False
PI35P5P_vm,0.0,32.09195402298792,0.0,False
IPCS_g,0.00089801009825594,-2.0,0.00089801009825594,False
MIPCS_g,0.0,-2.0,0.0,False
IPT_g,0.0,-2.0,0.0,False
STATg_rm,0.0,-2.0,0.0,False
compCER_m,0.0,-2.0,0.0,False
compCER_r,0.00089801009825594,-1.999999999998181,0.00089801009825594,False
compCER_g,0.0,2.0,0.0,False
compACYLCOA_c,0.0,-1.9999999999997158,0.0,False
compACYLCOA_l,1.557072983877093e-05,-1.9999999999993179,1.557072983877093e-05,False
compACYLCOA_m,0.0,-1.9999999999999964,0.0,False
compACYLCOA_r,0.0,-2.0,0.0,False
compACYLCOA_rm,0.02597138438039618,-2.0000000000001705,0.02597138438039618,False
compACYLCOA_x,0.0,-2.000000000000398,0.0,False
compFALPD_mm,0.0,-2.0000000000002274,0.0,False
compFALPD_m,0.0,-2.0,0.0,False
compFALPD_rm,-0.00016098418904174577,2.000000000000142,0.00016098418904174577,False
compFALPD_en,0.0,1.9999999999998863,0.0,False
PAt_gm_rm,0.0,-2.0,0.0,False
PAt_l_rm,7.785364919386112e-06,-2.0,7.785364919386112e-06,False
PAt_mm_rm,0.0,2.0,0.0,True
PAt_rm_vm,0.0,-2.0,0.0,False
PAt_en_rm,0.0,2.0,0.0,False
DAGt_c_l,0.0,-2.0,0.0,False
DAGt_c_mm,0.0,-2.0,0.0,True
DAGt_c_n,0.0,2.0,0.0,False
DAGt_c_rm,0.0056637644694729,-2.0,0.0056637644694729,False
DAGt_gm_rm,0.00089801009825594,-2.0,0.00089801009825594,False
TAGt_c_rm,-0.0014053007922960803,2.0,0.0014053007922960803,False
TAGt_l_rm,0.0,-2.0,0.0,False
1AGPEt_l_rm,0.0,2.0,0.0,False
1AGPCt_l_rm,0.0,-2.0,0.0,False
PSt_c_m,0.0,-2.0,0.0,False
PSt_c_rm,-0.0005925244207277161,2.0,0.0005925244207277161,False
PSt_en_rm,0.0,-2.0,0.0,False
PSt_mm_rm,-0.01134330884662459,2.0,0.01134330884662459,False
PSt_gm_rm,0.0,2.0,0.0,False
PSt_rm_vm,0.0,-2.0,0.0,False
PAILt_c_rm,-0.0043255838478669095,2.0,0.0043255838478669095,False
PAILt_en_rm,0.0,2.0,0.0,False
PAILt_rm_vm,0.0,-2.0,0.0,False
PAILt_gm_rm,-0.00089801009825594,2.0,0.00089801009825594,False
PAILt_n_rm,0.0,2.0,0.0,False
CERt_g_r,0.00089801009825594,-2.0,0.00089801009825594,False
PCt_l_rm,0.0,2.0,0.0,False
PCt_en_rm,0.0,-2.0,0.0,False
PCt_mm_rm,0.0,2.0,0.0,False
PCt_c_rm,-0.00457461746130479,2.0,0.00457461746130479,False
PEt_l_rm,0.0,-2.0,0.0,False
PEt_gm_rm,0.0,-2.0,0.0,False
PEt_c_rm,-0.0067686913853198,2.0,0.0067686913853198,False
PEt_en_rm,0.0,2.0,0.0,False
PEt_mm_rm,0.01134330884662459,-2.0,0.01134330884662459,False
PEt_rm_vm,0.0,-2.0,0.0,False
PAIL4Pt_c_en,0.0,2.0,0.0,False
PAIL4Pt_en_rm,0.0,-2.0,0.0,False
PAIL45Pt_c_n,0.0,-2.0,0.0,False
PAIL45Pt_c_en,0.0,-2.0,0.0,False
PAIL45Pt_en_rm,0.0,-2.0,0.0,False
PAIL3Pt_gm_vm,0.0,2.0,0.0,False
PAIL3Pt_rm_vm,0.0,-2.0,0.0,False
PAIL35Pt_c_vm,0.0,-2.0,0.0,False
PAIL35Pt_en_vm,0.0,2.0,0.0,False
IPCt_g_r,0.0,-2.0,0.0,False
MIPCt_g_r,0.0,-2.0,0.0,False
MIP2Ct_g_r,0.0,-2.0,0.0,False
ERGSTESTt_l_rm,0.0,2.0,0.0,False
ERGSTESTt_c_rm,0.0,-2.0,0.0,False
FRDPt_c_l,-0.00172278808974902,2.0,0.00172278808974902,True
IPDPt_c_l,-0.0258418213462353,2.0,0.0258418213462353,True
PEt_c_r,0.0056637644694729,-2.0,0.0056637644694729,True
DAGt_c_r,-0.0056637644694729,2.0,0.0056637644694729,True
MANt_c_g,0.0,2.0,0.0,False
GLCt_c_r,0.0,2.0,0.0,False
DOLGLCPt_c_r,0.0,-2.0,0.0,False
DOLDPt_c_r,0.0,2.0,0.0,False
4CMCOAL_c,0.0,-2.0,0.0,False
4HBZF_c,0.0,-2.0,0.0,False
SPRMS_c,0.0,2075.8735632183934,0.0,False
SPMS_c,1.1112611041405e-05,-2.0000000000002274,1.1112611041405e-05,False
EX_btn_c,-1.1112611041405e-05,2.0,1.1112611041405e-05,True
ACOADS181_rm,0.01143597945710932,-2.0,0.01143597945710932,True
LINOCOAt_c_rm,6.515680896143164e-06,-2.0,6.515680896143164e-06,True
LINOCOAt_c_l,-6.515680896143164e-06,2.0,6.515680896143164e-06,True
LINOEAt_c_l,1.2053628953519787e-05,-2.0,1.2053628953519787e-05,True
FACOAL182_l,1.2053628953519787e-05,-2.0,1.2053628953519787e-05,True
FACOAL182_rm,5.725628061134346e-05,-2.0,5.725628061134346e-05,True
FACOAL182_x,0.0,84.18390804597675,0.0,True
FACOAE182_c,0.0,86.34195568969153,0.0,True
FACOAE182_x,0.0,-2.0,0.0,True
ACOADS182_rm,0.002262664964347579,-2.0,0.002262664964347579,True
LINOLNCOAt_c_rm,-1.3641827826343987e-06,2.0,1.3641827826343987e-06,True
LINOLNCOAt_c_l,1.3641827826343987e-06,-2.0,1.3641827826343987e-06,True
LINOLENt_c_l,0.0,2.0,0.0,True
FACOAL183_l,0.0,50.4729800405712,0.0,True
FACOAL183_rm,1.410414677032543e-05,-2.0,1.410414677032543e-05,True
FACOAL183_x,0.0,84.18390804597675,0.0,True
FACOAE183_c,0.0,25.86897564912033,0.0,True
FACOAE183_x,0.0,-2.0,0.0,True
FE3t_c_e,0.0,-2.0,0.0,False
FE3t_c_m,0.0,-2.0,0.0,False
4HPPR_c,0.0,-2.0,0.0,False
4HPLH_c,0.0,-2.0,0.0,False
4HBZCOAS_c,0.0,37.8620689655163,0.0,False
4HBZNPT_m,0.0,-2.0000000000009095,0.0,False
3NPDHBZH_m,0.0,-2.0,0.0,False
3NPDHMT_m,0.0,-2.0,0.0,False
3NP4H5MOBCL_m,0.0,-2.0,0.0,False
Q9MO_m,0.0,-2.0,0.0,False
Q9MT1_m,0.0,-2.0,0.0,False
Q9OR_m,0.0,-2.0,0.0,False
Q9MT2_m,0.0,13850.379310344877,0.0,False
PREN9DPt_c_l,0.0,2.0,0.0,False
PREN9DPt_c_m,0.0,-2.0,0.0,False
BIOMASS,0.1,-2.0000000000081855,0.1,True
DM_5mta_c,0.0,2306.2528735632236,0.0,True
AMETt_c_e,0.0,2.0,0.0,True
FOLR_c,1.1112611041406897e-05,-2.0,1.1112611041406897e-05,True
FOLR_m,0.0,-2.0,0.0,False
DHAD1_c,0.0,-2.0,0.0,False
DHAD2_c,0.0,-2.0,0.0,False
DBTS_c,0.0,-1.9999999999999432,0.0,False
ATPM_c,1.3128602753907366,36.091954022988716,1.3128602753907366,False
ABTLD_c,0.0,13.40229885057488,0.0,False
ABTD4Dx_c,0.0,2.0,0.0,False
XYLTOR_c,0.0,-2.0,0.0,False
ABTDt_c_e,0.0,-2.0,0.0,False
EX_abt__D_e,0.0,779.0574712643684,0.0,False
EX_tag_c,0.0,14566.536116689702,0.0,True
EX_caro_c,-0.0,-2.0,0.0,True
EX_cellb_e,0.0,1640.0919540229895,0.0,False
THMtps_e,1.1112611041405e-05,-2.0,1.1112611041405e-05,False
PLACmip2c_r,0.0,-2.0,0.0,False
THRtps_e,0.0,-2.0,0.0,False
ASNN_e,0.0,-2.0,0.0,False
GLUN_e,0.0,-2.0,0.0,False
FALPDt_c_l,0.0,2.0,0.0,True
FALPDt_c_m,0.0,-2.0,0.0,True
FALPDt_c_en,0.0,2.0,0.0,True
FALPDt_c_rm,-0.00041476325281233635,2.0,0.00041476325281233635,True
FALPDt_c_mm,0.0,-2.0,0.0,False
compFALPD_c,-0.00041476325281233635,1.9999999999995453,0.00041476325281233635,True
DOCOSAt_c_l,2.919511844769548e-07,-2.0,2.919511844769548e-07,True
TTCOSAt_c_l,0.0,2.0,0.0,True
TAGt_c_m,0.0,-2.0,0.0,True
DOCOSAt_c_e,0.0,-2.0,0.0,True
TTCOSAt_c_e,0.0,2.0,0.0,True
EX_docosa_e,0.0,5622.183908045994,0.0,True
EX_ttcosa_e,0.0,8026.125082917981,0.0,True
ME2_c,0.0,28.689655172413666,0.0,True
FACOA182tabc_x,0.0,-2.0,0.0,True
FACOA183tabc_x,0.0,571.0012771392139,0.0,True
MAGL_m,0.0,-2.0,0.0,True
GLYCt_c_m,0.0,5.08045977011443,0.0,True
CRNAT120_x,0.0,2.0,0.0,True
CRN120t_c_x,0.0,-2.0,0.0,True
ACOAD40f_x,0.0,-2.0,0.0,False
ACOAD60f_x,0.0,-2.0000000000002274,0.0,False
ACOAD80f_x,0.0,-1.9999999999997726,0.0,False
ACOAD100f_x,0.0,-2.0000000000002274,0.0,False
ACOAD120f_x,0.0,135.1136653895287,0.0,False
ACOAD140f_x,0.0,222.08684546615723,0.0,False
ACOAD160f_x,0.0,222.08684546615723,0.0,False
ARACHt_c_rm,0.0,-2.0,0.0,False
DOCOSAt_c_rm,2.928689278778291e-06,-2.0,2.928689278778291e-06,True
TTCOSAt_c_rm,-7.830109970801472e-06,2.0,7.830109970801472e-06,True
EX_hxca_e,0.0,6739.6120672988345,0.0,False
HXCAt_c_e,0.0,2.0,0.0,False
HXCAt_c_rm,0.0,2.0,0.0,False
DM_gcald_c,-0.0,-2.0,0.0,True
ACOAD100f_m,0.0,-2.0,0.0,True
ACOAD120f_m,0.0,667.8544061302755,0.0,True
FADt_c_m,0.0,-2.0,0.0,False
ACOAD180f_x,0.0,222.08684546615723,0.0,False
ACOAD161bf_x,0.0,222.08684546615814,0.0,False
ACOAD141bf_x,0.0,222.08684546615723,0.0,False
ACOAD121af_x,0.0,222.08684546615723,0.0,False
ACOAD181af_x,0.0,222.08684546615814,0.0,False
ACOAD161af_x,0.0,222.08684546615723,0.0,False
ACOAD141af_x,0.0,222.08684546615723,0.0,False
HLYSMT_m,0.0,-2.0,0.0,False
GHMT3_m,0.0,-2.0000000000001137,0.0,False
TMABADH_m,0.0,-1.9999999999998863,0.0,False
BBOX_m,0.0,-2.0,0.0,False
CRNAT40_m,0.0,146.5261813537686,0.0,False
CRNAT60_m,0.0,-2.0,0.0,True
CRNAT80_m,0.0,-2.0,0.0,True
CRNAT100_m,0.0,-2.0,0.0,True
CRN40t_c_x,0.0,-2.0,0.0,False
CRN60t_c_x,0.0,-2.0,0.0,True
CRN80t_c_x,0.0,-2.0,0.0,True
CRN100t_c_x,0.0,-2.0,0.0,True
CRN40t_c_m,0.0,-2.0,0.0,False
CRN60t_c_m,0.0,-2.0,0.0,True
CRN80t_c_m,0.0,-2.0,0.0,True
CRN100t_c_m,0.0,-2.0,0.0,True
CRN120t_c_m,0.0,-2.0,0.0,True
CRNAT40_x,0.0,2.0000000000002274,0.0,False
CRNAT60_x,0.0,-74.26309067688362,0.0,True
CRNAT80_x,0.0,2.0,0.0,True
CRNAT100_x,0.0,2.0,0.0,True
NADPHt_c_x,0.0,-2.0,0.0,True
NADPt_c_x,0.0,-2.0,0.0,True
RNDR4_c,0.0007884397533876862,-2.0,0.0007884397533876862,True
RNDR4_n,0.0,-2.0,0.0,False
FACOAL80_c,0.0,-2.0,0.0,False
FACOAL100_c,0.0,-1.9999999999995453,0.0,False
FACOAL120_c,0.0,-0.15804764371387137,0.0,True
FACOAL40_c,0.0,-1.9999999999997726,0.0,False
FACOAL60_c,0.0,-2.0,0.0,False
FACOAL40o_x,0.0,-1.9999999999999432,0.0,False
PKETX_c,0.04215477846544047,-2.0,0.04215477846544047,True
ACCOATsucac_m,0.048364228366375335,-2.0000000000001137,0.048364228366375335,True
ACCOATsucpp_m,0.0,-2.0000000000001137,0.0,False
PPAt_c_m,0.0,-2.0,0.0,False
PPAt_c_e,0.0,2.0,0.0,False
EX_ppa_e,0.0,472.2298850574707,0.0,False
XU5PFGT_x,0.0,0.0,0.0,False
EX_fald_e,0.0,0.0,0.0,False
LDH_L_x,0.0,-2.0,0.0,False
G3PD1i_x,0.0,-2.0,0.0,True
DHAPt_c_x,0.0,-2.0,0.0,True
GLYC3Pt_c_x,0.0,2.0,0.0,True
ACOAD182f_x,0.0,222.08684546615677,0.0,False
ACOAO182_x,0.0,-2.0,0.0,True
ECOAH182_x,0.0,-2.0,0.0,True
HACD182i_x,0.0,-2.0,0.0,True
ACACT182i_x,0.0,-2.0,0.0,True
ACOAD162f_x,0.0,222.08684546615768,0.0,False
ACOAO162_x,0.0,-2.0,0.0,True
ECOAH162_x,0.0,-2.0,0.0,True
HACD162i_x,0.0,-2.0,0.0,True
ACACT162i_x,0.0,544.8710089399801,0.0,True
ACOAD142f_x,0.0,222.08684546615768,0.0,False
ACOAO142_x,0.0,-2.0,0.0,True
ECOAH142_x,0.0,-2.0,0.0,True
HACD142i_x,0.0,-2.0,0.0,True
ACACT142i_x,0.0,-2.0,0.0,True
ECOAI122d_x,0.0,-2.0,0.0,True
ECOAH121d_x,0.0,-2.0,0.0,True
HACD121di_x,0.0,-2.0,0.0,True
ACACT121di_x,0.0,-2.0,0.0,True
ACOAD101df_x,0.0,222.08684546615768,0.0,False
ACOAO101d_x,0.0,-2.0,0.0,True
DECOAR102d_x,0.0,-2.0,0.0,True
ECOAI101d_x,0.0,-2.0,0.0,True
ACOAD183f_x,0.0,222.08684546615677,0.0,False
ACOAO183_x,0.0,-2.0,0.0,True
ECOAH183_x,0.0,-2.0,0.0,True
HACD183i_x,0.0,-2.0,0.0,True
ACACT183i_x,0.0,-2.0,0.0,True
ACOAD163f_x,0.0,222.08684546615768,0.0,False
ACOAO163_x,0.0,-2.0,0.0,True
ECOAH163_x,0.0,-2.0,0.0,True
HACD163i_x,0.0,-2.0,0.0,True
ACACT163i_x,0.0,-2.0,0.0,True
ACOAD143f_x,0.0,222.08684546615768,0.0,False
ACOAO143_x,0.0,-2.0,0.0,True
ECOAH143_x,0.0,-2.0,0.0,True
HACD143i_x,0.0,-2.0,0.0,True
ACACT143i_x,0.0,-2.0,0.0,True
ECOAI123e_x,0.0,-2.0,0.0,True
ECOAH122e_x,0.0,-2.0,0.0,True
HACD122ei_x,0.0,-2.0,0.0,True
ACACT122ei_x,0.0,-2.0,0.0,True
ACOAD102ef_x,0.0,222.08684546615768,0.0,False
ACOAO102e_x,0.0,-2.0,0.0,True
DECOAR103e_x,0.0,-2.0,0.0,True
ECOAI102e_x,0.0,-2.0,0.0,True
ECOAH101e_x,0.0,-2.0,0.0,True
HACD101ei_x,0.0,-2.0,0.0,True
ACACT101ei_x,0.0,-2.0,0.0,True
ACOAD82ef_x,0.0,222.08684546615768,0.0,False
ACOAO82e_x,0.0,-2.0,0.0,True
ECOAI82e_x,0.0,-2.0,0.0,True
DECOAI82e_x,0.0,-2.0,0.0,True
DECOAR82e_x,0.0,-2.0,0.0,True
ECOAI81e_x,0.0,-2.0,0.0,True
PACCOAE_x,0.0,84.1839080459772,0.0,True
ACS_c,0.0,8.459770114941307,0.0,False
ABTD2Dx_c,0.0,-2.0,0.0,False
ABTD4Dy_c,0.0,-11.40229885057488,0.0,False
ABTD2Dy_c,0.0,-15.40229885057488,0.0,False
AKGDH_m,0.04845312925470657,-2.0,0.04845312925470657,False
ALDD2y_c,0.0,-1.9999999999997726,0.0,False
OAADC_c,0.0,40.09195402298849,0.0,False
Ktps_e,0.0,36.09195402298849,0.0,False
G5SADr_m,0.0,-2.0,0.0,True
GHMT2r_m,-0.9192029769584495,2.0,0.9192029769584495,False
ETFOXRq9_c,0.0,-2.0,0.0,True
