,fluxes,reduced_costs,abs,unique
12AMANTF_g,0.0,-2.0,0.0,False
13BDGLUCANt_c_en,0.13661897940875262,-2.0,0.13661897940875262,True
13BGH_e,0.0,-2.0,0.0,False
13GS_c,0.13661897940875262,-2.0,0.13661897940875262,False
14BMANTF_c,0.0,-2.0,0.0,False
14DMLANOSTt_c_e,0.0,2.0,0.0,False
16GS_c,0.03595241471182423,-2.0,0.03595241471182423,False
1AGPCt_l_rm,0.0,2.0,0.0,False
1AGPEt_l_rm,0.0,2.0,0.0,False
1MLCLAT_mm,0.0,-2.0,0.0,False
2DDA7Pt_c_m,0.0,2.0,0.0,False
2DHPt_c_m,0.0,2.0,0.0,False
2DOXG6PP_c,0.0,-2.0,0.0,False
2MBACt_c_e,0.0,-2.0,0.0,False
2MBALDt_c_e,0.0,2.0,0.0,False
2MBALDt_c_m,0.0,2.0,0.0,False
2MBTOHt_c_e,0.0,-2.0,0.0,False
2MBTOHt_c_m,0.0,-2.0,0.0,False
2OBUTt_c_m,0.00045508515158474913,-2.0,0.00045508515158474913,False
2OGMAH_c,0.0,-2.0,0.0,False
2OSUCAH_c,0.0,-2.0,0.0,False
2OXOADPt_c_m,0.02089373350420341,-2.0,0.02089373350420341,False
2PHETOHt_c_e,0.0,-2.0,0.0,True
2PHETOHt_c_m,0.0,2.0,0.0,False
3C3HMPt_c_e,0.0,-2.0,0.0,False
3C3HMPt_c_m,0.0,-2.0,0.0,False
3C4MOPt_c_m,0.0,2.0,0.0,False
3DHSKD_c,0.0,2.0,0.0,False
3DSPHR_r,0.0005632562983668911,-2.0,0.0005632562983668911,False
3HACD200_rm,0.001810632961652685,-2.0,0.001810632961652685,False
3HACD220_rm,0.001810632961652685,-2.0,0.001810632961652685,False
3HACD240_rm,0.001466405428053344,-2.0,0.001466405428053344,False
3HACD260_rm,0.00028162814918344557,-2.0,0.00028162814918344557,False
3HAD100_c,0.021876214401407128,-2.0,0.021876214401407128,True
3HAD120_c,0.021876214401407128,-2.0,0.021876214401407128,True
3HAD140_c,0.021876214401407128,-2.0,0.021876214401407128,True
3HAD160_c,0.021876214401407128,-2.0,0.021876214401407128,True
3HAD180_c,0.0158769540793414,-2.0,0.0158769540793414,True
3HAD40_c,0.021876214401407128,-2.0,0.021876214401407128,True
3HAD40_m,0.0,2.0,0.0,False
3HAD60_c,0.021876214401407128,-2.0,0.021876214401407128,True
3HAD60_m,0.0,2.0,0.0,False
3HAD80_c,0.021876214401407128,-2.0,0.021876214401407128,True
3HAD80_m,0.0,2.0,0.0,False
3HAO_c,0.0,-2.0,0.0,False
3HBHYOX_c,0.0,-2.0,0.0,False
3HBRDH_c,0.0,2.0,0.0,False
3HCINNMH_c,0.0,-2.0,0.0,False
3HPPPNH_c,0.0,-2.0,0.0,False
3HXPHBt_c_m,0.0,2.0,0.0,False
3INDACNLAH_c,0.0,-2.0,0.0,False
3IPM3MT_c,0.0,-2.0,0.0,False
3MBALDt_c_e,0.0,-2.0,0.0,False
3MBALDt_c_m,0.0,2.0,0.0,False
3MLCLAT_mm,0.0,0.0,0.0,False
3MOBDC_c,0.0,11834.000000012826,0.0,False
3MOBR_m,0.0,-2.0,0.0,False
3MOPDC_c,0.0,-2.0,0.0,False
3MOPR_m,0.0,-2.0,0.0,False
3MOPt_c_e,0.0,2.0,0.0,False
3NP4H5MOBCL_m,0.0,-1.9999999999947704,0.0,False
3NPDHBZH_m,0.0,-2.0,0.0,False
3NPDHMT_m,0.0,-1.9999999999417923,0.0,False
3OACE200_rm,0.001810632961652685,-2.000000000007276,0.001810632961652685,False
3OACE220_rm,0.001810632961652685,-2.0,0.001810632961652685,False
3OACE240_rm,0.001466405428053344,-1.999999999992724,0.001466405428053344,False
3OACE260_rm,0.00028162814918344557,-1.999999999985448,0.00028162814918344557,False
3OACR200_rm,0.001810632961652685,-1.999999999996362,0.001810632961652685,False
3OACR220_rm,0.001810632961652685,-1.999999999996362,0.001810632961652685,False
3OACR240_rm,0.001466405428053344,-1.999999999996362,0.001466405428053344,False
3OACR260_rm,0.00028162814918344557,-1.999999999996362,0.00028162814918344557,False
3OADPCOAT_m,0.0,-2.000000000003638,0.0,False
3OAR100_c,0.021876214401407128,-2.0,0.021876214401407128,True
3OAR120_c,0.021876214401407128,-2.0,0.021876214401407128,True
3OAR140_c,0.021876214401407128,-2.0,0.021876214401407128,True
3OAR160_c,0.021876214401407128,-2.0,0.021876214401407128,True
3OAR180_c,0.0158769540793414,-2.0,0.0158769540793414,True
3OAR40_c,0.021876214401407128,-2.0,0.021876214401407128,True
3OAR40_m,0.0,-2.0,0.0,False
3OAR60_c,0.021876214401407128,-2.0,0.021876214401407128,True
3OAR60_m,0.0,-2.0,0.0,False
3OAR80_c,0.021876214401407128,-2.0,0.021876214401407128,True
3OAR80_m,0.0,-2.0,0.0,False
3OAS100_c,0.021876214401407128,-2.0,0.021876214401407128,True
3OAS120_c,0.021876214401407128,-1.999999999996362,0.021876214401407128,True
3OAS140_c,0.021876214401407128,-2.0,0.021876214401407128,True
3OAS160_c,0.021876214401407128,-2.000000000003638,0.021876214401407128,True
3OAS180_c,0.0158769540793414,-2.0,0.0158769540793414,True
3OAS40_c,0.021876214401407128,-2.000000000003638,0.021876214401407128,True
3OAS60_c,0.021876214401407128,-2.0,0.021876214401407128,True
3OAS80_c,0.021876214401407128,-2.000000000003638,0.021876214401407128,True
4ABUTNt_c_m,0.0,-2.0,0.0,False
4ABUTt_c_m,0.0,2.0,0.0,False
4ABUTtps_e,0.0,-2.0,0.0,False
4ABZt_c_e,0.0,2.0,0.0,False
4ABZt_c_m,0.0,-2.0,0.0,False
4AMPMS_c,0.0,-1.999999999998181,0.0,False
4CMCOAL_c,0.0,-2.0,0.0,False
4CMCOAL_x,0.0,-2.000000000003638,0.0,False
4DPMIPPH_c,0.0,2.0,0.0,False
4H2OGLTt_c_m,0.0,-2.0,0.0,False
4H2OGLTt_c_x,0.0,-2.0,0.0,False
4HBZCOAS_c,0.0,-2.0,0.0,False
4HBZF_c,0.0,-2.0,0.0,False
4HBZNPT_m,0.0,-2.0,0.0,False
4HBZt_c_m,0.0,-2.0,0.0,False
4HGLSD_m,0.0,2.0000000000004547,0.0,False
4HPEOR_c,0.0,-2.0,0.0,False
4HPLH_c,0.0,260.0000000002983,0.0,False
4HPPCL_c,0.0,-2.0,0.0,False
4HPPR_c,0.0,2.0,0.0,False
4HTHRS_c,0.0,-2.0,0.0,False
4MOPR_m,0.0,-2.0,0.0,False
5AOPt_c_m,-7.859847177629737e-05,2.0,7.859847177629737e-05,False
5AOPtps_e,0.0,-2.0,0.0,False
5FTHFt_c_e,0.0,-2.0,0.0,False
6DPMIPPH_c,0.0,-2.0,0.0,False
AACTOOR_c,0.0,1745.0000000018626,0.0,False
AASADy_c,0.02089373350420341,-2.0,0.02089373350420341,False
AATA_c,0.02089373350420341,-2.0,0.02089373350420341,False
ABTA_c,0.0,-2.0,0.0,True
ABTD2Dx_c,0.0,-2.000000000001819,0.0,False
ABTD2Dy_c,0.0,-2.0,0.0,False
ABTD4Dx_c,0.0,-2.000000000001819,0.0,False
ABTD4Dy_c,0.0,-2.0,0.0,False
ABTDt_c_e,0.0,-2.0,0.0,False
ABTLD_c,0.0,-2.0,0.0,False
ABTt_c_e,0.0,-2.0,0.0,False
ABUTD_m,0.0,-1.9999999999990905,0.0,False
ACACT100i_m,0.0,-2.0,0.0,False
ACACT100i_x,0.0,-2.0,0.0,False
ACACT101ei_x,0.0,-2.0,0.0,False
ACACT120i_m,0.0,-1.999999999996362,0.0,False
ACACT120i_x,0.0,-1.999999999996362,0.0,False
ACACT121ai_m,0.0,-2.0,0.0,False
ACACT121ai_x,0.0,-2.0,0.0,False
ACACT121di_x,0.0,15784.000000016029,0.0,False
ACACT122ei_x,0.0,-2.0,0.0,False
ACACT140i_m,0.0,-2.0,0.0,False
ACACT140i_x,0.0,-2.0,0.0,False
ACACT141ai_m,0.0,-2.0,0.0,False
ACACT141ai_x,0.0,-2.0,0.0,False
ACACT141bi_m,0.0,-2.0,0.0,False
ACACT141bi_x,0.0,-2.0,0.0,False
ACACT142i_x,0.0,-2.0,0.0,False
ACACT143i_x,0.0,-2.000000000003638,0.0,False
ACACT160i_m,0.0,-2.0,0.0,False
ACACT160i_x,0.0,-2.0,0.0,False
ACACT161ai_m,0.0,-2.0,0.0,False
ACACT161ai_x,0.0,-2.0,0.0,False
ACACT161bi_m,0.0,-2.0,0.0,False
ACACT161bi_x,0.0,-2.0,0.0,False
ACACT162i_x,0.0,-2.0,0.0,False
ACACT163i_x,0.0,-2.0,0.0,False
ACACT180i_m,0.0,-2.0,0.0,False
ACACT180i_x,0.0,1698.0000000017171,0.0,True
ACACT181ai_m,0.0,-2.0,0.0,False
ACACT181ai_x,0.0,-2.0,0.0,False
ACACT182i_x,0.0,-2.0,0.0,False
ACACT183i_x,0.0,-2.0,0.0,False
ACACT200i_m,0.0,-2.0,0.0,False
ACACT200i_x,0.0,-2.0,0.0,False
ACACT220i_m,0.0,-2.0,0.0,False
ACACT220i_x,0.0,-2.0,0.0,False
ACACT240i_m,0.0,-2.0,0.0,False
ACACT240i_x,0.0,-2.0,0.0,False
ACACT260i_m,0.0,-2.0,0.0,False
ACACT260i_x,0.0,-2.0,0.0,False
ACACT40i_m,0.0,-2.0,0.0,False
ACACT40i_x,0.0,-2.0,0.0,False
ACACT40ir_c,0.08100692544770258,-2.0,0.08100692544770258,False
ACACT60i_m,0.0,-2.0,0.0,False
ACACT60i_x,0.0,-2.0,0.0,False
ACACT80i_m,0.0,-2.0,0.0,False
ACACT80i_x,0.0,-2.0,0.0,False
ACALDCD_c,0.0,11044.000000011984,0.0,False
ACALDt_c_e,0.0,-2.0,0.0,False
ACALDt_c_m,0.0,-14.0,0.0,False
ACCOAC_c,0.17437975438973347,-2.0,0.17437975438973347,False
ACCOATsucac_m,0.0,422.00000000048885,0.0,False
ACCOATsucpp_m,0.0,-2.0,0.0,False
ACCOAt_c_n,0.0,-2.0,0.0,False
ACCOAt_c_r,0.0,-2.0,0.0,False
ACEST1_m,0.0,-1.9999999999990905,0.0,False
ACEST1_x,0.0,-2.0,0.0,False
ACGAM6PS_c,0.009779811346945243,-2.0,0.009779811346945243,False
ACGAM6S1_r,0.0,-2.0,0.0,False
ACGAM6S2_r,0.0,-2.0,0.0,False
ACGAMPM_c,0.009779811346945243,-2.0,0.009779811346945243,False
ACGK_m,0.01228523588290444,-2.0,0.01228523588290444,False
ACGS_m,0.0,1.9999999999993179,0.0,False
ACHAH_c,0.0,2.0,0.0,False
ACHAH_e,0.0,-2.0,0.0,False
ACHBS_m,0.018731194801368308,-2.0,0.018731194801368308,False
ACHLE1_c,0.0,-2.0,0.0,False
ACHLE2_c,0.0,-2.0,0.0,False
ACHLE3_c,0.0,-1.9999999999995453,0.0,False
ACITL_c,-5.221156840207186e-12,-1.9999999999736247,5.221156840207186e-12,True
ACKr_c,-0.472211273279353,2.0,0.472211273279353,True
ACLS_m,0.04878381172548421,-2.0,0.04878381172548421,False
ACOAD100f_m,0.0,-2.0,0.0,True
ACOAD100f_x,0.0,526.0000000005166,0.0,False
ACOAD101df_x,0.0,-2.0,0.0,False
ACOAD102ef_x,0.0,-2.0,0.0,False
ACOAD120f_m,0.0,-1.999999999985448,0.0,False
ACOAD120f_x,0.0,526.0000000005239,0.0,False
ACOAD121af_x,0.0,-2.0,0.0,False
ACOAD140f_x,0.0,-2.0,0.0,False
ACOAD141af_x,0.0,-2.0,0.0,False
ACOAD141bf_x,0.0,-2.0,0.0,False
ACOAD142f_x,0.0,-2.0,0.0,False
ACOAD143f_x,0.0,17772.00000001813,0.0,False
ACOAD160f_x,0.0,1698.0000000017171,0.0,False
ACOAD161af_x,0.0,-2.0,0.0,False
ACOAD161bf_x,0.0,-2.0,0.0,False
ACOAD162f_x,0.0,-2.0,0.0,False
ACOAD163f_x,0.0,-2.0,0.0,False
ACOAD180f_x,0.0,-2.0,0.0,False
ACOAD181af_x,0.0,-2.0,0.0,False
ACOAD182f_x,0.0,-2.0,0.0,False
ACOAD183f_x,0.0,-2.0,0.0,False
ACOAD40f_m,0.0,-1.9999999999984084,0.0,False
ACOAD40f_x,0.0,-2.0,0.0,False
ACOAD60f_m,0.0,-2.0,0.0,False
ACOAD60f_x,0.0,-2.0,0.0,False
ACOAD80f_m,0.0,-2.0,0.0,False
ACOAD80f_x,0.0,-2.0,0.0,False
ACOAD82ef_x,0.0,-2.0,0.0,False
ACOADS160_rm,0.0,12108.000000012209,0.0,False
ACOADS180_rm,0.01199027572093477,-2.0,0.01199027572093477,False
ACOADS181_rm,0.008178435466286382,-2.0,0.008178435466286382,True
ACOADS182_3_rm,0.0,-2.0,0.0,False
ACOADS182_rm,0.0016179316387481726,-2.0,0.0016179316387481726,True
ACOADm30f_m,0.0,-2.0,0.0,False
ACOADm40f_m,0.0,-1.9999999999984084,0.0,False
ACOADm50f_m,0.0,2.0,0.0,False
ACOAO100_x,0.0,526.0000000005166,0.0,False
ACOAO101d_x,0.0,-2.0,0.0,False
ACOAO102e_x,0.0,-2.0,0.0,False
ACOAO120_x,0.0,526.0000000005239,0.0,False
ACOAO121a_x,0.0,-2.0,0.0,False
ACOAO140_x,0.0,-2.0,0.0,False
ACOAO141a_x,0.0,-2.0,0.0,False
ACOAO141b_x,0.0,-2.0,0.0,False
ACOAO142_x,0.0,-2.0,0.0,False
ACOAO143_x,0.0,17772.00000001813,0.0,False
ACOAO160_x,0.0,1698.0000000017171,0.0,True
ACOAO161a_x,0.0,-2.0,0.0,False
ACOAO161b_x,0.0,-2.0,0.0,False
ACOAO162_x,0.0,-2.0,0.0,False
ACOAO163_x,0.0,-2.0,0.0,False
ACOAO180_x,0.0,-2.0,0.0,False
ACOAO181a_x,0.0,-2.0,0.0,False
ACOAO182_x,0.0,-2.0,0.0,False
ACOAO183_x,0.0,-2.0,0.0,False
ACOAO200_x,0.0,-2.0,0.0,False
ACOAO220_x,0.0,-2.0,0.0,False
ACOAO240_x,0.0,-2.0,0.0,False
ACOAO260_x,0.0,1734.0000000016735,0.0,False
ACOAO40_x,0.0,-2.0,0.0,False
ACOAO60_x,0.0,-2.0,0.0,False
ACOAO80_x,0.0,-2.0,0.0,False
ACOAO82e_x,0.0,-2.0,0.0,False
ACOATA_c,0.021876214401407128,-2.0,0.021876214401407128,True
ACOATA_m,0.0,2.0,0.0,False
ACONIs_c,0.0,-2.0,0.0,False
ACONIs_m,0.0,-2.0,0.0,False
ACONMT_c,0.0,-2.0,0.0,False
ACONT2_m,0.0,-2.0,0.0,False
ACONTa_m,0.09590693599042498,-2.0,0.09590693599042498,False
ACONTb_m,0.09590693599042498,-2.0,0.09590693599042498,False
ACOTAi_m,0.01228523588290444,-2.0,0.01228523588290444,False
ACP1_e,0.0,-2.0,0.0,False
ACPCS_c,0.0,-2.0,0.0,False
ACRNAH_x,0.0,-2.0,0.0,False
ACRNt_c_m,0.0,0.0,0.0,True
ACRNt_c_x,0.0,0.0,0.0,False
ACS_c,0.4786200944199026,-1.9999999999986358,0.4786200944199026,False
ACS_n,0.0,-2.000000000005457,0.0,False
ACt_c_e,0.0,2.0,0.0,False
ACt_c_m,0.0,2.0,0.0,True
ACt_c_n,0.0,-2.0,0.0,False
ADA_c,0.0,340.00000000034925,0.0,False
ADCL_c,0.0,-2.0,0.0,False
ADCS_c,0.0,16798.000000018117,0.0,False
ADD_c,0.0,-2.0,0.0,False
ADEt_c_m,0.0,-2.0,0.0,False
ADEtps_e,0.0,-2.0,0.0,False
ADK1_c,0.9074663423083549,-2.0,0.9074663423083549,False
ADK1_m,0.0,-2.0,0.0,False
ADK3_m,0.0,-2.0,0.0,False
ADMDC_c,9.824808972037171e-06,-2.0,9.824808972037171e-06,False
ADNCYC_c,0.0,-2.0,0.0,False
ADNK1_c,0.015756930381263495,-2.0,0.015756930381263495,False
ADNtps_e,0.0,-2.0,0.0,False
ADPATPt_c_m,22.620345708673973,-2.0,22.620345708673973,False
ADPATPt_c_x,0.0,-2.0,0.0,False
ADPRDP_m,0.0,-2.0,0.0,False
ADPT_c,9.824808972037171e-06,-2.0,9.824808972037171e-06,False
ADPh_c,0.0,342.0000000003529,0.0,True
ADPh_m,0.0,336.00000000035266,0.0,True
ADPt_c_en,0.0,2.0,0.0,False
ADPt_c_gm,0.0,-2.0,0.0,False
ADPt_c_n,0.0,2.0,0.0,False
ADPt_c_r,0.0,2.0,0.0,False
ADPt_c_vm,0.0,2.0,0.0,False
ADSK_c,0.004090362719328222,-2.0,0.004090362719328222,False
ADSL1r_c,0.00995498769091648,-2.0,0.00995498769091648,False
ADSL2i_c,0.009615147548573715,-2.0,0.009615147548573715,False
ADSS_c,0.00995498769091648,-1.999999999998181,0.00995498769091648,False
AEPI1_c,0.0,2.0,0.0,False
AEPI2_c,0.0,2.0,0.0,False
AFAT_c,9.824808972037171e-06,-2.0,9.824808972037171e-06,False
AFLTXNB1S_c,0.0,-2.0,0.0,False
AFLTXNB2S_c,0.0,-2.0,0.0,False
AGMT_e,0.0,-2.0,0.0,False
AGNPR_l,0.0,-2.000000000003638,0.0,False
AGNPR_rm,0.0,3.637978807091713e-12,0.0,False
AGPAT_l,4.874334342692618e-06,-2.0,4.874334342692618e-06,False
AGPAT_rm,0.008657856232481923,-2.0,0.008657856232481923,False
AGPRi_m,0.01228523588290444,-2.0000000000002274,0.01228523588290444,False
AGTi_c,0.0,-2.0,0.0,False
AHCYSt_c_m,0.0,2.0,0.0,False
AHCYSt_c_rm,-0.008607711636581207,2.0,0.008607711636581207,False
AHCi_c,0.015756930381263495,-2.0,0.015756930381263495,False
AHGDf_m,0.0,-2.0000000000020464,0.0,False
AHMMPS4_c,0.0,10454.000000011263,0.0,False
AHSERL2_c,0.004090362719328222,-2.000000000001819,0.004090362719328222,False
AHSERL_c,0.0,-2.0,0.0,False
AICART_c,0.01575290220958478,-2.0,0.01575290220958478,False
AIRC1_c,0.009615147548573715,-2.0,0.009615147548573715,False
AKGCITta_m,0.0,0.0,0.0,False
AKGDH_m,7.859847177629737e-05,-2.0,7.859847177629737e-05,False
AKGMALta_m,5.943572581398461,-2.0,5.943572581398461,False
AKGt_c_e,0.0,-2.0,0.0,False
AKGt_c_n,0.0,-2.0,0.0,False
AKGt_c_x,0.0,-2.0,0.0,False
AKP1_c,0.0,-2.0,0.0,False
ALAS_m,7.859847177629737e-05,-2.0000000000009095,7.859847177629737e-05,False
ALATA_L_m,-0.03107027063743951,2.0,0.03107027063743951,False
ALATRS_c,0.03107027063743951,-2.0,0.03107027063743951,False
ALAt_c_m,0.03107027063743951,-2.0,0.03107027063743951,False
ALAtps_e,0.0,-2.0,0.0,False
ALCD19y_c,0.0,-1.3642420526593924e-12,0.0,False
ALCD22xi_c,0.0,-2.0,0.0,True
ALCD22xi_m,0.0,6.000000000001592,0.0,False
ALCD22yi_c,0.0,-2.0,0.0,True
ALCD23xi_c,0.0,-2.0,0.0,False
ALCD23xi_m,0.0,6.000000000001592,0.0,False
ALCD23yi_c,0.0,-2.0,0.0,False
ALCD24xi_c,0.0,-2.0,0.0,False
ALCD24xi_m,0.0,6.000000000001592,0.0,False
ALCD24yi_c,0.0,-2.0,0.0,False
ALCD25xi_c,0.0,976.000000001055,0.0,False
ALCD25xi_m,0.0,984.0000000010566,0.0,False
ALCD25yi_c,0.0,976.000000001055,0.0,False
ALCD26xi_c,0.0,978.000000001055,0.0,False
ALCD26xi_m,0.0,990.0000000010566,0.0,False
ALCD2i1_c,0.0,-2.0,0.0,False
ALCD2i2_c,0.0,2.0,0.0,False
ALCD2i2_m,0.0,-1.999999999998181,0.0,False
ALDD20x_m,0.0,80.00000000010232,0.0,False
ALDD20y_c,0.0,-2.0,0.0,False
ALDD20y_m,0.0,80.00000000010186,0.0,False
ALDD22x_c,0.0,-2.0,0.0,False
ALDD2x_c,0.0,-2.0000000000013642,0.0,False
ALDD2y_c,0.0,-2.0000000000013642,0.0,False
ALLTN_c,0.0,-2.0,0.0,False
ALLTNt_c,0.0,-2.0,0.0,False
ALLTTt_c,0.0,-2.0,0.0,False
ALPHNH_c,0.0,-2.0,0.0,False
AMAOTr_c,0.0,2.0,0.0,False
AMETt_c_e,0.0,2.0,0.0,False
AMETt_c_m,0.0,2.0,0.0,False
AMETt_c_rm,0.008607711636581207,-2.0,0.008607711636581207,False
AMID_c,0.0,-2.0,0.0,False
AMPATPt_c_x,0.0,338.0000000003565,0.0,False
AMPDA_c,0.0,346.0000000003529,0.0,False
AMPt_c_l,-9.748668685384754e-06,2.0,9.748668685384754e-06,False
AMPt_c_n,0.0,2.0,0.0,False
AMPt_c_rm,-0.0001274227936952155,2.0,0.0001274227936952155,False
ANNAT_c,0.0,-2.0,0.0,False
ANNAT_n,0.0,-2.000000000003638,0.0,False
ANPRT_c,0.002067139807716621,-2.0,0.002067139807716621,False
ANS_c,0.002067139807716621,-2.0,0.002067139807716621,False
AOBUTDs_c,0.0,-2.0,0.0,False
AOXS_c,0.0,-2.0,0.0,False
AP4AH_c,0.0,2.0,0.0,False
ARAB14LO_c,0.0,-2.0,0.0,False
ARAB14LO_x,0.0,-2.0,0.0,False
ARAB1Dx_c,0.0,-2.0,0.0,False
ARABDt_c,0.0,-2.0,0.0,False
ARABLt_c,0.0,2.0,0.0,False
ARABRy_c,0.0,2.0,0.0,False
ARACHt_c_e,0.0,-2.0,0.0,False
ARACHt_c_rm,0.0,2.0,0.0,False
ARAI2_c,0.0,-2.0,0.0,False
ARAK_c,0.0,-2.0,0.0,False
ARGN_c,0.0,1714.0000000017753,0.0,False
ARGSL_c,0.012275411073932404,-2.0,0.012275411073932404,False
ARGSS_c,0.012275411073932404,-1.9999999999990905,0.012275411073932404,False
ARGTRS_c,0.012275411073932404,-2.0,0.012275411073932404,False
ARGtpa_v,0.0,-2.0,0.0,False
ARGtps_e,0.0,-2.0,0.0,False
ARGtps_m,0.0,-2.0,0.0,False
ARMT_c,0.0,-2.0,0.0,False
AROHL_c,0.0,2.0,0.0,False
ARSO4H_c,0.0,-2.0,0.0,False
ASAD_c,0.04008001345715648,-2.0,0.04008001345715648,False
ASCBOX_c,0.0,-2.0,0.0,False
ASNN_e,0.0,-2.0,0.0,False
ASNS1_c,0.014755978843192347,-2.0,0.014755978843192347,False
ASNTRS_c,0.014755978843192347,-2.0,0.014755978843192347,False
ASNTRS_m,0.0,-2.0,0.0,False
ASNt_c_m,0.0,-2.0,0.0,False
ASNtpa_v,0.0,-2.0,0.0,False
ASNtps_v,0.0,6.0,0.0,False
ASPCT_c,0.009977486503462666,-2.0,0.009977486503462666,False
ASPGLUt_c_m,5.736873730832615,-2.0,5.736873730832615,False
ASPGLUt_c_x,0.0,-2.0,0.0,False
ASPK_c,0.04008001345715648,-2.0,0.04008001345715648,False
ASPTA4_c,0.0,-2.0000000000009095,0.0,False
ASPTA_c,5.625458726872188,-2.0,5.625458726872188,False
ASPTA_x,0.0,-2.0,0.0,False
ASPTAi_m,5.736873730832615,-2.0,5.736873730832615,False
ASPTRS_c,0.014755978843192347,-2.0,0.014755978843192347,False
ASPtps_e,0.0,-2.0,0.0,False
ASPtps_v,0.0,-6620.0000000071705,0.0,False
ATAH_c,0.0,-2.0,0.0,False
ATHRDHr_c,0.0,-2.0,0.0,False
ATPASEP2e_c,0.0,336.0000000003529,0.0,False
ATPASEV_v,0.0,336.0000000003529,0.0,True
ATPATF1_c,0.0,338.00000000035106,0.0,False
ATPHs_c,0.0,1032.0000000010587,0.0,True
ATPM_c,1.258692370308065,340.0000000003529,1.258692370308065,False
ATPPRT_c,0.006137754661011062,-2.0,0.006137754661011062,False
ATPS_m,7.544210314852292,-2.000000000001137,7.544210314852292,False
ATPt_c_en,0.0,2.0,0.0,False
ATPt_c_gm,0.0,2.0,0.0,False
ATPt_c_l,9.748668685384754e-06,-2.0,9.748668685384754e-06,False
ATPt_c_n,0.0,-2.0,0.0,False
ATPt_c_r,0.0,-2.0,0.0,False
ATPt_c_rm,0.0001274227936952155,-2.0,0.0001274227936952155,False
ATPt_c_vm,0.0,-2.0,0.0,False
AVNORy_c,0.0,-2.0,0.0,False
BACCL_c,0.0,-2.0,0.0,False
BBOX_m,0.0,-2.0,0.0,False
BETALDHx_x,0.0,-2.0,0.0,False
BIOMASS,0.09824808972037172,-1.999999999985448,0.09824808972037172,True
BIOMASS_RBA,0.0,185858.79422049926,0.0,False
BIOMASS_MFA,0.0,162328.47466164638,0.0,False
BIOMASS_MFA_NO_GAM,0.0,100421.63338955243,0.0,False
BIOMASS_PinheiroEtAl2020,0.0,101474.54410629302,0.0,False
BIOMASS_xyl_hybrid,0.0,171040.26713768218,0.0,False
BPNT_c,0.004090362719328222,-2.0,0.004090362719328222,False
BTDDH_c,0.0,-2.0,0.0,False
BTDt_c_e,0.0,-2.0,0.0,False
BTS1_c,0.0,-2.000000000003638,0.0,False
BTS1_m,0.0,-2.0,0.0,False
BUTt_c_e,0.0,-2.0,0.0,False
BUTt_c_x,0.0,-2.0,0.0,False
BZHYOX_c,0.0,-2.0,0.0,False
BZHYOX_r,0.0,-2.0,0.0,False
C14STR_c,0.007149218744682289,-1.999999999992724,0.007149218744682289,False
C22STDSy_c,0.0,-2.0,0.0,False
C24STR_r,0.0,-2.0,0.0,False
C3STDH1_c,0.007149218744682289,-1.999999999992724,0.007149218744682289,False
C3STDH2_c,0.007149218744682289,-2.0,0.007149218744682289,False
C3STKR1_c,0.007149218744682289,-2.0,0.007149218744682289,False
C3STKR2_c,0.007149218744682289,-2.0,0.007149218744682289,False
C4STMO1_c,0.007149218744682289,-2.0,0.007149218744682289,False
C4STMO2_c,0.007149218744682289,-2.0,0.007149218744682289,False
C4STMO3_c,0.007149218744682289,-2.0,0.007149218744682289,False
C4STMO4_c,0.007149218744682289,-2.0,0.007149218744682289,False
C5STDS_c,0.0,-2.0,0.0,False
C8STI_c,0.007149218744682289,-2.0,0.007149218744682289,False
CA2t_c_e,0.0001261505472009573,-2.0,0.0001261505472009573,True
CAROL1_c,0.0,-2.0,0.0,False
CAROL2_c,0.0,2.0,0.0,False
CAROL3_c,0.0,-2.0,0.0,False
CAROMOX1_c,0.0,-1.999999999992724,0.0,False
CAROMOX2_c,0.0,-2.0,0.0,False
CATDOX_c,0.0,12.0,0.0,False
CATOX_e,0.0,-2.0,0.0,False
CAT_c,0.0,-2.0,0.0,False
CAT_x,0.0,-2.0,0.0,True
CBL_c,0.0,344.0000000003529,0.0,False
CBMHL_c,0.0,2.0,0.0,False
CBPS_c,0.02225289757739507,-2.000000000005457,0.02225289757739507,False
CDPCHOLt_c_rm,0.0,2.0,0.0,False
CDPDAGS_mm,0.0,-2.0,0.0,True
CDPDAGS_rm,0.015299978515974049,-2.0,0.015299978515974049,False
CDPEAt_c_rm,0.0,-2.0,0.0,False
CDPt_c_n,0.0,-2.0,0.0,False
CDPt_c_rm,-0.006637247949149432,2.0,0.006637247949149432,False
CELLBH_e,0.0,-2.0,0.0,False
CEPHSCOX_x,0.0,-2.0,0.0,False
CERH124A_r,0.0,-2.000000000029104,0.0,False
CERH124B_r,0.0,-2.0,0.0,False
CERH126A_r,0.0,-1.999999999996362,0.0,False
CERH126B_r,0.0,-2.0,0.0,False
CERH2A24_r,0.0,-2.0,0.0,False
CERH2A26_r,0.0,-2.0,0.0,False
CERH324_r,0.0,-2.0,0.0,False
CERH326_r,0.0,-2.0,0.0,False
CERS124_c,0.00014081407459172278,-2.0,0.00014081407459172278,True
CERS126_c,0.00014081407459172278,-2.0,0.00014081407459172278,True
CERS2A24_r,0.00014081407459172278,-2.000000000010914,0.00014081407459172278,False
CERS2A26_r,0.00014081407459172278,-1.999999999996362,0.00014081407459172278,False
CERt_g_r,0.0005632562983668911,-2.0,0.0005632562983668911,False
CFCOAMT_c,0.0,-2.0,0.0,False
CHITOSNSE_c,0.0,-2.0,0.0,False
CHLPCTD_c,0.0,-2.0,0.0,False
CHLSTI2_c,0.0,-2.0,0.0,False
CHOLD_c,0.0,-2.0,0.0,False
CHOLK_c,0.0,-2.0,0.0,False
CHOLPT_rm,0.0,-2.0,0.0,False
CHOLt_c_en,0.0,-2.0,0.0,False
CHOLtps_e,0.0,-2.0,0.0,False
CHORM_c,0.018190633811726822,-2.0,0.018190633811726822,False
CHORS_c,0.020257773619443444,-2.0,0.020257773619443444,False
CHRPL_c,0.0,-2.0,0.0,False
CHTNDA_c,0.0,-2.0,0.0,False
CHTNH_e,0.0,-2.0,0.0,False
CHTNH_v,0.0,-2.0,0.0,False
CHTNS_c,0.0032300041976469408,-2.0,0.0032300041976469408,False
CITCOAL_c,0.0,-2.000000000001819,0.0,False
CITICITta_m,0.0,2.0,0.0,True
CITICTta_x,0.0,-2.0,0.0,False
CITMALta_m,-5.221156840207186e-12,-2.0,5.221156840207186e-12,False
CITMALta_x,0.0,-2.0,0.0,False
CITt3_m,0.0,2.0,0.0,False
CITt_c_e,0.0,-2.0,0.0,False
CLAH1_mm,0.0,-8.86757334228605e-12,0.0,False
CLAH3_mm,0.0,-2.000000000003638,0.0,False
CLPNS_mm,0.0,-2.0,0.0,False
CLt_c_e,0.0,2.0,0.0,False
CMBOLHcis_c,0.0,-2.0,0.0,False
CMBOLHtrans_c,0.0,-2.0,0.0,False
CMPA_c,0.0,-2.0,0.0,False
CMPN_c,0.0,-2.0,0.0,False
CMPt_c_rm,-0.015299978515974049,2.0,0.015299978515974049,False
CMPt_m_mm,0.0,-2.0,0.0,True
CMUCOC_c,0.0,2.0,0.0,False
CO2t_c_e,4.14105908160591,-2.0,4.14105908160591,False
CO2t_c_gm,0.0,2.0,0.0,False
CO2t_c_m,-1.7070663077724426,2.0,1.7070663077724426,False
CO2t_c_mm,-0.010517654500745235,2.0,0.010517654500745235,False
CO2t_c_n,0.0,2.0,0.0,False
CO2t_c_r,-0.0005632562983668911,2.0,0.0005632562983668911,False
CO2t_c_rm,-0.00536929950054216,2.0,0.00536929950054216,False
CO2t_c_vm,0.0,-2.0,0.0,False
CO2t_c_x,0.0,2.0,0.0,False
COAt_c_l,0.0,1.9388364351543714,0.0,False
COAt_c_m,0.0,-2.0,0.0,False
COAt_c_mm,0.0,2.0,0.0,False
COAt_c_n,0.0,-2.0,0.0,False
COAt_c_r,-0.0034449710179551138,2.0,0.0034449710179551138,False
COAt_c_rm,-0.02380054288399417,2.0,0.02380054288399417,False
COAt_c_x,0.0,-2.0,0.0,False
COBALT2t_c_e,0.0,-2.0,0.0,False
CPLSPNEST_e,0.0,-2.0,0.0,False
CPPPGO_c,9.824808972037171e-06,-2.0,9.824808972037171e-06,False
CRN100t_c_m,0.0,-2.0,0.0,False
CRN100t_c_x,0.0,-2.0,0.0,False
CRN120t_c_m,0.0,-2.0,0.0,False
CRN120t_c_x,0.0,-2.0,0.0,False
CRN40t_c_m,0.0,-2.0,0.0,True
CRN40t_c_x,0.0,-2.0,0.0,True
CRN60t_c_m,0.0,-2.0,0.0,False
CRN60t_c_x,0.0,526.0000000005166,0.0,False
CRN80t_c_m,0.0,-2.0,0.0,False
CRN80t_c_x,0.0,-2.0,0.0,False
CRNACRNt_c_m,0.0,-2.0,0.0,False
CRNAT100_m,0.0,-2.0,0.0,False
CRNAT100_x,0.0,2.0,0.0,False
CRNAT120_m,0.0,-2.0,0.0,False
CRNAT120_x,0.0,2.0,0.0,True
CRNAT40_m,0.0,-2.0,0.0,False
CRNAT40_x,0.0,-1054.0000000010332,0.0,False
CRNAT60_m,0.0,-2.0,0.0,False
CRNAT60_x,0.0,2.0,0.0,True
CRNAT80_m,0.0,-2.0,0.0,True
CRNAT80_x,0.0,2.0,0.0,False
CRNCARt_c_x,0.0,-2.0,0.0,False
CRNOAT_c,0.0,348.0000000002983,0.0,False
CRNOAT_m,0.0,90.00000000011642,0.0,False
CRNOAT_x,0.0,-2.0,0.0,False
CRNt_c_m,0.0,-2.0,0.0,False
CRNt_c_x,0.0,-2.0,0.0,False
CSND_c,0.0,688.0000000007058,0.0,False
CSNPURt_c_e,0.0,2.0,0.0,False
CSNtps_e,0.0,-2.0,0.0,False
CS_m,0.09590693598520382,-2.0000000000027285,0.09590693598520382,False
CS_x,0.0,-1.9999999999990905,0.0,True
CTPCMPt_c_m,0.0,1240.0000000012665,0.0,False
CTPS1_c,0.0,-344.0000000003529,0.0,False
CTPS2_c,0.006488991581761389,-2.0,0.006488991581761389,False
CTPt2_m,0.0,1140.0000000011607,0.0,False
CTPt_c_rm,0.021937226465123482,-2.0,0.021937226465123482,False
CTPt_m_mm,0.0,2.0,0.0,True
CU2t_c_e,1.1200282228122376e-05,-2.0,1.1200282228122376e-05,True
CYSItps_v,0.0,2.0,0.0,False
CYSS_c,0.0,-2.0,0.0,False
CYSTGL_c,0.00045508515158474913,-2.0,0.00045508515158474913,False
CYSTRS_c,0.0004452603426127246,-2.0,0.0004452603426127246,False
CYSTS_c,0.00045508515158474913,-2.0,0.00045508515158474913,False
CYStps_e,0.0,2.0,0.0,False
CYTDK2_c,0.0,-2.0,0.0,False
CYTD_c,0.0,338.0000000003529,0.0,True
CYTDtps_e,0.0,-2.0,0.0,False
CYTK1_c,0.015309803324946074,-2.0,0.015309803324946074,False
CYTK2_c,0.0,0.0,0.0,False
DADA_c,0.0,-2.0,0.0,False
DADK_c,0.0,2.0,0.0,False
DADPt_c_n,0.0,-2.0,0.0,False
DADt_c_e,0.0,-2.0,0.0,False
DAG3Pabct_c_m,0.0,-2.0,0.0,False
DAGK_rm,0.006637247949149432,-2.0,0.006637247949149432,False
DAGL_l,0.0,-2.0,0.0,False
DAGL_m,0.0,-2.000000000007276,0.0,True
DAGt_c_l,0.0,-2.0,0.0,False
DAGt_c_mm,0.0,2.0,0.0,True
DAGt_c_n,0.0,2.0,0.0,False
DAGt_c_r,-0.006955375263663996,2.0,0.006955375263663996,True
DAGt_c_rm,0.006955375263663996,-2.0,0.006955375263663996,False
DAGt_gm_rm,0.0005632562983668911,-2.0,0.0005632562983668911,False
DANNt_c_e,0.0,-2.0,0.0,False
DAO4hpro_x,0.0,-2.0,0.0,False
DAOala_x,0.0,-2.0,0.0,False
DAOarg_x,0.0,-2.0,0.0,False
DAOgly_x,0.0,-2.0,0.0,False
DAOorn_x,0.0,-2.0,0.0,False
DAOpro_x,0.0,-2.0,0.0,False
DB4PS_c,3.9299235888148686e-05,-2.0,3.9299235888148686e-05,True
DBTS_c,0.0,-2.0,0.0,False
DCAt_c_e,0.0,-2.0,0.0,False
DCAt_c_x,0.0,2.0,0.0,False
DCDPt_c_n,0.0,-2.0,0.0,False
DCMPDA_c,0.0,-2.0,0.0,False
DCTPD_c,0.0,684.0000000007058,0.0,False
DCYTD_c,0.0,-2.0,0.0,False
DCYTt_c_e,0.0,-2.0,0.0,False
DDCACOAt_c_l,0.0,-2.0,0.0,False
DDCACOAt_c_rm,0.0,-2.0,0.0,False
DDCAt_c_e,0.0,-2.0,0.0,False
DDCAt_c_rm,0.0,-2.0,0.0,False
DDCAt_c_x,0.0,-2.0,0.0,False
DDCAt_l_rm,0.0,-2.0,0.0,False
DDPA_c,0.020257773619443444,-2.0,0.020257773619443444,False
DDPA_m,0.0,-238.00000000024193,0.0,False
DECOAI82e_x,0.0,-2.0,0.0,False
DECOAR102d_x,0.0,-2.0,0.0,False
DECOAR103e_x,0.0,-2.0,0.0,False
DECOAR82e_x,0.0,-2.0,0.0,False
DESAT18_2_rm,0.0,-2.0,0.0,False
DGAT_l,0.0,-2.0,0.0,False
DGAT_rm,0.001242953712183384,-2.0,0.001242953712183384,False
DGDPt_c_n,0.0,-2.0,0.0,False
DGK1_c,0.0,2.0,0.0,False
DGLCND3H_c,0.0,-2.0,0.0,False
DGLCND5H_c,0.0,-2.0,0.0,False
DGPP_vm,0.0,-2.0,0.0,False
DGSNt_c_e,0.0,-2.0,0.0,False
DHAD1_c,0.0,-2.0,0.0,False
DHAD1_m,0.04878381172548421,-2.0,0.04878381172548421,False
DHAD2_c,0.0,-2.0,0.0,False
DHAD2_m,0.018731194801368308,-2.0,0.018731194801368308,False
DHAK_c,0.0,-2.0,0.0,False
DHAPAT_l,0.0,-2.0000000000031832,0.0,False
DHAPAT_rm,0.0,-2.0000000000031832,0.0,False
DHAPt_c_l,0.0,2.0,0.0,False
DHAPt_c_m,0.0,-2.0,0.0,False
DHAPt_c_rm,0.0,2.0,0.0,False
DHAPt_c_x,0.0,-2.0,0.0,False
DHFRi_c,0.0004886859982686786,-2.0,0.0004886859982686786,False
DHFRi_m,0.0,-2.0000000000015916,0.0,False
DHFS_1_c,0.0,-1.9999999999990905,0.0,False
DHFt_c_m,0.0,-2.0,0.0,False
DHNPA2i_m,0.0,-2.0,0.0,False
DHNPTt_c_m,0.0,-2.0,0.0,False
DHORDfum_c,0.009977486503462666,-2.0,0.009977486503462666,False
DHORTS_c,-0.009977486503462666,2.0,0.009977486503462666,False
DHPM2_c,0.0,-2.0,0.0,False
DHPPDA2_c,1.9649617944074343e-05,-2.0,1.9649617944074343e-05,True
DHPTS_m,0.0,-2.0,0.0,False
DHPTt_c_m,0.0,2.0,0.0,False
DHQS_c,0.020257773619443444,-2.0,0.020257773619443444,False
DHQTi_c,0.020257773619443444,-2.0,0.020257773619443444,False
DINt_c_e,0.0,10.0,0.0,False
DIPS_c,0.0,-2.0,0.0,False
DKMEOX_c,9.824808972037171e-06,-2.0,9.824808972037171e-06,True
DKMPPH_c,9.824808972037171e-06,-2.0,9.824808972037171e-06,True
DMATT_c,0.0164239366623751,-2.0,0.0164239366623751,False
DM_5mta_c,0.0,26562.00000002831,0.0,True
DM_gcald_c,0.0,29562.000000031585,0.0,False
DNADt_c_n,0.0,-2.0,0.0,False
DNMPPA_c,0.0,-2.0,0.0,False
DNTPPA_c,0.0,2.0,0.0,False
DNTP_c,0.0,-2.0,0.0,False
DOCOSAt_c_e,0.0,2.0,0.0,False
DOCOSAt_c_l,1.8278753785099343e-07,2.0,1.8278753785099343e-07,True
DOCOSAt_c_rm,1.8461075087494947e-06,-2.0,1.8461075087494947e-06,True
DOCOSCOAt_c_en,0.0,-2.0,0.0,False
DOCOSCOAt_c_l,0.0,-1.9388364351616474,0.0,True
DOCOSCOAt_c_rm,0.0,-2.0,0.0,False
DOLDPP_c,0.002115674364038485,-2.0,0.002115674364038485,True
DOLDPt_c_l,0.002115674364038485,-2.0,0.002115674364038485,True
DOLDPt_c_r,0.0,2.0,0.0,False
DOLGLCPt_c_r,0.0,-2.0,0.0,False
DOLK_c,0.0,-2.0,0.0,False
DOLPMMT_r,0.0,700.0000000007203,0.0,False
DOLPMT_c,0.01579524713625444,-2.0,0.01579524713625444,False
DOLPt_c_r,-0.01579524713625444,2.0,0.01579524713625444,False
DPCOAK_c,9.824808972024208e-06,-2.0,9.824808972024208e-06,False
DPGM_c,0.0,-2.0,0.0,False
DPGT_c,0.0,1.999999999992724,0.0,False
DPMVD_c,0.08100692544770258,-2.0,0.08100692544770258,False
DPR_c,0.0,-2.0000000000009095,0.0,False
DRAPPRy_c,1.9649617944074343e-05,-2.0,1.9649617944074343e-05,True
DRBK_c,0.0,-2.0,0.0,False
DTMPK_c,0.00047886118929709175,-2.0,0.00047886118929709175,False
DTTPt_c,0.0,-2.0,0.0,False
DUDPt_c_n,0.0,-2.0,0.0,False
DUMPt_c_n,0.0,2.0,0.0,True
DURIK1_c,0.0,342.0000000003529,0.0,False
DURIt_c_e,0.0,-2.0,0.0,False
DUTPDP_c,0.00047886118929709175,-2.0,0.00047886118929709175,False
DXHPSq9_c,0.0,-2.0,0.0,False
E4HGLUt_c_m,0.0,-2.0,0.0,False
E4HGLUt_c_x,0.0,-2.0,0.0,False
E4Pt_c_m,0.0,-2.0,0.0,False
EAR100y_c,0.021876214401407128,-2.0,0.021876214401407128,True
EAR120y_c,0.021876214401407128,-2.0,0.021876214401407128,True
EAR140y_c,0.021876214401407128,-2.0,0.021876214401407128,True
EAR160y_c,0.021876214401407128,-2.0,0.021876214401407128,True
EAR180y_c,0.0158769540793414,-2.0,0.0158769540793414,True
EAR40y_c,0.021876214401407128,-2.0,0.021876214401407128,True
EAR40y_m,0.0,-2.0,0.0,False
EAR60y_c,0.021876214401407128,-2.000000000003638,0.021876214401407128,True
EAR60y_m,0.0,-2.0,0.0,False
EAR80y_c,0.021876214401407128,-2.0,0.021876214401407128,True
EAR80y_m,0.0,986.000000001055,0.0,True
ECOAH100_m,0.0,-2.0,0.0,False
ECOAH100_x,0.0,-2.0,0.0,False
ECOAH101e_x,0.0,-2.0,0.0,False
ECOAH120_m,0.0,-2.0,0.0,False
ECOAH120_x,0.0,-2.0,0.0,False
ECOAH121a_m,0.0,-2.0,0.0,False
ECOAH121a_x,0.0,-2.0,0.0,False
ECOAH121d_x,0.0,-2.0,0.0,False
ECOAH122e_x,0.0,-2.0,0.0,False
ECOAH140_m,0.0,-2.0,0.0,False
ECOAH140_x,0.0,8354.000000008396,0.0,False
ECOAH141b_m,0.0,-2.0,0.0,False
ECOAH141b_x,0.0,-2.0,0.0,False
ECOAH141c_m,0.0,-2.0,0.0,False
ECOAH141c_x,0.0,-2.0,0.0,False
ECOAH142_x,0.0,-2.0,0.0,False
ECOAH143_x,0.0,-2.0,0.0,False
ECOAH160_m,0.0,2.0,0.0,False
ECOAH160_x,0.0,-2.0,0.0,False
ECOAH161b_m,0.0,-2.0,0.0,False
ECOAH161b_x,0.0,-2.0,0.0,False
ECOAH161c_m,0.0,-2.0,0.0,False
ECOAH161c_x,0.0,-2.0,0.0,False
ECOAH162_x,0.0,-2.0,0.0,False
ECOAH163_x,0.0,-2.0,0.0,False
ECOAH180_m,0.0,-2.0,0.0,False
ECOAH180_x,0.0,-2.0,0.0,False
ECOAH181a_m,0.0,-2.0,0.0,False
ECOAH181a_x,0.0,13276.061163578255,0.0,False
ECOAH182_x,0.0,-2.0,0.0,False
ECOAH183_x,0.0,-2.0,0.0,False
ECOAH200_x,0.0,-2.0,0.0,False
ECOAH220_x,0.0,1718.0000000017171,0.0,False
ECOAH240_x,0.0,-2.0,0.0,False
ECOAH260_x,0.0,-2.0,0.0,False
ECOAH40_m,0.0,-2.0,0.0,False
ECOAH40_x,0.0,-2.0,0.0,False
ECOAH60_m,0.0,-2.0,0.0,False
ECOAH60_x,0.0,-2.0,0.0,False
ECOAH80_m,0.0,-2.0,0.0,False
ECOAH80_x,0.0,-2.0,0.0,False
ECOAI101a_x,0.0,-2.0,0.0,False
ECOAI101d_x,0.0,-2.0,0.0,False
ECOAI102e_x,0.0,-2.0,0.0,False
ECOAI121a_x,0.0,-2.0,0.0,False
ECOAI121b_x,0.0,-2.0,0.0,False
ECOAI122c_x,0.0,-2.0,0.0,False
ECOAI122d_x,0.0,-2.0,0.0,False
ECOAI123e_x,0.0,-2.0,0.0,False
ECOAI141a_x,0.0,-2.0,0.0,False
ECOAI142c_x,0.0,-2.0,0.0,False
ECOAI81e_x,0.0,-2.0,0.0,False
ECOAI82e_x,0.0,-2.0,0.0,False
ECOAR122_x,0.0,-2.0,0.0,False
ECOAR142_x,0.0,-2.0,0.0,False
ECOAR200_rm,0.001810632961652685,-1.999999999996362,0.001810632961652685,False
ECOAR220_rm,0.001810632961652685,-2.000000000003638,0.001810632961652685,False
ECOAR240_rm,0.001466405428053344,-2.000000000010914,0.001466405428053344,False
ECOAR260_rm,0.00028162814918344557,-1.999999999992724,0.00028162814918344557,False
EGHLAT_c,0.0,138.00000000013642,0.0,False
EGHLAT_m,0.0,-2.0,0.0,False
EGHLAT_x,0.0,-2.0,0.0,False
ENO_c,0.47809455944778256,-2.0,0.47809455944778256,False
EPGALURS_e,0.0,0.0,0.0,False
EPISTt_c_e,0.0,2.0,0.0,False
EPISTt_c_rm,0.0,-2.0,0.0,False
EPISTt_l_rm,0.0,-2.0,0.0,False
ERGSTESTt_c_rm,0.0,-2.0,0.0,False
ERGSTESTt_l_rm,0.0,-2.0,0.0,False
ERGSTGLCT_c,0.0,-2.0,0.0,False
ERGSTt_c_e,0.0,2.0,0.0,False
ERGSTt_c_en,0.0,2.0,0.0,False
ERGSTt_c_l,0.0,2.0,0.0,False
ERGSTt_c_r,0.0,2.0,0.0,False
ERGSTt_c_rm,0.0,-2.0,0.0,False
ERGTETROLt_c_e,0.0,-2.0,0.0,False
ERGTETROLt_c_r,0.0,-2.0,0.0,False
ETACt_c_e,0.0,-2.0,0.0,False
ETFOXRq9_c,0.0,-2.0,0.0,False
ETFOXRq9_m,0.0,-2.0,0.0,True
ETHAK_c,0.0,-2.0,0.0,False
ETHAPT_rm,0.0,-2.0,0.0,False
ETHAt_c_e,0.0,-2.0,0.0,False
ETNO2OX_c,0.0,-2.0,0.0,False
ETOHt_c_e,0.0,-2.0,0.0,False
ETOHt_c_m,0.0,-2.0,0.0,False
EX_13BDglucan_e,0.0,13172.000000014297,0.0,False
EX_14dmlanost_e,0.0,108350.00000011636,0.0,False
EX_2mbac_e,-0.0,-2.0,0.0,False
EX_2mbald_e,0.0,15694.000000016935,0.0,False
EX_2mbtoh_e,0.0,16674.00000001799,0.0,False
EX_2phetoh_e,-0.0,-2.0,0.0,False
EX_3c3hmp_e,0.0,16590.000000017943,0.0,False
EX_3mbald_e,-0.0,-2.0,0.0,False
EX_3mop_e,0.0,15698.000000016935,0.0,False
EX_4abut_e,0.0,9946.000000010821,0.0,False
EX_4abz_e,-0.0,-2.0,0.0,False
EX_5aop_e,0.0,11008.000000011994,0.0,False
EX_5fthf_e,0.0,2920.000000003165,0.0,False
EX_8aonn_e,-0.0,-2.0,0.0,False
EX_Nfortyr2_e,0.0,2.0,0.0,False
EX_abt__D_e,0.0,11956.00000001297,0.0,False
EX_abt__L_e,0.0,970.000000001055,0.0,False
EX_ac_e,0.0,4062.000000004412,0.0,False
EX_acald_e,0.0,5032.000000005464,0.0,False
EX_ade_e,0.0,8784.00000000919,0.0,False
EX_adn_e,0.0,20456.000000021806,0.0,False
EX_akg_e,0.0,8966.000000009766,0.0,False
EX_ala__L_e,0.0,6518.000000007061,0.0,False
EX_alltn_e,-0.0,-2.0,0.0,False
EX_alltt_e,0.0,2.0,0.0,False
EX_amet_e,0.0,39296.00000004198,0.0,False
EX_arab__D_e,0.0,0.0,0.0,False
EX_arab__L_e,0.0,2.0,0.0,False
EX_arach_e,0.0,67572.00000007258,0.0,False
EX_arg__L_e,0.0,14142.000000015196,0.0,False
EX_asn__L_e,0.0,6618.0000000071705,0.0,False
EX_asp__L_e,0.0,6616.0000000071705,0.0,False
EX_btd_e,-0.0,-2.0,0.0,False
EX_btn_c,-9.824808972037171e-06,2.0,9.824808972037171e-06,True
EX_but_e,0.0,11242.000000012122,0.0,False
EX_ca2_e,-0.0001261505472009573,2.0,0.0001261505472009573,False
EX_caro_c,0.0,135554.00000014555,0.0,False
EX_cellb_e,0.0,26332.000000028595,0.0,False
EX_chol_e,0.0,18344.000000019605,0.0,False
EX_cit_e,0.0,10046.00000001093,0.0,False
EX_cl_e,-0.0,-2.0,0.0,False
EX_co2_e,4.14105908160591,-2.0,4.14105908160591,False
EX_cobalt2_e,-0.0,-2.0,0.0,False
EX_crn_e,-0.0,-2.0,0.0,False
EX_csn_e,0.0,8466.000000009,0.0,False
EX_cu2_e,-1.1200282228122376e-05,2.0,1.1200282228122376e-05,False
EX_cys__L_e,0.0,10928.000000011743,0.0,False
EX_cytd_e,0.0,19446.000000020915,0.0,False
EX_dad_2_e,-0.0,-2.0,0.0,False
EX_dann_e,-0.0,-2.0,0.0,False
EX_dca_e,0.0,27836.000000030253,0.0,False
EX_dcyt_e,0.0,20780.000000022323,0.0,False
EX_ddca_e,0.0,33364.00000003629,0.0,False
EX_dgsn_e,-0.0,-2.0,0.0,False
EX_din_e,-0.0,-2.0,0.0,False
EX_docosa_e,0.0,74642.00000008015,0.0,False
EX_dttp_e,0.0,24736.000000026546,0.0,False
EX_duri_e,0.0,20768.000000022323,0.0,False
EX_epist_e,0.0,118570.00000012721,0.0,False
EX_ergst_e,0.0,121524.00000013036,0.0,False
EX_ergtetrol_e,0.0,120542.00000012931,0.0,False
EX_etac_e,0.0,10068.000000010932,0.0,False
EX_etha_e,-0.0,-2.0,0.0,False
EX_etoh_e,0.0,6008.000000006519,0.0,False
EX_fald_e,0.0,0.0,0.0,False
EX_fe2_e,-7.496329245664361e-05,2.0,7.496329245664361e-05,False
EX_fe3_e,0.0,2.0,0.0,False
EX_fecost_e,-0.0,-2.0,0.0,False
EX_fmn_e,0.0,0.0,0.0,False
EX_fol_e,-9.824808971586896e-06,2.0,9.824808971586896e-06,True
EX_for_e,0.0,976.000000001055,0.0,False
EX_fru_e,0.0,13170.000000014297,0.0,False
EX_fum_e,0.0,6616.0000000071705,0.0,False
EX_g3pc_e,0.0,26938.00000002887,0.0,False
EX_g3pi_e,-0.0,-2.0,0.0,False
EX_gal_e,0.0,13168.000000014294,0.0,False
EX_galur_e,-0.0,-2.0,0.0,False
EX_gam6p_e,0.0,13884.000000015003,0.0,False
EX_gcald_e,0.0,29560.000000031585,0.0,False
EX_glc__D_e,-1.353245177,13172.000000014297,1.353245177,False
EX_gln__L_e,0.0,9948.000000010821,0.0,False
EX_glu__L_e,0.0,9946.000000010821,0.0,False
EX_glx_e,0.0,2128.000000002341,0.0,False
EX_gly_e,0.0,3356.00000000364,0.0,False
EX_glyc_e,0.0,7558.000000008207,0.0,False
EX_gsn_e,0.0,20166.000000021464,0.0,False
EX_gthox_e,0.0,1.0,0.0,False
EX_gthrd_e,-0.0,-2.0,0.0,False
EX_gua_e,0.0,8836.000000009197,0.0,False
EX_h2o_e,5.704143187076133,-2.0,5.704143187076133,False
EX_h_e,0.16732848306072567,-2.0,0.16732848306072567,False
EX_hco3_e,-0.0,-2.0,0.0,True
EX_hdca_e,0.0,53440.00000005744,0.0,False
EX_hdcea_e,0.0,42330.000000046275,0.0,False
EX_his__L_e,-0.0,-2.0,0.0,False
EX_hom__L_e,0.0,8912.000000009626,0.0,False
EX_hxa_e,-0.0,-2.0,0.0,False
EX_hxan_e,0.0,8776.00000000919,0.0,False
EX_hxca_e,0.0,88790.00000009529,0.0,False
EX_hxdcal_e,-0.0,-2.0,0.0,False
EX_iamac_e,0.0,5034.000000005467,0.0,False
EX_iamoh_e,0.0,970.000000001055,0.0,False
EX_ibtald_e,-0.0,-2.0,0.0,False
EX_ibutac_e,-0.0,-2.0,0.0,False
EX_ibutoh_e,0.0,974.000000001055,0.0,False
EX_id3acald_e,-0.0,-2.0,0.0,False
EX_ile__L_e,-0.0,-2.0,0.0,False
EX_ind3eth_e,-0.0,-2.0,0.0,False
EX_inost_e,-0.004410651491816648,2.0,0.004410651491816648,False
EX_ins_e,0.0,20106.000000021457,0.0,False
EX_k_e,-0.05919702850685671,2.0,0.05919702850685671,False
EX_lac__D_e,0.0,5676.000000006186,0.0,False
EX_lac__L_e,0.0,5676.000000006186,0.0,False
EX_lanost_e,0.0,105386.00000011321,0.0,False
EX_leu__L_e,-0.0,-2.0,0.0,False
EX_lys__L_e,0.0,15930.000000017279,0.0,False
EX_mal__L_e,0.0,6614.0000000071705,0.0,False
EX_malt_e,0.0,26344.000000028595,0.0,False
EX_man_e,0.0,13172.000000014297,0.0,False
EX_melib_e,-0.0,-2.0,0.0,False
EX_met__L_e,0.0,17808.00000001912,0.0,False
EX_mev__R_e,0.0,16198.000000017455,0.0,False
EX_mg2_e,-0.00623767296825668,2.0,0.00623767296825668,False
EX_mmet_e,-0.0,-2.0,0.0,False
EX_mn2_e,-9.235320433714941e-06,2.0,9.235320433714941e-06,False
EX_mobd_e,0.0,-2.0,0.0,False
EX_na1_e,0.0,2.0,0.0,False
EX_nac_e,-1.9649617944095255e-05,2.0,1.9649617944095255e-05,False
EX_nad_e,0.0,34552.000000036904,0.0,False
EX_nadp_e,0.0,34906.00000003726,0.0,False
EX_nh4_e,-0.5246008822106798,2.0,0.5246008822106798,False
EX_ni2_e,0.0,2.0,0.0,False
EX_nmn_e,0.0,13058.000000014039,0.0,False
EX_o2_e,-3.7948199769050195,2.0,3.7948199769050195,False
EX_oaa_e,0.0,5642.000000006115,0.0,False
EX_ocdca_e,0.0,60494.00000006502,0.0,False
EX_ocdcea_e,0.0,61494.000000066066,0.0,False
EX_octa_e,0.0,21950.000000023865,0.0,False
EX_orn_e,0.0,12402.00000001342,0.0,False
EX_pacald_e,0.0,0.0,0.0,False
EX_pap_e,0.0,20824.00000002216,0.0,False
EX_pectin_e,-0.0,-2.0,0.0,False
EX_phe__L_e,0.0,22720.00000002458,0.0,False
EX_pheac_e,0.0,2.0,0.0,False
EX_pi_e,-0.049509570364265176,2.0,0.049509570364265176,False
EX_pnto__R_e,-9.824808972024208e-06,2.0,9.824808972024208e-06,False
EX_ppa_e,0.0,6190.000000006694,0.0,False
EX_pro__L_e,0.0,12244.000000013284,0.0,False
EX_ptrc_e,0.0,12410.00000001342,0.0,False
EX_pydx5p_e,0.0,18638.00000002012,0.0,False
EX_pydxn_e,-0.0,-2.0,0.0,False
EX_pyr_e,0.0,5288.000000005763,0.0,False
EX_q9h2_e,0.0,186687.0000002003,0.0,False
EX_raffin_e,0.0,13168.000000014297,0.0,False
EX_rib__D_e,0.0,11326.000000012267,0.0,False
EX_ribflv_e,-0.0,-2.0,0.0,False
EX_sbt__D_e,0.0,14150.000000015352,0.0,False
EX_sbt__L_e,0.0,970.000000001055,0.0,False
EX_ser__L_e,0.0,5634.000000006115,0.0,False
EX_so3_e,-0.0,-2.0,0.0,False
EX_so4_e,-0.007152264435463606,2.0,0.007152264435463606,False
EX_spmd_e,0.0,25158.00000002709,0.0,False
EX_sprm_e,0.0,10495.000000011218,0.0,False
EX_srb__L_e,0.0,-2.0,0.0,False
EX_succ_e,0.0,7200.00000000782,0.0,False
EX_sucr_e,0.0,26342.000000028595,0.0,False
EX_tag_c,0.0,194991.51177420942,0.0,True
EX_taur_e,0.0,-2.0,0.0,False
EX_thm_e,-9.824808972037171e-06,2.0,9.824808972037171e-06,False
EX_thmmp_e,-0.0,-2.0,0.0,False
EX_thmpp_e,-0.0,-2.0,0.0,False
EX_thr__L_e,0.0,9252.000000009979,0.0,False
EX_thymd_e,0.0,24034.00000002584,0.0,False
EX_tre_e,0.0,26336.000000028595,0.0,False
EX_trp__L_e,-0.0,-2.0,0.0,False
EX_ttcosa_e,0.0,96070.62398497036,0.0,False
EX_ttdca_e,0.0,47082.00000005056,0.0,False
EX_tyr__L_e,-0.0,-2.0,0.0,False
EX_ura_e,0.0,7764.000000008295,0.0,False
EX_urea_e,0.0,12.0,0.0,False
EX_uri_e,0.0,19094.000000020562,0.0,False
EX_val__L_e,0.0,12812.00000001388,0.0,False
EX_xan_e,0.0,7796.0000000081345,0.0,False
EX_xtsn_e,-0.0,-2.0,0.0,False
EX_xyl__D_e,0.0,10980.000000011914,0.0,False
EX_xylt_e,0.0,11952.00000001297,0.0,False
EX_zn2_e,-0.0001545442451301447,2.0,0.0001545442451301447,False
EX_zymst_e,-0.0,-2.0,0.0,False
F1PP_c,0.0,342.0000000003547,0.0,False
FACOA120tabc_x,0.0,682.0000000006985,0.0,False
FACOA140tabc_x,0.0,-2.0,0.0,True
FACOA160tabc_x,0.0,-2.0,0.0,True
FACOA161tabc_x,0.0,-2.0,0.0,False
FACOA180tabc_x,0.0,-2.0,0.0,False
FACOA181tabc_x,0.0,-2.0,0.0,False
FACOA182tabc_x,0.0,-2.0,0.0,False
FACOA183tabc_x,0.0,-2.0,0.0,False
FACOA200tabc_x,0.0,-2.0,0.0,False
FACOA220tabc_x,0.0,-2.0,0.0,False
FACOA240tabc_x,0.0,-2.0,0.0,False
FACOA260tabc_x,0.0,-2.0,0.0,False
FACOAE100_x,0.0,-2.0,0.0,False
FACOAE120_c,0.0,686.0000000007021,0.0,True
FACOAE120_x,0.0,348.0000000003529,0.0,False
FACOAE140_c,0.0,-2.0,0.0,True
FACOAE140_x,0.0,348.00000000034925,0.0,False
FACOAE160_c,0.0,690.000000000713,0.0,True
FACOAE160_x,0.0,-2.0,0.0,False
FACOAE161_c,0.0,694.0000000007021,0.0,True
FACOAE161_x,0.0,-2.0,0.0,False
FACOAE180_c,0.0,690.0000000006985,0.0,True
FACOAE180_x,0.0,-2.0,0.0,False
FACOAE181_c,0.0,690.0611635655514,0.0,True
FACOAE181_x,0.0,-2.0,0.0,False
FACOAE182_c,0.0,694.0611635655514,0.0,True
FACOAE182_x,0.0,-2.0,0.0,True
FACOAE183_c,0.0,634.0783719346218,0.0,True
FACOAE183_x,0.0,-2.0,0.0,True
FACOAE40_x,0.0,-2.0,0.0,False
FACOAE60_x,0.0,16596.000000017993,0.0,False
FACOAE80_x,0.0,-2.0,0.0,False
FACOAL100_c,0.0,-2.0,0.0,False
FACOAL100_x,0.0,348.00000000034925,0.0,False
FACOAL120_c,0.0,-2.0,0.0,True
FACOAL120_l,0.0,4.0611635648492665,0.0,False
FACOAL120_rm,0.0,2.0,0.0,False
FACOAL120_x,0.0,-2.000000000003638,0.0,False
FACOAL140_l,0.0,688.0611635655514,0.0,False
FACOAL140_rm,0.0,686.0000000007058,0.0,False
FACOAL140_x,0.0,-2.0,0.0,False
FACOAL160_l,0.0,-2.0,0.0,False
FACOAL160_rm,2.79438724065408e-05,-2.0,2.79438724065408e-05,False
FACOAL160_x,0.0,348.00000000034925,0.0,False
FACOAL161_l,0.0,-1.9388364351470955,0.0,False
FACOAL161_rm,0.0,-2.0,0.0,False
FACOAL161_x,0.0,348.00000000034925,0.0,False
FACOAL180_l,0.0,-1.9388364351470955,0.0,False
FACOAL180_rm,1.858320834504943e-05,-2.0,1.858320834504943e-05,False
FACOAL180_x,0.0,348.00000000034925,0.0,False
FACOAL181_l,2.0192319961353814e-06,-2.0,2.0192319961353814e-06,False
FACOAL181_rm,3.2197711957940035e-05,-2.0,3.2197711957940035e-05,False
FACOAL181_x,0.0,348.00000000034925,0.0,False
FACOAL182_l,7.546649151398378e-06,-2.0,7.546649151398378e-06,True
FACOAL182_rm,3.6066221038601454e-05,-2.0,3.6066221038601454e-05,True
FACOAL182_x,0.0,348.00000000034925,0.0,False
FACOAL183_l,0.0,53.98279163092957,0.0,True
FACOAL183_rm,8.884322724914387e-06,-2.0,8.884322724914387e-06,True
FACOAL183_x,0.0,348.00000000034925,0.0,False
FACOAL200_en,0.0,-2.0,0.0,False
FACOAL200_l,0.0,-2.0,0.0,False
FACOAL200_rm,0.0,-1.999999999998181,0.0,False
FACOAL200_x,0.0,-2.0,0.0,False
FACOAL220_en,0.0,-2.0,0.0,False
FACOAL220_l,1.8278753785099343e-07,-2.0,1.8278753785099343e-07,True
FACOAL220_rm,3.7474572221694004e-06,-2.000000000014552,3.7474572221694004e-06,True
FACOAL220_x,0.0,-2.000000000007276,0.0,False
FACOAL240_en,0.0,-2.0,0.0,False
FACOAL240_l,0.0,14348.685148447461,0.0,False
FACOAL240_rm,0.0,14348.623984882608,0.0,False
FACOAL240_x,0.0,-2.0,0.0,False
FACOAL260_en,0.0,-2.0,0.0,False
FACOAL260_l,0.0,0.06116356485290453,0.0,False
FACOAL260_rm,0.0,-2.0,0.0,False
FACOAL260_x,0.0,-2.0,0.0,False
FACOAL40_c,0.0,-2.0,0.0,False
FACOAL40o_x,0.0,-2.000000000003638,0.0,False
FACOAL60_c,0.0,-2.0,0.0,False
FACOAL80_c,0.0,-2.0,0.0,False
FACOAL80_x,0.0,348.00000000034925,0.0,False
FADH2t_c_m,0.0,98.00000000011642,0.0,False
FADt_c_m,0.0,-2.0,0.0,False
FALDH_c,0.0,-2.0,0.0,False
FALPDt_c_en,0.0,-2.0,0.0,False
FALPDt_c_l,0.0,2.0,0.0,True
FALPDt_c_m,0.0,-2.0,0.0,False
FALPDt_c_mm,0.0,2.0,0.0,False
FALPDt_c_rm,-0.00026016478125286764,2.0,0.00026016478125286764,True
FBA2_c,0.0,-2.0,0.0,False
FBA3_c,0.0,-2.0,0.0,False
FBA_c,0.7782905073828114,-2.0,0.7782905073828114,False
FBP2_c,0.0,-2.0,0.0,False
FBP_c,0.0,342.0000000003547,0.0,False
FCLT_m,9.824808972037171e-06,-2.0,9.824808972037171e-06,False
FDH_c,2.5899459948182924,-2.0,2.5899459948182924,False
FE2t_c_e,7.496329245664361e-05,-2.0,7.496329245664361e-05,False
FE2t_c_m,9.824808972037171e-06,-2.0,9.824808972037171e-06,False
FE2t_c_rm,0.0,-2.0,0.0,False
FE3t_c_e,0.0,-2.0,0.0,False
FE3t_c_m,0.0,2.0,0.0,False
FE3t_c_rm,0.0,2.0,0.0,False
FECOOR_m,3.7012054820336977,-2.0,3.7012054820336977,False
FECOSTt_c_rm,0.0,-2.0,0.0,False
FECOSTt_l_rm,0.0,-2.0,0.0,False
FECPOR_m,0.0,-2.0,0.0,False
FECRq9_m,7.402410964067395,-1.9999999999936335,7.402410964067395,True
FER_c,0.0,986.000000001055,0.0,False
FKYNH_c,0.0,3248.000000003467,0.0,False
FMETTRS_m,0.0,-2.0,0.0,False
FMNAT_m,0.0,-1.999999999996362,0.0,False
FMNRx2_c,0.0,-2.0,0.0,False
FMNRx_c,0.0,-2.0,0.0,False
FOLD3_m,0.0,780.0000000008113,0.0,False
FOLR_c,9.824808971586896e-06,-2.0,9.824808971586896e-06,True
FOLR_m,0.0,-2.0,0.0,False
FOLt_c_e,9.824808971586896e-06,-2.0,9.824808971586896e-06,True
FORt_c_e,0.0,2.0,0.0,False
FORt_c_m,0.0,76.00000000011778,0.0,False
FRDPt_c_l,-0.002115674364038485,2.0,0.002115674364038485,True
FRDPt_c_m,9.824808972037171e-06,-2.0,9.824808972037171e-06,False
FRD_c,0.0,1.9999999999918145,0.0,False
FRMDAH_c,0.0,-2.0,0.0,False
FRMDH_c,0.0,-2.0,0.0,False
FRTT_c,0.0,-2.0,0.0,False
FRTT_l,0.002115674364038485,-1.999999999998181,0.002115674364038485,True
FRUK_c,0.0,-2.0,0.0,False
FRUtps_e,0.0,-2.0,0.0,False
FTHFCL_c,0.0,-2.0,0.0,False
FTHFL_c,-2.5827280024108057,2.0,2.5827280024108057,False
FTHFL_m,0.0,-1.9999999999997726,0.0,False
FUMACACH_c,0.0,2.0,0.0,False
FUMACACH_m,0.0,-2.0,0.0,False
FUM_c,0.03184554631342218,-2.0,0.03184554631342218,False
FUM_m,0.0,2.0,0.0,False
FUMt_c_e,0.0,-2.0,0.0,False
G00006t_c_r,0.0,2.0,0.0,False
G00011t_g_r,0.0,2.0,0.0,False
G13027t_g_r,-0.006521413451369114,2.0,0.006521413451369114,True
G3PAT_l,4.874334342692618e-06,-2.0,4.874334342692618e-06,False
G3PAT_rm,0.008657856232481923,-2.0,0.008657856232481923,False
G3PCt_c_e,0.0,2.0,0.0,False
G3PCt_c_en,0.0,2.0,0.0,False
G3PCt_c_rm,0.0,2.0,0.0,False
G3PD1i_m,0.0,6.000000000003638,0.0,False
G3PD1i_x,0.0,-2.0,0.0,False
G3PD1r_c,0.008662730566824615,-2.0,0.008662730566824615,False
G3PDf_m,0.0,394.00000000042314,0.0,False
G3PIt_c_e,0.0,-2.0,0.0,False
G3PIt_c_en,0.0,-2.0,0.0,False
G3PT_c,0.0,342.00000000034925,0.0,False
G5SADr_c,0.013420394311533615,-2.0,0.013420394311533615,False
G5SADr_m,0.0,-1.9999999999997726,0.0,False
G5SDy_c,0.013420394311533615,-2.0,0.013420394311533615,False
G6PDA_c,0.0,344.0000000003529,0.0,False
G6PDH2i_c,0.0,-2.0,0.0,False
G6PE_c,0.0,-2.0,0.0,False
GALKi_c,0.0,-2.0,0.0,False
GALOX_e,0.0,-2.0,0.0,False
GALT_c,0.0,-2.0,0.0,True
GALUi_c,0.17257139412057684,-1.999999999998181,0.17257139412057684,False
GALtps_e,0.0,-2.0,0.0,False
GAM6Pt_c,0.0,2.0,0.0,False
GAPD_c,1.841985889973302,-2.000000000010914,1.841985889973302,False
GARFT_c,0.009615147548573715,-2.0,0.009615147548573715,False
GBBOX_c,0.0,-2.000000000001819,0.0,False
GCALDt_c_e,0.0,-2.0,0.0,False
GCALDt_c_m,0.0,2.0,0.0,False
GDPMANNt_c_g,0.026085653805476457,-2.0,0.026085653805476457,False
GDPMANt_c_g,0.0,-2.0,0.0,False
GDPt_c_g,0.026085653805476457,-2.0,0.026085653805476457,False
GDPt_c_n,0.0,2.0,0.0,False
GENERIC_ca2metal2_c,0.0,2.0,0.0,False
GENERIC_ca2metal2_e,0.0,2.0,0.0,False
GENERIC_cobalt2metal2_c,0.0,-2.0,0.0,False
GENERIC_cobalt2metal2_e,0.0,-2.0,0.0,False
GENERIC_cu2metal2_c,0.0,2.0,0.0,False
GENERIC_cu2metal2_e,0.0,2.0,0.0,False
GENERIC_fe2feCATION_c,0.0,-2.0,0.0,False
GENERIC_fe2feCATION_e,0.0,-2.0,0.0,False
GENERIC_fe2feCATION_m,0.0,-2.0,0.0,False
GENERIC_fe2metal2_c,0.0,2.0,0.0,False
GENERIC_fe2metal2_e,0.0,2.0,0.0,False
GENERIC_fe2metal2_m,0.0,-2.0,0.0,False
GENERIC_fe3feCATION_c,0.0,-2.0,0.0,False
GENERIC_fe3feCATION_e,0.0,-2.0,0.0,False
GENERIC_hCATION1_c,0.0,-2.0,0.0,False
GENERIC_hCATION1_e,0.0,-2.0,0.0,False
GENERIC_hCATION1_en,0.0,-2.0,0.0,False
GENERIC_hCATION1_g,0.0,-2.0,0.0,False
GENERIC_hCATION1_gm,0.0,-2.0,0.0,False
GENERIC_hCATION1_l,0.0,-2.0,0.0,False
GENERIC_hCATION1_m,0.0,-2.0,0.0,False
GENERIC_hCATION1_mm,0.0,-2.0,0.0,False
GENERIC_hCATION1_n,0.0,-2.0,0.0,False
GENERIC_hCATION1_r,0.0,-2.0,0.0,False
GENERIC_hCATION1_rm,0.0,-2.0,0.0,False
GENERIC_hCATION1_v,0.0,-2.0,0.0,False
GENERIC_hCATION1_vm,0.0,-2.0,0.0,False
GENERIC_hCATION1_x,0.0,-2.0,0.0,False
GENERIC_hemeAheme_c,0.0,46334.0000000498,0.0,False
GENERIC_hemeAheme_m,0.0,53710.00000005767,0.0,False
GENERIC_hemeOheme_m,0.0,51706.000000055545,0.0,False
GENERIC_kCATION1_c,0.0,8.0,0.0,False
GENERIC_kCATION1_e,0.0,2.0,0.0,False
GENERIC_kCATION1_m,0.0,6.0,0.0,False
GENERIC_mg2metal2_c,0.0,2.0,0.0,False
GENERIC_mg2metal2_e,0.0,2.0,0.0,False
GENERIC_mg2mg2ormn2_c,0.0,-2.0,0.0,False
GENERIC_mg2mg2ormn2_e,0.0,-2.0,0.0,False
GENERIC_mn2metal2_c,0.0,2.0,0.0,False
GENERIC_mn2metal2_e,0.0,2.0,0.0,False
GENERIC_mn2mg2ormn2_c,0.0,-2.0,0.0,False
GENERIC_mn2mg2ormn2_e,0.0,-2.0,0.0,False
GENERIC_na1CATION1_c,0.0,0.0,0.0,False
GENERIC_na1CATION1_e,0.0,2.0,0.0,False
GENERIC_ni2metal2_c,0.0,2.0,0.0,False
GENERIC_ni2metal2_e,0.0,2.0,0.0,False
GENERIC_phemeheme_m,0.0,-2.0,0.0,False
GENERIC_shemeheme_c,0.0,-2.0,0.0,False
GENERIC_zn2metal2_c,0.0,2.0,0.0,False
GENERIC_zn2metal2_e,0.0,2.0,0.0,False
GF6PTA_c,0.009779811346945243,-1.9999999999990905,0.009779811346945243,False
GGTT_c,0.0,-2.0,0.0,False
GGTT_l,0.002115674364038485,-2.0,0.002115674364038485,True
GHMT2r_c,2.627967121307268,-1.9999999999936335,2.627967121307268,False
GHMT2r_m,-1.2950008507425816,1.9999999999997726,1.2950008507425816,False
GHMT3_m,0.0,-2.0,0.0,False
GK1_c,0.005797914518668297,-2.0,0.005797914518668297,False
GK2_c,0.0,0.0,0.0,False
GLCDx_c,0.0,-2.0,0.0,False
GLCGSD_c,0.0,342.0000000003529,0.0,False
GLCGSD_v,0.0,-2.0,0.0,False
GLCNtps_e,0.0,-2.0,0.0,False
GLCP_c,0.0,-2.0,0.0,False
GLCt_c_e,1.353245177,-2.0,1.353245177,False
GLCt_c_r,0.0,2.0,0.0,False
GLCt_c_v,0.0,2.0,0.0,False
GLCtps_e,0.0,-2.0,0.0,False
GLNS_c,0.11115474477075718,-1.9999999999990905,0.11115474477075718,False
GLNTRS_c,0.024614486910003605,-2.0,0.024614486910003605,False
GLNt_c_n,0.0,2.0,0.0,False
GLNtpa_v,0.0,-2.0,0.0,False
GLNtps_v,0.0,6.0,0.0,False
GLU5K_c,0.013420394311533615,-1.9999999999990905,0.013420394311533615,False
GLUCYS_c,0.0,-2.0,0.0,False
GLUDC_c,0.0,-2.0,0.0,False
GLUDxi_c,0.0,2.0000000000009095,0.0,False
GLUDy_c,1.7272371318377049,-2.0000000000009095,1.7272371318377049,False
GLUN_c,0.0,342.0000000003529,0.0,False
GLUN_e,0.0,-2.0,0.0,False
GLUPRT_c,0.009615147548573715,-2.0,0.009615147548573715,False
GLUR_c,0.0,-2.0,0.0,False
GLUSx_c,0.0,340.0000000003538,0.0,False
GLUTCOADH_m,0.0,-1.9999999999984084,0.0,False
GLUTRS_c,0.024614486910003605,-2.0,0.024614486910003605,False
GLUTRS_m,0.0,-2.0,0.0,False
GLUt_c_m,0.12315574893010073,-2.0,0.12315574893010073,False
GLUt_c_n,0.0,-2.0,0.0,False
GLUtps_e,0.0,-2.0,0.0,False
GLUtps_v,0.0,-9950.000000010821,0.0,False
GLXt_c_e,0.0,2.0,0.0,False
GLXt_c_x,0.0,-2.0,0.0,False
GLYAT_c,0.0,-688.0000000007058,0.0,False
GLYC3Pt_c_l,4.874334342692618e-06,-2.0,4.874334342692618e-06,False
GLYC3Pt_c_m,0.0,-2.0,0.0,False
GLYC3Pt_c_rm,0.008657856232481923,-2.0,0.008657856232481923,False
GLYC3Pt_c_x,0.0,2.0,0.0,False
GLYC3Pt_m_mm,0.0,2.0,0.0,False
GLYCDy_c,0.0,2.0000000000013642,0.0,False
GLYCK_c,0.0,-2.0,0.0,False
GLYCL_m,1.2950008507425816,-1.9999999999984084,1.2950008507425816,False
GLYCOGENt_c_v,0.0,348.0000000003529,0.0,False
GLYCt_c_l,0.0,2.0,0.0,False
GLYCt_c_m,0.0,-2.0,0.0,True
GLYCtps_e,0.0,-2.0,0.0,False
GLYGS_c,0.0,348.00000000034925,0.0,False
GLYK_c,0.0,-1.999999999998181,0.0,False
GLYOX_c,0.0,-2.0,0.0,False
GLYOX_m,0.0,-2.0,0.0,False
GLYTRS_c,0.028271673801754726,-2.0,0.028271673801754726,False
GLYt_c_m,2.59008029995694,-2.0,2.59008029995694,False
GLYtps_e,0.0,-2.0,0.0,False
GMAND_c,0.0,-2.0,0.0,False
GMPS2_c,0.005797914518668297,-2.000000000003638,0.005797914518668297,False
GND_c,0.0,248.00000000027467,0.0,False
GNK_c,0.0,342.0000000003547,0.0,True
GPIA10a_r,0.002318458421221332,-2.000000000014552,0.002318458421221332,True
GPIA1_c,0.002318458421221332,-1.999999999985448,0.002318458421221332,True
GPIA2_c,0.002318458421221332,-2.0,0.002318458421221332,True
GPIA3_c_r,0.002318458421221332,-2.000000000007276,0.002318458421221332,True
GPIA4_r,0.002318458421221332,-2.0,0.002318458421221332,True
GPIA5_r,0.002318458421221332,-2.0,0.002318458421221332,True
GPIA6_r,0.002318458421221332,-2.0,0.002318458421221332,True
GPIA7_r,0.002318458421221332,-2.0,0.002318458421221332,True
GPIA8a_r,0.002318458421221332,-2.0,0.002318458421221332,True
GPIA8b_r,0.0,-2.0,0.0,False
GPIA9a_r,0.002318458421221332,-2.0,0.002318458421221332,True
GRTT_c,0.0164239366623751,-2.0,0.0164239366623751,False
GSNK_c,0.0,-2.0,0.0,False
GSNt_c_e,0.0,-2.0,0.0,False
GSNt_c_m,0.0,-2.0,0.0,False
GTHOXt_c,0.0,-2.0,0.0,False
GTHO_c,0.0,977.000000001055,0.0,False
GTHO_m,0.0,792.0000000008436,0.0,False
GTHP_c,0.0,2.0,0.0,True
GTHP_m,0.0,2.0,0.0,False
GTHRDt_c_e,0.0,-2.0,0.0,True
GTHRDt_c_v,0.0,-2.0,0.0,False
GTHRDtabc_v,0.0,338.0000000003529,0.0,False
GTHS_c,0.0,24934.000000026914,0.0,False
GTMLT_c,0.0,-2.0,0.0,False
GTPCII2_c,1.9649617944074343e-05,-2.0,1.9649617944074343e-05,True
GTPCI_c,0.0,-2.0,0.0,False
GTPDPDP_c,0.0,-2.0,0.0,False
GTPGDPtp_m,0.0,104.00000000010573,0.0,False
GUAD_1_c,0.0,1026.0000000010623,0.0,False
GUAPRT_c,0.0,340.00000000034925,0.0,False
GUAt_c_m,0.0,-2.0,0.0,False
GUAtps_e,0.0,2.0,0.0,False
H2O2t_c_n,0.0,2.0,0.0,False
H2Ot_c_e,-5.704143187076133,2.0,5.704143187076133,False
H2Ot_c_en,0.0,2.0,0.0,False
H2Ot_c_g,0.0,-2.0,0.0,False
H2Ot_c_gm,0.0,2.0,0.0,False
H2Ot_c_l,0.0,-2.0,0.0,False
H2Ot_c_m,-28.690804518963997,2.0,28.690804518963997,False
H2Ot_c_mm,0.0,-2.0,0.0,False
H2Ot_c_n,0.0,-2.0,0.0,False
H2Ot_c_r,-0.0074308468938657345,2.0,0.0074308468938657345,False
H2Ot_c_rm,-0.04858101505317889,2.0,0.04858101505317889,False
H2Ot_c_v,0.0,-2.0,0.0,False
H2Ot_c_vm,0.0,-2.0,0.0,False
H2Ot_c_x,0.0,-2.0,0.0,False
HACD100i_m,0.0,-2.0,0.0,False
HACD100i_x,0.0,-2.0,0.0,False
HACD101ei_x,0.0,-2.0,0.0,False
HACD120i_m,0.0,-2.000000000007276,0.0,False
HACD120i_x,0.0,-2.0,0.0,False
HACD121ai_m,0.0,-2.0,0.0,False
HACD121ai_x,0.0,-2.0,0.0,False
HACD121di_x,0.0,-2.0,0.0,False
HACD122ei_x,0.0,-2.0,0.0,False
HACD140i_m,0.0,-2.0,0.0,False
HACD140i_x,0.0,-2.0,0.0,False
HACD141ai_m,0.0,-2.0,0.0,False
HACD141ai_x,0.0,-2.0,0.0,False
HACD141bi_m,0.0,-1.9999999999984084,0.0,False
HACD141bi_x,0.0,-2.0,0.0,False
HACD142i_x,0.0,-2.0,0.0,False
HACD143i_x,0.0,-2.0,0.0,False
HACD160i_m,0.0,-2.0000000000015916,0.0,False
HACD160i_x,0.0,-2.0,0.0,False
HACD161ai_m,0.0,-2.0,0.0,False
HACD161ai_x,0.0,-2.0,0.0,False
HACD161bi_m,0.0,-2.0000000000015916,0.0,False
HACD161bi_x,0.0,-2.0,0.0,False
HACD162i_x,0.0,-2.0,0.0,False
HACD163i_x,0.0,-2.0,0.0,False
HACD180i_m,0.0,-2.0,0.0,False
HACD180i_x,0.0,-2.0,0.0,False
HACD181ai_m,0.0,-2.0,0.0,False
HACD181ai_x,0.0,-2.0,0.0,False
HACD182i_x,0.0,-2.0,0.0,False
HACD183i_x,0.0,-2.0,0.0,False
HACD200i_x,0.0,1718.0000000016994,0.0,False
HACD220i_x,0.0,-2.0,0.0,False
HACD240i_x,0.0,1722.000000001714,0.0,False
HACD260i_x,0.0,-2.0,0.0,False
HACD40i_m,0.0,-2.0,0.0,False
HACD40i_x,0.0,1486.0000000014338,0.0,False
HACD40y_c,0.0,-2.0,0.0,False
HACD60i_m,0.0,-2.0,0.0,False
HACD60i_x,0.0,-2.0,0.0,False
HACD80i_m,0.0,-2.0,0.0,False
HACD80i_x,0.0,-2.0,0.0,False
HACDm40_c,0.0,-2.0,0.0,False
HACNH_m,0.02089373350420341,-2.0,0.02089373350420341,False
HCITR_m,0.02089373350420341,-2.0,0.02089373350420341,False
HCITS_m,0.02089373350420341,-2.0,0.02089373350420341,False
HCITS_n,0.0,-1.999999999998181,0.0,False
HCO3E_c,0.4829009601799782,-2.0,0.4829009601799782,False
HCO3E_e,0.0,0.0,0.0,True
HCO3E_m,0.0,2.0,0.0,False
HCO3E_n,0.0,2.000000000003638,0.0,False
HCO3t_c_n,0.0,-2.0,0.0,False
HCYSMT_c,0.0,1030.000000001055,0.0,False
HDCAt_c_e,0.0,-2.0,0.0,False
HDCAt_c_en,0.0,2.0,0.0,False
HDCAt_c_l,0.0,-1.9388364351543714,0.0,False
HDCAt_c_mm,0.0,2.0,0.0,False
HDCAt_c_rm,1.0765811529029763e-05,-2.0,1.0765811529029763e-05,False
HDCEAt_c_e,0.0,-2.0,0.0,False
HDCEAt_c_en,0.0,2.0,0.0,False
HDCEAt_c_l,0.0,-2.0,0.0,False
HDCEAt_c_rm,0.0,-2.0,0.0,False
HDCOAt_c_l,0.0,2.0,0.0,False
HDCOAt_c_mm,0.0,-2.0,0.0,False
HDCOAt_c_rm,0.0,2.0,0.0,False
HEMEAt_c_m,9.824808972037171e-06,-2.0,9.824808972037171e-06,False
HEMEOS_m,9.824808972037171e-06,-2.0,9.824808972037171e-06,False
HETZK_c,0.0,-2.0,0.0,False
HEX1_c,1.353245177,-2.0,1.353245177,False
HEX4_c,0.0,-2.0,0.0,True
HEX7_c,0.0,-2.0,0.0,False
HEX7b_c,0.0,-2.0,0.0,False
HGENDO_c,0.0,-2.0,0.0,False
HIBH_m,0.0,-2.0000000000015916,0.0,False
HIBTD_c,0.0,-2.0,0.0,False
HICITD_m,0.02089373350420341,-2.0,0.02089373350420341,False
HISTD_c,0.006137754661011062,-2.0,0.006137754661011062,False
HISTP_c,0.006137754661011062,-2.0,0.006137754661011062,False
HISTRS_c,0.006137754661011062,-2.0,0.006137754661011062,False
HISTRS_m,0.0,-2.0,0.0,False
HISt_c_m,0.0,14468.00000001544,0.0,False
HIStpa_v,0.0,-2.0,0.0,False
HKYNH_c,0.0,-2.0,0.0,False
HLYSMT_m,0.0,-2.0,0.0,False
HMGCOAR_c,0.08100692544770258,-2.0,0.08100692544770258,False
HMGCOAS_c,0.08100692544770258,-2.0,0.08100692544770258,False
HMGCOAS_m,0.0,-1216.000000001135,0.0,False
HMGCOAt_c_m,0.0,-2.0,0.0,False
HMPK1_c,0.0,-1.999999999998181,0.0,False
HOMOX_m,9.824808972037171e-06,-2.0,9.824808972037171e-06,False
HOMt_c_e,0.0,-2.0,0.0,False
HPPK2_m,0.0,-2.0,0.0,False
HPRORy_c,0.0,-2.0,0.0,False
HQLOR_c,0.0,-2.0,0.0,False
HSDx_c,0.04008001345715648,-1.999999999996362,0.04008001345715648,False
HSDy_c,0.0,-1.999999999992724,0.0,False
HSERTA_c,0.004090362719328222,-2.0,0.004090362719328222,False
HSK_c,0.035989650737828255,-2.0,0.035989650737828255,False
HSTPT_c,0.006137754661011062,-2.0,0.006137754661011062,False
HXAND_c,0.0,2.0,0.0,True
HXANt_c_e,0.0,-2.0,0.0,False
HXAt_c_e,0.0,-2.0,0.0,False
HXAt_c_x,0.0,-2.0,0.0,False
HXCAt_c_e,0.0,2.0,0.0,False
HXCAt_c_rm,0.0,-2.0,0.0,False
HXCAt_en_rm,0.0,-2.0,0.0,False
HXCAt_l_rm,0.0,-2.0,0.0,False
HXCAt_r_rm,0.0,-2.0,0.0,False
HXCCOAt_c_en,0.0,-2.0,0.0,False
HXCCOAt_c_l,0.0,-2.0,0.0,False
HXCCOAt_c_r,0.00028162814918344557,-2.0,0.00028162814918344557,False
HXCCOAt_c_rm,-0.00028162814918344557,2.0,0.00028162814918344557,False
HYPOE_c,0.0,342.0000000003529,0.0,False
Ht_c_e,0.0,4.0,0.0,False
Ht_c_en,0.0,-2.0,0.0,False
Ht_c_g,-0.026085653805476457,2.0,0.026085653805476457,False
Ht_c_gm,0.0,-2.0,0.0,False
Ht_c_l,0.0,-2.0,0.0,False
Ht_c_m,0.0,100.00000000010596,0.0,False
Ht_c_n,0.0,2.000000000003638,0.0,False
Ht_c_r,-0.006609198119534266,2.0,0.006609198119534266,False
Ht_c_rm,0.012525197215139615,-2.0,0.012525197215139615,False
Ht_c_v,0.0,2.0,0.0,False
Ht_c_vm,0.0,2.0,0.0,False
Ht_c_x,0.0,2.0,0.0,False
Ht_m_mm,0.02103530900149047,-2.0,0.02103530900149047,False
IAMACt_c_e,0.0,-2.0,0.0,False
IAMOHt_c_e,0.0,2.0,0.0,False
IAMOHt_c_m,0.0,-2.0,0.0,False
IBTALDt_c_e,0.0,2.0,0.0,False
IBTALDt_c_m,0.0,2.0,0.0,False
IBUTACt_c_e,0.0,5038.000000005467,0.0,False
IBUTOHt_c_e,0.0,2.0,0.0,False
IBUTOHt_c_m,0.0,-2.0,0.0,False
ICDHx_m,0.09590693599042498,-2.0,0.09590693599042498,False
ICDHyi_m,0.0,-2.0,0.0,False
ICL_1_c,0.0,718.0000000007694,0.0,False
ICOSCOAt_c_en,0.0,-2.0,0.0,False
ICOSCOAt_c_rm,0.0,-2.0,0.0,False
ID3ACALDt_c_e,0.0,2.0,0.0,False
ID3ACALDt_c_m,0.0,2.0,0.0,False
IG3PS_c,0.006137754661011062,-2.0,0.006137754661011062,False
IGPDH_c,0.006137754661011062,-2.0,0.006137754661011062,False
IGPS_c,0.002067139807716621,-2.0,0.002067139807716621,False
ILETA_c,0.0,2.0,0.0,False
ILETA_m,-0.018731194801368308,2.0,0.018731194801368308,False
ILETRS_c,0.018731194801368308,-2.0,0.018731194801368308,False
ILETRS_m,0.0,-1.999999999998181,0.0,False
ILEt_c_m,0.018731194801368308,-2.0,0.018731194801368308,False
ILEt_c_v,0.0,2.0,0.0,False
ILEtpa_v,0.0,0.0,0.0,False
ILEtps_v,0.0,4.0,0.0,False
IMPC_c,0.01575290220958478,-2.0,0.01575290220958478,False
IMPD_c,0.005797914518668297,-2.0,0.005797914518668297,False
IND3ACt_c_m,0.0,-2.0,0.0,False
IND3ETHt_c_e,0.0,-2.0,0.0,False
IND3ETHt_c_m,0.0,2.0,0.0,False
INDPYRD_c,0.0,26548.00000002864,0.0,False
INO3GALT_c,0.0,-2.0,0.0,False
INOSHP3H_v,0.0,-2.0,0.0,False
INOSHPt_c_n,0.0,-2.0,0.0,False
INOSTt_c_rm,0.004410651491816648,-2.0,0.004410651491816648,False
INOSTtps_e,0.004410651491816648,-2.0,0.004410651491816648,False
INSK_c,0.0,4.000000000003638,0.0,False
INSt_c_e,0.0,-2.0,0.0,False
IPCS_g,0.0005632562983668911,-2.0,0.0005632562983668911,False
IPCt_g_r,0.0,-2.0,0.0,False
IPDDI_c,0.0164239366623751,-2.0,0.0164239366623751,False
IPDPt_c_l,-0.03173511546057728,2.0,0.03173511546057728,True
IPDPt_c_m,0.0,2.0,0.0,False
IPK2_n,0.0,-2.0,0.0,False
IPK3_n,0.0,-2.0,0.0,False
IPK4_n,0.0,-2.0,0.0,False
IPK5_n,0.0,-2.0,0.0,False
IPMD_c,0.025473175214159656,-2.0,0.025473175214159656,False
IPPMIa_c,-0.025473175214159656,2.0,0.025473175214159656,False
IPPMIb_c,-0.025473175214159656,2.0,0.025473175214159656,False
IPPS_c,0.025473175214159656,-2.0,0.025473175214159656,True
IPPYP1_c,0.0,-2.0,0.0,False
IPPYP2_c,0.0,-2.0,0.0,False
IPPYP3_c,0.0,2.0,0.0,False
IPPYP4_c,0.0,-2.0,0.0,False
IPT_g,0.0,-2.0,0.0,False
ITCOAL_m,0.0,2.0000000000015916,0.0,False
KARA1i_m,0.04878381172548421,-2.0,0.04878381172548421,False
KARA2i_m,0.018731194801368308,-2.0,0.018731194801368308,False
KYN3OX_c,0.0,-2.0,0.0,False
KYNAT2_c,0.0,-2.0,0.0,False
KYN_c,0.0,-2.0,0.0,False
Kt_c_e,0.2804653830416083,-2.0,0.2804653830416083,True
Kt_c_m,0.0,-2.0,0.0,False
Ktps_e,-0.22126835453475158,2.0,0.22126835453475158,False
LACDtps_c,0.0,-2.0,0.0,False
LACLtps_c,0.0,-2.0,0.0,False
LACPYRt_c_m,0.0,1.8189894035458565e-12,0.0,False
LACt_c_m,0.0,-2.0,0.0,False
LACtps_m,0.0,-2.0,0.0,False
LALDO3_c,0.0,-2.0,0.0,False
LANOSTt_c_e,0.0,-2.0,0.0,False
LANOSTt_c_rm,0.0,-2.0,0.0,False
LANOSTt_l_rm,0.0,-2.0,0.0,False
LCADi_c,0.0,-2.0,0.0,False
LCYSTAT_c,0.0,-2.0,0.0,False
LDH_L_x,0.0,-2.0,0.0,False
LEUTA_c,-0.025473175214159656,2.0,0.025473175214159656,False
LEUTA_m,0.0,2.0,0.0,False
LEUTRS_c,0.025473175214159656,-2.0,0.025473175214159656,False
LEUt_c_v,0.0,-2.0,0.0,False
LEUtpa_v,0.0,4.0,0.0,False
LEUtps_v,0.0,0.0,0.0,False
LGTHL_c,0.0,-2.0,0.0,False
LINOCOAt_c_l,-4.079398652079142e-06,2.0,4.079398652079142e-06,True
LINOCOAt_c_rm,4.079398652079142e-06,-2.0,4.079398652079142e-06,True
LINOEAt_c_l,7.546649151398378e-06,-2.0,7.546649151398378e-06,True
LINOLENt_c_l,0.0,-2.0,0.0,True
LINOLNCOAt_c_l,8.541003608640654e-07,-2.0,8.541003608640654e-07,True
LINOLNCOAt_c_rm,-8.541003608640654e-07,2.0,8.541003608640654e-07,True
LIPOCT_m,0.0,-2.0,0.0,False
LLFC2O_c,0.0,-2.0,0.0,True
LNS14DMy_c,0.007149218744682289,-2.0,0.007149218744682289,False
LNSTLS_c,0.007149218744682289,-2.0,0.007149218744682289,False
LPAP_vm,0.0,-2.0,0.0,False
LPCAT_mm,0.0,-2.0,0.0,False
LPIAT_rm,0.0,-2.0,0.0,False
LSERDHi_c,0.0,-2.0,0.0,False
LTA4H2_c,0.0,-2.0,0.0,False
LTA4H2_n,0.0,-2.0,0.0,False
LTA4H3_c,0.0,2.0,0.0,False
LTA4H3_n,0.0,-2.0,0.0,False
LTA4H_c,0.0,2.0,0.0,False
LTA4H_n,0.0,-2.0,0.0,False
LYSN6MOX_c,0.0,-2.0000000000009095,0.0,False
LYSTRS_c,0.02089373350420341,-2.0000000000009095,0.02089373350420341,False
LYSt_c_m,0.0,-2.0,0.0,False
LYStpa_v,0.0,-2.0,0.0,False
LYStps_e,0.0,-2.0,0.0,False
M1PS_c,0.0,12458.000000013602,0.0,False
MACACI_c,0.0,-2.0,0.0,False
MAGL_l,0.0,-2.0,0.0,False
MAGL_m,0.0,286.00000000033674,0.0,True
MALCOAt_c_rm,0.005369299500542157,-2.0,0.005369299500542157,False
MALOAAta_x,0.0,-2.0,0.0,False
MALS_c,0.0,264.0000000002856,0.0,False
MALT_c,0.0,-2.0,0.0,False
MALTtps_e,0.0,-2.0,0.0,False
MALt2_m,0.0,238.00000000024215,0.0,False
MALt_c_e,0.0,-2.0,0.0,False
MAN1PT_c,0.052459272761923324,-2.0,0.052459272761923324,False
MAN6PI_c,-0.052459272761923324,2.0,0.052459272761923324,False
MANNAN14H_c,0.0,-2.0,0.0,False
MANNANH_c,0.0,-2.0,0.0,True
MANNANH_e,0.0,-2.0,0.0,False
MANNANt_c_r,0.0,2.0,0.0,False
MANt_c_g,0.0,-2.0,0.0,False
MANtps_e,0.0,-2.0,0.0,False
MASCBRx_c,0.0,-2.0,0.0,False
MCCC_m,0.0,18.00000000010209,0.0,False
MCITL2_m,0.0,-2.0,0.0,False
MCITS_m,0.0,-1.999999999996362,0.0,False
MCOATA_c,0.1690104548891913,-2.0,0.1690104548891913,True
MCOATA_m,0.0,2.0,0.0,False
MDH_c,-5.911727035079817,2.000000000001819,5.911727035079817,False
MDH_m,5.832780666817819,-2.0000000000027285,5.832780666817819,False
MDLDH_x,0.0,-2.0,0.0,False
MDRPD_c,9.824808972037171e-06,-2.0,9.824808972037171e-06,True
ME1_m,0.03099167216566319,-2.0,0.03099167216566319,False
ME2_c,0.0,346.00000000035106,0.0,True
ME2_m,0.07980024240975696,-2.0,0.07980024240975696,False
MERLACOR_c,0.0,-2.0,0.0,False
METAT_c,0.01577657999920757,-1.999999999998181,0.01577657999920757,False
METB1_c,0.0,342.00000000034925,0.0,False
METS_c,0.01939220794900697,-2.0,0.01939220794900697,False
METTRS_c,0.003625452758771437,-2.0,0.003625452758771437,False
METTRS_m,0.0,-2.0,0.0,False
METt_c_m,0.0,-2.0,0.0,False
METtps_e,0.0,2.0,0.0,False
MEVK1_c,0.08100692544770258,-2.0,0.08100692544770258,False
MEVK2_c,0.0,0.0,0.0,False
MEVK3_c,0.0,1.8189894035458565e-12,0.0,False
MEVK4_c,0.0,0.0,0.0,False
MEVt_c_e,0.0,-2.0,0.0,False
MG2t_c_e,0.00623767296825668,-2.0,0.00623767296825668,True
MGCH_m,0.0,-2.0,0.0,False
MGSA_c,0.0,1258.000000001316,0.0,False
MHPGLUT_c,0.0,-2.0,0.0,False
MI13456Pt_c_n,0.0,2.0,0.0,False
MI134PPH_c,0.0,-2.0,0.0,False
MI1PP_c,0.0,1050.0000000010477,0.0,False
MI1Pt_c_r,0.0,-2.0,0.0,False
MIP2Ct_g_r,0.0,2.0,0.0,False
MIPCS_g,0.0,-2.0,0.0,False
MIPCt_g_r,0.0,-2.0,0.0,False
MN2t_c_e,9.235320433714941e-06,-2.0,9.235320433714941e-06,True
MOBDt_c_e,0.0,-2.0,0.0,False
MPYRCNST_c,0.0,-2.0,0.0,False
MTAP_c,9.824808972037171e-06,-2.0,9.824808972037171e-06,True
MTHFC_c,2.608096052168964,-2.0,2.608096052168964,False
MTHFC_m,0.0,-2.0,0.0,False
MTHFD2i_c,0.11485348011789065,-2.0,0.11485348011789065,False
MTHFD_c,2.4932425720510736,-2.0,2.4932425720510736,False
MTHFD_m,0.0,2.0,0.0,False
MTHFR3_c,0.01939220794900697,-1.999999999998181,0.01939220794900697,False
MTMOHT_m,0.0,-2.0,0.0,False
MTRI_c,9.824808972037171e-06,-2.0,9.824808972037171e-06,True
MUCOCI_c,0.0,-2.0,0.0,False
MUCOCI_e,0.0,-2.0,0.0,False
NACt_c_e,1.9649617944095255e-05,-2.0,1.9649617944095255e-05,False
NADDP_x,0.0,-2.0,0.0,False
NADHK1_c,9.82480897215865e-06,-2.000000000001819,9.82480897215865e-06,False
NADHK1_m,0.0,-1.999999999998181,0.0,False
NADHcplxI_c_m,7.392433477563933,-2.0,7.392433477563933,True
NADHq9_c,0.0,286.0000000003056,0.0,False
NADHt_c_rm,0.021786642825969326,-2.0,0.021786642825969326,False
NADK_c,0.0,-2.000000000005457,0.0,False
NADK_m,0.0,-1.999999999998181,0.0,False
NADN_n,0.0,-2.0,0.0,False
NADPHt_c_l,0.0,1.4551915228366852e-11,0.0,False
NADPHt_c_r,0.007994103192232625,-2.0,0.007994103192232625,False
NADPHt_c_rm,0.010738599001084318,-2.0,0.010738599001084318,False
NADPHt_c_x,0.0,-2.0,0.0,False
NADPt_c_e,0.0,-2.0,0.0,False
NADPt_c_l,0.0,2.0,0.0,False
NADPt_c_r,-0.007994103192232625,2.0,0.007994103192232625,False
NADPt_c_rm,-0.010738599001084318,2.0,0.010738599001084318,False
NADPt_c_x,0.0,2.0,0.0,False
NADS2_c,1.9649617944095255e-05,-2.000000000007276,1.9649617944095255e-05,False
NADS2_n,0.0,-2.000000000001819,0.0,False
NADt1_m,0.0,-2.0,0.0,False
NADt2_m,0.0,1.999999999998181,0.0,False
NADt3_m,0.0,-2.0,0.0,False
NADt_c_e,0.0,-2.0,0.0,False
NADt_c_m,0.0,-2.0,0.0,False
NADt_c_rm,-0.021786642825969326,2.0,0.021786642825969326,False
NAMNPP_c,1.9649617944095255e-05,-2.0,1.9649617944095255e-05,False
NAMNPP_m,0.0,-2.0,0.0,False
NAtpa_c,0.0,-2.0,0.0,False
NCAMt_c_n,0.0,-2.0,0.0,False
NDP10_c,0.0,-2.0,0.0,False
NDP1_c,0.0,342.0000000003529,0.0,False
NDP3_c,0.0,342.0000000003529,0.0,False
NDP3_g,0.0,-2.0,0.0,False
NDP4_c,0.0,338.0000000003529,0.0,False
NDP5_c,0.0,342.0000000003529,0.0,False
NDP7_c,0.0,342.0000000003529,0.0,False
NDP7_g,0.0,-2.0,0.0,False
NDPDA1_c,0.0,690.0000000007058,0.0,True
NDPDA2_c,0.0,-2.0,0.0,False
NDPK10_c,0.0,-2.0,0.0,False
NDPK1_c,0.06746480175300523,-1.999999999998181,0.06746480175300523,False
NDPK2_c,0.19184983078168763,-2.0,0.19184983078168763,False
NDPK3_c,0.021199678055592638,-2.0,0.021199678055592638,False
NDPK4_c,0.00047886118929709175,-2.0,0.00047886118929709175,False
NDPK5_c,0.0007473732185028677,-2.0,0.0007473732185028677,False
NDPK6_c,0.00047886118929709175,-2.0,0.00047886118929709175,False
NDPK7_c,0.0007473732185028677,-2.0,0.0007473732185028677,False
NDPK8_c,0.00047886118929709175,-2.0,0.00047886118929709175,False
NDPK9_c,0.0,342.0000000003529,0.0,False
NFORTYR2t_c_e,0.0,-2.0,0.0,False
NFTYROX_c,0.0,-2.0,0.0,False
NGLYCANS10_r,0.0,2.0,0.0,False
NGLYCANS11_r,0.0,-2.0,0.0,False
NGLYCANS12_r,0.0,2.0,0.0,False
NGLYCANS13_r,0.0,2.0,0.0,False
NGLYCANS14_r,0.0,-2.0,0.0,False
NGLYCANS15_r,0.0,-2.0,0.0,False
NGLYCANS16_r,0.0,-2.000000000003638,0.0,False
NGLYCANS17_r,0.0,-2.000000000003638,0.0,False
NGLYCANS18_r,0.0,-2.000000000003638,0.0,False
NGLYCANS19_g,0.0,1.999999999996362,0.0,False
NGLYCANS1_c,0.002115674364038485,-2.0,0.002115674364038485,True
NGLYCANS2_c,0.002115674364038485,-2.0,0.002115674364038485,True
NGLYCANS3_c,0.002115674364038485,-2.000000000007276,0.002115674364038485,True
NGLYCANS4_c,0.002115674364038485,-2.000000000007276,0.002115674364038485,True
NGLYCANS5_c,0.002115674364038485,-2.000000000007276,0.002115674364038485,True
NGLYCANS6_c,0.002115674364038485,-2.000000000007276,0.002115674364038485,True
NGLYCANS7_c,0.002115674364038485,-2.000000000007276,0.002115674364038485,True
NGLYCANS8_r,0.0,2.0,0.0,False
NGLYCANS9_r,0.0,-2.0,0.0,False
NH4t_c_e,0.5246008822106798,-2.0,0.5246008822106798,False
NH4t_c_m,-1.3132769603923653,2.0,1.3132769603923653,False
NI2t_c_e,0.0,-2.0,0.0,False
NITROPP_c,0.0,-2.0,0.0,False
NITRx_c,0.0,-2.0,0.0,False
NITRy_c,0.0,-2.0,0.0,False
NMNt_c_e,0.0,-2.0,0.0,False
NMNt_c_n,0.0,-2.0,0.0,False
NMNt_c_x,0.0,2.0,0.0,False
NNAM_c,0.0,-2.0,0.0,False
NNATi_c,1.9649617944095255e-05,-2.0,1.9649617944095255e-05,False
NNDPR_c,0.0,17792.00000001917,0.0,False
NNDPR_m,0.0,-2.0,0.0,False
NNMT_c,0.0,-2.0,0.0,False
NO3t_c_e,0.0,-2.0,0.0,False
NOX_c,0.0,-2.0,0.0,False
NTD10pp_c,0.0,19468.00000002075,0.0,False
NTD1pp_c,0.0,-2.0,0.0,False
NTD2pp_c,0.0,-2.0,0.0,False
NTD3pp_c,0.0,-2.0,0.0,False
NTD4pp_c,0.0,344.0000000003529,0.0,False
NTD5_c,0.0,-2.0,0.0,False
NTD6pp_c,0.0,21790.000000023214,0.0,False
NTD7pp_c,0.0,342.0000000003529,0.0,False
NTD8_c,0.0,21496.000000022872,0.0,False
NTP10_c,0.0,-2.0,0.0,False
NTP3_c,0.0,342.0000000003529,0.0,False
NTP4_c,0.0,342.0000000003529,0.0,False
NTP5_c,0.0,342.0000000003529,0.0,False
NTP7_c,0.0,342.0000000003529,0.0,False
NTPDA2_c,0.0,-2.0,0.0,False
O2t_c_e,3.7948199769050195,-2.0,3.7948199769050195,False
O2t_c_m,3.7012398688650996,-2.0,3.7012398688650996,False
O2t_c_r,0.0074308468938657345,-2.0,0.0074308468938657345,False
O2t_c_rm,0.021786642825969326,-2.0,0.021786642825969326,False
O2t_c_x,0.0,-2.0,0.0,False
OAADC_c,0.0,344.0000000003529,0.0,False
OAAt_c_e,0.0,-2.0,0.0,False
OAAtps_m,0.0,244.00000000024193,0.0,False
OAR1_c,0.0,2.0,0.0,False
OAR2_c,0.0,-2.000000000003638,0.0,False
OAR3_m,0.0,-2.0,0.0,False
OCBT_c,0.012275411073932404,-2.0,0.012275411073932404,False
OCDCAt_c_e,0.0,-2.0,0.0,False
OCDCAt_c_en,0.0,2.0,0.0,False
OCDCAt_c_l,0.0,-2.0,0.0,False
OCDCAt_c_mm,0.0,2.0,0.0,False
OCDCAt_c_rm,7.144080037206983e-06,-2.0,7.144080037206983e-06,False
OCDCEAt_c_e,0.0,-2.0,0.0,False
OCDCEAt_c_en,0.0,-2.0,0.0,False
OCDCEAt_c_l,2.0192319961353814e-06,-2.0,2.0192319961353814e-06,False
OCDCEAt_c_rm,1.1193729835755947e-05,-2.0,1.1193729835755947e-05,False
OCOAT1_m,0.0,-2.0,0.0,False
OCTAt_c_e,0.0,-2.0,0.0,False
OCTAt_c_x,0.0,-2.0,0.0,False
ODECOAt_c_l,0.0,-2.0,0.0,False
ODECOAt_c_mm,0.0,-2.0,0.0,False
ODECOAt_c_rm,0.0,-1.9388364351470955,0.0,False
OGLYCANS1_r,0.006521413451369114,-2.0,0.006521413451369114,True
OGLYCANS2_g,0.006521413451369114,-2.0,0.006521413451369114,True
OGLYCANS3_g,0.006521413451369114,-2.0,0.006521413451369114,True
OGLYCANS4_g,0.006521413451369114,-2.0,0.006521413451369114,True
OGLYCANS5_g,0.006521413451369114,-2.0,0.006521413451369114,True
OGLYCANS_B3GAT1_r,0.0,-2.0,0.0,False
OMCDC_c,0.025473175214159656,-2.0,0.025473175214159656,False
OMCDC_m,0.0,-2.0,0.0,False
OMPDC_c,0.009977486503462666,-2.0,0.009977486503462666,False
OPAH_c,0.0,2.0,0.0,False
ORNCD_m,0.0,56.00000000003092,0.0,True
ORNDC_c,9.824808972037171e-06,-2.0,9.824808972037171e-06,False
ORNN5MOX_c,0.0,-2.0,0.0,False
ORNTACi_m,0.01228523588290444,-2.0,0.01228523588290444,False
ORNTA_c,0.0,156.00000000013642,0.0,False
ORNtpa_m,0.01228523588290444,-2.0,0.01228523588290444,False
ORNtps_e,0.0,-2.0,0.0,False
ORPT_c,-0.009977486503462666,2.0,0.009977486503462666,False
P5CD2_m,0.0,-1.9999999999990905,0.0,False
P5CR_c,0.013420394311533615,-2.0,0.013420394311533615,False
PACALDt_c_e,0.0,2.0,0.0,False
PACALDt_c_m,0.0,2.0,0.0,False
PACCOAE_c,0.0,-2.0,0.0,False
PACCOAE_x,0.0,-2.0,0.0,True
PACCOAL_x,0.0,348.00000000034925,0.0,True
PACt_c_x,0.0,2.0,0.0,False
PADAH_c,0.0,2.0,0.0,False
PAFH_c,0.0,-2.0,0.0,False
PAIL35Pt_c_vm,0.0,2.0,0.0,False
PAIL35Pt_en_vm,0.0,-2.0,0.0,False
PAIL3K_vm,0.0,344.00000000034925,0.0,False
PAIL3Pt_gm_vm,0.0,2.0,0.0,False
PAIL3Pt_rm_vm,0.0,-2.0,0.0,False
PAIL45Pt_c_en,0.0,-2.0,0.0,False
PAIL45Pt_c_n,0.0,2.0,0.0,False
PAIL45Pt_en_rm,0.0,-2.0,0.0,False
PAIL4K_en,0.0,-2.0,0.0,False
PAIL4K_gm,0.0,336.00000000034925,0.0,False
PAIL4K_n,0.0,356.00000000034925,0.0,False
PAIL4K_vm,0.0,-2.0,0.0,False
PAIL4Pt_c_en,0.0,2.0,0.0,False
PAIL4Pt_en_rm,0.0,-2.0,0.0,False
PAILS_rm,0.004410651491816648,-2.0,0.004410651491816648,False
PAILt_c_rm,-0.0038473951934497566,2.0,0.0038473951934497566,False
PAILt_en_rm,0.0,-2.0,0.0,False
PAILt_gm_rm,-0.0005632562983668911,2.0,0.0005632562983668911,False
PAILt_n_rm,0.0,-2.0,0.0,False
PAILt_rm_vm,0.0,-2.0,0.0,False
PAN4Pt_c_m,0.0,-2.0,0.0,False
PAPSR_c,0.004090362719328222,-2.000000000001819,0.004090362719328222,False
PAP_rm,0.0,342.00000000034925,0.0,False
PAP_vm,0.0,-2.0,0.0,False
PAPt_c,0.0,-2.0,0.0,False
PAPt_c_m,0.0,-2.0,0.0,False
PAt_en_rm,0.0,-2.0,0.0,False
PAt_gm_rm,0.0,2.0,0.0,False
PAt_l_rm,4.874334342692618e-06,-2.0,4.874334342692618e-06,False
PAt_mm_rm,0.0,-2.0,0.0,True
PAt_rm_vm,0.0,-2.0,0.0,False
PBAL_c,0.0,-2.0,0.0,False
PCLAD_c,0.0,-2.0,0.0,False
PCOATA140_c,0.0,-2.0,0.0,True
PCOATA160_c,0.005999260322065727,-2.0,0.005999260322065727,True
PCOATA180_c,0.0158769540793414,-2.0,0.0158769540793414,True
PC_c,0.28626830821284965,-2.0,0.28626830821284965,False
PCt_c_rm,-0.002869237212193736,2.0,0.002869237212193736,False
PCt_en_rm,0.0,-2.0,0.0,False
PCt_l_rm,0.0,2.0,0.0,False
PCt_mm_rm,0.0,2.0,0.0,False
PDAGATpc_rm,-0.0003615700993019293,2.0,0.0003615700993019293,False
PDAGATpe_rm,0.0,-2.0,0.0,False
PDE1_c,0.0,686.0000000007058,0.0,True
PDE2_c,0.0,-2.0,0.0,False
PDE3_c,0.0,-2.0,0.0,False
PDE4_c,0.0,-2.0,0.0,False
PDE5_c,0.0,-2.0,0.0,False
PDH_m,0.11680066948940723,-1.9999999999936335,0.11680066948940723,False
PDMEMT_rm,0.002869237212193736,-2.0,0.002869237212193736,False
PDX5POi_c,0.0,-2.0,0.0,False
PEMT_rm,0.002869237212193736,-2.0,0.002869237212193736,False
PENDPt_c_m,0.0,-2.0,0.0,False
PEt_c_r,0.006955375263663996,-2.0,0.006955375263663996,True
PEt_c_rm,-0.007648417288551498,2.0,0.007648417288551498,False
PEt_en_rm,0.0,2.0,0.0,False
PEt_gm_rm,0.0,2.0,0.0,False
PEt_l_rm,0.0,-2.0,0.0,False
PEt_mm_rm,0.010517654500745235,-2.0,0.010517654500745235,False
PEt_rm_vm,0.0,-2.0,0.0,False
PEtabc_m,0.0,-2.0,0.0,False
PFK_c,0.7782905073828114,-2.0000000000009095,0.7782905073828114,False
PGAMT_c,0.0,2.0,0.0,False
PGCD_c,1.3638913305255194,-1.999999999998181,1.3638913305255194,False
PGCPH_c,0.0,-2.0,0.0,True
PGI_c,1.1806737828794232,-2.0,1.1806737828794232,False
PGK_c,1.841985889973302,-2.0,1.841985889973302,False
PGLYCP_c,0.0,-2.0,0.0,False
PGL_c,0.0,-2.0,0.0,False
PGMT_c,0.17257139412057684,-2.0,0.17257139412057684,False
PGM_c,0.47809455944778256,-2.0,0.47809455944778256,False
PGPP_mm,0.0,-1.9999999999947704,0.0,False
PGPS_mm,0.0,-2.0,0.0,False
PGS_x,0.0,-2.0,0.0,False
PGt_c_m,0.0,-2.0,0.0,False
PHACRDC1_c,0.0,-2.0,0.0,False
PHACRDC2_c,0.0,2.0,0.0,False
PHACRDC3_c,0.0,-2.0,0.0,False
PHACRDC4_c,0.0,2.0,0.0,False
PHCD_m,0.0,1.9999999999984084,0.0,False
PHCHGS_m,0.0,-4.092726157978177e-12,0.0,False
PHEACt_c_e,0.0,-2.0,0.0,False
PHEN2MOXy_c,0.0,-2.0,0.0,False
PHETA1_c,-0.01195748025559728,2.0,0.01195748025559728,False
PHETA1_m,0.0,-2.0,0.0,False
PHETRS_c,0.01195748025559728,-2.0,0.01195748025559728,False
PHETRS_m,0.0,-2.0,0.0,False
PHEt_c_m,0.0,-2.0,0.0,False
PHEtps_e,0.0,-2.0,0.0,False
PHYTOED1_c,0.0,-2.0,0.0,False
PHYTOED2_c,0.0,-2.0,0.0,False
PHYTOED3_c,0.0,-2.0,0.0,False
PHYTOED4_c,0.0,-2.0,0.0,False
PHYTOED5_c,0.0,-2.0,0.0,False
PHYTOES_c,0.0,-2.0,0.0,False
PI35P5P_c,0.0,-2.0,0.0,False
PI35P5P_en,0.0,-2.0,0.0,False
PI35P5P_vm,0.0,348.00000000034925,0.0,False
PI3P5K_vm,0.0,-2.0,0.0,False
PI3PP_c,0.0,354.00000000034925,0.0,False
PI3PP_en,0.0,346.00000000034925,0.0,False
PI3PP_gm,0.0,4.0,0.0,False
PI3PP_rm,0.0,-2.0,0.0,False
PI45P5P_c,0.0,-2.0,0.0,False
PI45P5P_en,0.0,-2.0,0.0,False
PI4P5K_en,0.0,336.00000000034925,0.0,False
PI4P5K_n,0.0,-2.0,0.0,False
PI4PP_c,0.0,338.00000000034925,0.0,False
PI4PP_en,0.0,336.00000000034925,0.0,False
PI4PP_gm,0.0,-2.0,0.0,False
PI4PP_rm,0.0,336.00000000034925,0.0,False
PIt_c_en,0.0,-2.0,0.0,False
PIt_c_gm,0.0,2.0,0.0,False
PIt_c_rm,0.0,-2.0,0.0,False
PIt_c_v,0.0,-2.0,0.0,False
PIt_c_vm,0.0,-2.0,0.0,False
PIt_m_mm,0.0,2.0,0.0,False
PIt_r_rm,0.0,346.00000000034925,0.0,False
PItps_e,0.049509570364265176,-2.0,0.049509570364265176,False
PItps_m,22.620345708673973,-2.0,22.620345708673973,False
PKETF_c,0.0,-4.0,0.0,False
PKETX_c,0.472211273279353,-2.0,0.472211273279353,True
PLAA1lpc_en,0.0,-2.0,0.0,False
PLAA1lpc_mm,0.0,-2.000000000003638,0.0,False
PLAA1lpc_rm,0.0,8.0,0.0,False
PLAA1lpe_en,0.0,-2.0,0.0,False
PLAA1lpe_mm,0.0,-2.0,0.0,False
PLAA2pc_en,0.0,-2.0,0.0,False
PLAA2pc_mm,0.0,-2.000000000003638,0.0,False
PLAA2pc_rm,0.0003615700993019293,-2.0,0.0003615700993019293,True
PLAA2pe_en,0.0,-2.0,0.0,False
PLAA2pe_mm,0.0,-2.0,0.0,False
PLACipc_m,0.0,-2.0,0.0,False
PLACipc_r,0.0,-2.0,0.0,False
PLACmip2c_m,0.0,-2.0,0.0,False
PLACmip2c_r,0.0,-2.0,0.0,False
PLACmipc_m,0.0,-2.0,0.0,False
PLACmipc_r,0.0,-2.0,0.0,False
PLACpail45p_c,0.0,-2.0,0.0,False
PLACpail45p_n,0.0,-2.0,0.0,False
PLACpail_c,0.0,-2.0,0.0,True
PLACpg_mm,0.0,-2.0,0.0,True
PLADpc_en,0.0,682.0000000006985,0.0,False
PMANM_c,-0.052459272761923324,2.0,0.052459272761923324,False
PMDPHT_c,1.9649617944074343e-05,-2.0,1.9649617944074343e-05,False
PMEMT_rm,0.002869237212193736,-2.0,0.002869237212193736,False
PMEVK_c,0.08100692544770258,-2.0,0.08100692544770258,False
PMI12346PS_c,0.0,338.0000000003529,0.0,False
PMI1346PS_c,0.0,-2.0,0.0,False
PMPK_c,0.0,-2.0,0.0,False
PMTCOAt_c_l,1.651424475304441e-06,-2.0,1.651424475304441e-06,False
PMTCOAt_c_r,0.002881714719588223,-2.0,0.002881714719588223,False
PMTCOAt_c_rm,0.0031158941780021995,-2.0,0.0031158941780021995,False
PNP_c,0.0,1374.0000000014188,0.0,False
PNTK_c,9.824808972024208e-06,-2.0,9.824808972024208e-06,False
PNTOtps_e,9.824808972024208e-06,-2.0,9.824808972024208e-06,False
POLYAO1_c,0.0,27401.000000029537,0.0,False
POLYAO2_c,0.0,-2.0,0.0,False
POLYAO3_c,0.0,-2.0,0.0,False
PPA_c,1.2527395057645678,-2.0,1.2527395057645678,False
PPAt_c_e,0.0,2.0,0.0,False
PPAt_c_m,0.0,-2.0,0.0,False
PPBNGD_c,9.824808972037171e-06,-2.0,9.824808972037171e-06,False
PPBNGS_1_c,3.9299235888148686e-05,-2.0,3.9299235888148686e-05,False
PPCDC_c,9.824808972024208e-06,-2.0,9.824808972024208e-06,False
PPCK_c,0.0,346.0000000003529,0.0,False
PPGPPDP_c,0.0,-2.0,0.0,False
PPIt_c_l,-0.031744864129262654,2.0,0.031744864129262654,False
PPIt_c_m,-9.824808972037171e-06,2.0,9.824808972037171e-06,False
PPIt_c_rm,-0.015427401309669264,2.0,0.015427401309669264,False
PPIt_c_x,0.0,-2.0,0.0,False
PPIt_m_mm,0.0,-2.0,0.0,False
PPM_c,0.0,2.0,0.0,False
PPNCL2_c,9.824808972024208e-06,-2.0,9.824808972024208e-06,False
PPND2_c,0.0062331535561295425,-2.0,0.0062331535561295425,False
PPNDH_c,0.01195748025559728,-2.0,0.01195748025559728,False
PPPG9t_c_m,9.824808972037171e-06,-2.0,9.824808972037171e-06,False
PPPGO_m,4.912404486018586e-06,-2.0,4.912404486018586e-06,False
PPTT_l,0.002115674364038485,-2.000000000007276,0.002115674364038485,True
PPTT_m,0.0,-2.0,0.0,False
PRAGSi_c,0.009615147548573715,-1.9999999999990905,0.009615147548573715,False
PRAIS_c,0.009615147548573715,-2.0,0.009615147548573715,False
PRAIi_c,0.002067139807716621,-2.0,0.002067139807716621,False
PRAMPC_c,0.006137754661011062,-2.0,0.006137754661011062,False
PRASCSi_c,0.009615147548573715,-2.0,0.009615147548573715,False
PRATPP_c,0.006137754661011062,-2.0,0.006137754661011062,False
PREN9DPt_c_l,0.0,-2.0,0.0,False
PREN9DPt_c_m,0.0,-2.0,0.0,False
PRENT10_l,0.0021156743640384852,-2.0,0.0021156743640384852,True
PRENT11_l,0.0021156743640384852,-2.0,0.0021156743640384852,True
PRENT12_l,0.0021156743640384852,-2.0,0.0021156743640384852,True
PRENT13_l,0.0021156743640384852,-2.0,0.0021156743640384852,True
PRENT14_l,0.0018805994347008757,-2.0,0.0018805994347008757,True
PRENT15_l,0.0016455245053632662,-2.0,0.0016455245053632662,True
PRENT16_l,0.0014104495760256567,-2.0,0.0014104495760256567,True
PRENT17_l,0.0011753746466880472,-2.0,0.0011753746466880472,True
PRENT18_l,0.0009402997173504376,-2.0,0.0009402997173504376,True
PRENT19_l,0.0007052247880128282,-2.0,0.0007052247880128282,True
PRENT20_l,0.0004701498586752188,-2.0,0.0004701498586752188,True
PRENT21_l,0.0002350749293376094,-2.0,0.0002350749293376094,True
PRENT6_l,0.002115674364038485,-2.0,0.002115674364038485,True
PRENT7_l,0.002115674364038485,-2.0,0.002115674364038485,True
PRENT8_l,0.002115674364038485,-2.0,0.002115674364038485,True
PRENT9_l,0.0021156743640384852,-2.0,0.0021156743640384852,True
PRFGS_c,0.009615147548573715,-1.9999999999563443,0.009615147548573715,False
PRMICI_c,0.006137754661011062,-2.0,0.006137754661011062,False
PROD2_m,0.0,816.0000000008795,0.0,False
PROTRS_c,0.013420394311533615,-2.0,0.013420394311533615,False
PROt_c_m,0.0,2.0,0.0,False
PROtps_e,0.0,-2.0,0.0,False
PRPPS_c,0.027827002947680198,-1.999999999998181,0.027827002947680198,False
PRPPt_c_m,0.0,-2.0,0.0,False
PSCIT_c,0.020257773619443444,-2.0,0.020257773619443444,False
PSD_gm,0.0,190.00000000020373,0.0,False
PSD_mm,0.010517654500745235,-2.0,0.010517654500745235,False
PSD_vm,0.0,178.00000000020373,0.0,False
PSERT_c,1.3638913305255194,-2.000000000001819,1.3638913305255194,False
PSPHPL_r,0.0,-2.0,0.0,False
PSPHS_r,0.00028162814918344557,-2.0,0.00028162814918344557,False
PSP_L_c,1.3638913305255194,-2.0,1.3638913305255194,False
PSSA_rm,0.0108893270241574,-1.999999999998181,0.0108893270241574,False
PSt_c_m,0.0,2.0,0.0,False
PSt_c_rm,-0.0003716725234121662,2.0,0.0003716725234121662,False
PSt_en_rm,0.0,2.0,0.0,False
PSt_gm_rm,0.0,-2.0,0.0,False
PSt_mm_rm,-0.010517654500745235,2.0,0.010517654500745235,False
PSt_rm_vm,0.0,2.0,0.0,False
PTPAT_c,9.824808972024208e-06,-2.0,9.824808972024208e-06,False
PTRCAT1_c,0.0,-2.0,0.0,False
PTRCtpa_e,0.0,-2.0,0.0,False
PTRCtpa_v,0.0,-2.0,0.0,False
PUNP3_c,0.0,2.0,0.0,False
PUNP3_m,0.0,2.0,0.0,False
PUNP5_c,0.0,2.0,0.0,False
PYAM5PO_c,0.0,5.0,0.0,False
PYDAMK_c,0.0,-2.0,0.0,False
PYDX5PS_c,9.824808972037171e-06,-1.9999999999995453,9.824808972037171e-06,True
PYDX5Pt_c_e,0.0,-2.0,0.0,False
PYDXK_c,0.0,-2.0,0.0,False
PYDXNK_c,0.0,979.000000001055,0.0,False
PYDXNOR_c,0.0,-2.0,0.0,True
PYDXNO_c,0.0,979.000000001055,0.0,False
PYDXO_c,0.0,-2.0,0.0,False
PYK_c,0.43757901220889567,-2.0,0.43757901220889567,False
PYNP2r_c,0.0,2.0,0.0,False
PYRDC2_c,0.0,11302.000000012282,0.0,False
PYRDC_c,0.0,258.0000000002983,0.0,False
PYRtps_e,0.0,-2.0,0.0,False
PYRtps_m,0.15337784380376335,-2.0000000000009095,0.15337784380376335,False
Q9H2t_c_e,0.0,-2.0,0.0,False
Q9H2t_c_m,0.0,-2.0,0.0,False
Q9MO_m,0.0,-2.0,0.0,False
Q9MT1_m,0.0,-2.0,0.0,False
Q9MT2_m,0.0,-2.0,0.0,False
Q9OR_m,0.0,-2.0,0.0,False
QUILSYN_c,0.0,-2.0,0.0,False
QUINDH_c,0.0,2.0,0.0,False
QUINt_c_e,0.0,-2.0,0.0,False
QULNt_c_m,0.0,-2.0,0.0,False
RADHx_m,0.0,-1.9999999999995453,0.0,False
RAFH_e,0.0,-2.0,0.0,False
RBFK_c,9.824808972037171e-06,-2.0,9.824808972037171e-06,False
RBFK_m,0.0,-2.0,0.0,False
RBFSa_c,3.9299235888148686e-05,-2.0,3.9299235888148686e-05,False
RBFSb_c,1.9649617944074343e-05,-2.000000000003638,1.9649617944074343e-05,False
RBK_D_c,0.0,-2.0,0.0,False
RBK_c,0.0,346.0000000003529,0.0,False
RDH_c,0.0,2.0,0.0,False
RHMND2_c,0.0,2.0,0.0,False
RIBFLVt_c_m,0.0,-2.0,0.0,False
RIBt_c_e,0.0,-2.0,0.0,False
RLFC2O_c,0.0,-2.0,0.0,False
RLFC2O_m,0.0,198.0000000002101,0.0,False
RNDR1_c,0.00047886118929709175,-2.0,0.00047886118929709175,False
RNDR1_n,0.0,-2.0,0.0,False
RNDR2_c,0.0007473732185028677,-2.0,0.0007473732185028677,False
RNDR2_n,0.0,-2.0,0.0,False
RNDR3_c,0.0007473732185028677,-2.0,0.0007473732185028677,False
RNDR3_n,0.0,2.0,0.0,False
RNDR4_c,0.00047886118929709175,-2.0,0.00047886118929709175,False
RNDR4_n,0.0,6.0,0.0,False
RNMK_c,0.0,-2.0,0.0,False
RPE_c,0.1320670818916096,-2.0,0.1320670818916096,False
RPI_c,-0.13210638112749773,2.0,0.13210638112749773,False
SACCD1_c,0.02089373350420341,-2.0,0.02089373350420341,False
SACCD2_c,0.02089373350420341,-2.0,0.02089373350420341,False
SADT_c,0.004090362719328222,-2.0,0.004090362719328222,True
SALCMOX_x,0.0,-2.0,0.0,False
SAM24MT_c,0.007149218744682289,-2.0,0.007149218744682289,False
SBPP1_r,0.0,-2.0,0.0,False
SBPP2_r,0.0,-2.0,0.0,False
SBP_c,0.0,340.0000000003529,0.0,False
SBTD_D2_c,0.0,-2.0,0.0,False
SBTD_L_c,0.0,-2.0,0.0,False
SBTDt_c,0.0,2.0,0.0,False
SBTLt_c,0.0,-2.0,0.0,False
SDPDS_c,0.0,-2.0,0.0,False
SERAT_c,0.0,342.00000000034925,0.0,False
SERD_L_c,0.0,342.0000000003529,0.0,False
SERPT_r,0.0005632562983668911,-1.999999999998181,0.0005632562983668911,False
SERTRS_c,0.01695025167900713,-2.0,0.01695025167900713,False
SERt_c_m,-1.2950008507425816,2.0,1.2950008507425816,False
SERt_c_r,0.0005632562983668911,-2.0,0.0005632562983668911,False
SERt_c_rm,0.0108893270241574,-2.0,0.0108893270241574,False
SERtps_e,0.0,-2.0,0.0,False
SFGTHi_c,0.0,-2.0,0.0,False
SHCHD2_c,0.0,-2.0,0.0,False
SHCHF_c,0.0,-2.0,0.0,False
SHK3Di_c,0.020257773619443444,-2.0,0.020257773619443444,False
SHKK_c,0.020257773619443444,-2.0,0.020257773619443444,False
SHSL1_c,0.0,2.0,0.0,False
SLCBK1_r,0.0,-2.0,0.0,False
SO3R_c,0.004090362719328222,-2.0,0.004090362719328222,False
SO3t_c_e,0.0,2012.0000000021173,0.0,True
SO4t_c_e,0.007152264435463606,-2.0,0.007152264435463606,False
SPHGAT181_c,0.0,-2.0,0.0,False
SPHGLpK_r,0.0,-1.999999999992724,0.0,False
SPHINGSt_c_e,0.0,2.0,0.0,False
SPHPL_r,0.0,-2.0,0.0,False
SPMDAT_c,0.0,-2.0,0.0,False
SPMDtpa_e,0.0,2.0,0.0,False
SPMDtpa_v,0.0,-2.0,0.0,False
SPMS_c,9.824808972037171e-06,-1.999999999998181,9.824808972037171e-06,False
SPRMAT_c,0.0,-2.0000000000009095,0.0,False
SPRMS_c,0.0,27401.00000002954,0.0,False
SPRMtpa_e,0.0,-2.0,0.0,False
SPRMtpa_v,0.0,2.0,0.0,False
SQLEx_r,0.0,-2.0,0.0,False
SQLEy_r,0.007149218744682289,-2.000000000014552,0.007149218744682289,False
SQLS_c,0.007149218744682289,-2.0,0.007149218744682289,False
SQLt_c_r,0.007149218744682289,-2.0,0.007149218744682289,False
SRBt_c_e,0.0,-2.0,0.0,False
SSALy_c,0.0,796.0000000008913,0.0,False
SSQ23EPXt_c_r,0.007149218744682289,-2.0,0.007149218744682289,False
STATg_rm,0.0,-2.0,0.0,False
STCOAt_c_l,1.0997083197236883e-06,-2.0,1.0997083197236883e-06,False
STCOAt_c_rm,0.015875854371021677,-2.0,0.015875854371021677,False
STEHz161_en,0.0,-2.0,0.0,False
STEHz161_rm,0.0,4.0,0.0,False
STEHz181_en,0.0,-2.0,0.0,False
STEHz181_rm,0.0,0.0,0.0,False
SUCCt2_m,0.0,230.00000000024193,0.0,False
SUCCt_c_e,0.0,-2.0,0.0,False
SUCDq9_m,0.009977486503462666,-2.0,0.009977486503462666,True
SUCFUMt_c_m,0.009977486503462666,-2.0,0.009977486503462666,False
SUCOAS_m,0.0,438.0000000005314,0.0,False
SUCR_e,0.0,-2.0,0.0,False
SULFOX2_c,0.0,2015.0000000021173,0.0,False
TAGL_l,0.0,-1.0,0.0,False
TAGL_m,0.0,-2.0,0.0,True
TAGt_c_m,0.0,2.0,0.0,True
TAGt_c_rm,-0.0008813836128814547,2.0,0.0008813836128814547,False
TAGt_l_rm,0.0,-1.0,0.0,False
TALA_c,-0.15994320888414998,2.0,0.15994320888414998,False
TAUDO_c,0.0,-2.0,0.0,False
TAURt_c_e,0.0,2.0,0.0,False
TCHOLAtabc_v,0.0,-2.0,0.0,False
TDCOAt_c_l,0.0,-2.0,0.0,True
TDCOAt_c_rm,0.0,-2.0,0.0,True
TDPDRR_c,0.0,-2.0,0.0,False
THFAT_m,0.0,-2.0,0.0,False
THFGLUS_c,0.0,-2.0,0.0,False
THIORDXi_m,0.0,-2.0,0.0,False
THIORDXi_n,0.0,981.000000001055,0.0,False
THIORDXi_x,0.0,976.000000001055,0.0,False
THMP_c,0.0,342.0000000003529,0.0,False
THMtps_e,9.824808972037171e-06,-2.0,9.824808972037171e-06,False
THRA2_c,0.0,-2.0,0.0,False
THRA_c,0.0,862.0000000008749,0.0,False
THRD_L_m,0.01827610964978356,-2.0,0.01827610964978356,False
THRS_c,0.035989650737828255,-2.0,0.035989650737828255,False
THRTRS_c,0.0177135410880447,-2.0,0.0177135410880447,False
THRt_c_m,0.018276109649783556,-2.0,0.018276109649783556,False
THRtps_e,0.0,-2.0,0.0,False
THYMDt_c_e,0.0,2.0,0.0,False
THZPSN1_c,0.0,1.9999999999990905,0.0,False
THZPSN2_c,0.0,-2.0,0.0,False
TKT1_c,-0.15994320888414998,2.0,0.15994320888414998,False
TKT2_c,-0.18020098250359343,2.0,0.18020098250359343,False
TMABADH_m,0.0,-2.0,0.0,False
TMDK1_c,0.0,342.0000000003529,0.0,False
TMDPK_c,9.824808972037171e-06,-2.0,9.824808972037171e-06,False
TMDPPK_c,0.0,-2.0,0.0,False
TMDS_c,0.00047886118929709175,-2.0,0.00047886118929709175,False
TMLYSOX_m,0.0,-2.0,0.0,False
TMN_c,0.0,-2.0,0.0,False
TMPK_c,0.0,-2.0,0.0,False
TMPPP_c,0.0,688.0000000007058,0.0,False
TORULNOXi_c,0.0,-2.0,0.0,False
TPI_c,0.7696277768159867,-2.0,0.7696277768159867,False
TRDOXt_c_x,0.0,-2.0,0.0,False
TRDRDt_c_x,0.0,2.0,0.0,False
TRDR_c,0.006542831534928141,-2.0,0.006542831534928141,False
TRDR_m,0.0,796.0000000008431,0.0,False
TRE6PP_c,0.0,-2.0,0.0,False
TRE6PS_c,0.0,1044.000000001055,0.0,False
TREH_v,0.0,-2.0,0.0,False
TREt_c_v,0.0,-2.0,0.0,False
TREtps_e,0.0,2.0,0.0,False
TROPNDH_c,0.0,-2.0,0.0,False
TRPDC_c,0.0,2.0,0.0,False
TRPO2_c,0.0,-2.0,0.0,False
TRPS1_c,0.002067139807716621,-2.0,0.002067139807716621,False
TRPTA_c,0.0,-2.0,0.0,False
TRPTRS_c,0.002067139807716621,-2.0,0.002067139807716621,False
TRPTRS_m,0.0,-2.0,0.0,False
TRPt_c_m,0.0,-2.0,0.0,False
TTCCOAt_c_en,0.0,-2.0,0.0,False
TTCCOAt_c_l,-4.741654961885048e-07,2.0,4.741654961885048e-07,False
TTCCOAt_c_r,0.00028162814918344557,-2.0,0.00028162814918344557,False
TTCCOAt_c_rm,-0.0002821023146796341,2.0,0.0002821023146796341,False
TTCOSAt_c_e,0.0,2.0,0.0,False
TTCOSAt_c_l,0.0,-2.0,0.0,False
TTCOSAt_c_rm,-4.9322532645883085e-06,2.0,4.9322532645883085e-06,True
TTDCAt_c_e,0.0,2.0,0.0,False
TTDCAt_c_rm,0.0,2.0,0.0,False
TTDCAt_c_x,0.0,2.0,0.0,True
TTDCAt_l_rm,0.0,-2.0,0.0,True
TYRCBOX_x,0.0,-2.0,0.0,False
TYRTA_c,0.0062331535561295425,-2.0,0.0062331535561295425,False
TYRTA_m,0.0,-2.0,0.0,False
TYRTAi_x,0.0,-2.0,0.0,False
TYRTRS_c,0.0062331535561295425,-2.0,0.0062331535561295425,False
TYRTRS_m,0.0,-2.0,0.0,False
TYRt_c_m,0.0,-2.0,0.0,False
TYRt_c_v,0.0,-2.0,0.0,False
TYRt_c_x,0.0,-2.0,0.0,False
TYRtpa_v,0.0,4.0,0.0,False
TYRtps_v,0.0,0.0,0.0,False
UAGDP_c,0.009779811346945243,-2.0,0.009779811346945243,False
UDPG4E_c,0.0,2.0,0.0,False
UDPGALt_c_g,0.0,-2.0,0.0,False
UDPGD_c,0.0,-2.0,0.0,False
UDPGLDC_c,0.0,-2.0,0.0,False
UGLT_c,0.0,0.0,0.0,True
UMPK_c,0.012093160867501151,-2.0,0.012093160867501151,False
UMPK_n,0.0,-2.0,0.0,False
UMPt_c_n,0.0,-2.0,0.0,False
UNK3_c,9.824808972037171e-06,-2.0,9.824808972037171e-06,True
UPP3MT_2_c,0.0,-2.0,0.0,False
UPP3S_c,9.824808972037171e-06,-2.0,9.824808972037171e-06,False
UPPDC1_c,9.824808972037171e-06,-2.0,9.824808972037171e-06,False
UPPRT_c,0.0,684.0000000007021,0.0,False
URAtps_e,0.0,-2.0,0.0,False
UREASE_c,0.0,346.0000000003529,0.0,False
UREA_c,0.0,2.0,0.0,True
UREAtps_e,0.0,-2.0,0.0,True
URIDK2_n,0.0,686.0000000007058,0.0,False
URIDK2i_c,0.0,686.0000000007058,0.0,False
URIH_c,0.0,-2.0,0.0,False
URIK1_c,0.0,342.0000000003529,0.0,False
URIK2_c,0.0,344.0000000003529,0.0,False
URItps_e,0.0,-2.0,0.0,False
URO_c,0.0,-2.0,0.0,False
UTPUMPtp_m,0.0,-2.000000000007276,0.0,False
UTPt_c_m,0.0,-2.0,0.0,False
VALTA_c,0.025473175214159656,-2.0,0.025473175214159656,False
VALTA_m,-0.04878381172548421,2.0,0.04878381172548421,False
VALTRS_c,0.023310636511324555,-2.0,0.023310636511324555,False
VALTRS_m,0.0,-2.0000000000009095,0.0,False
VALt_c_m,-0.04878381172548421,2.0,0.04878381172548421,False
VALtps_e,0.0,-2.0,0.0,False
VANLLOX_x,0.0,-2.0,0.0,False
XAND_c,0.0,-2.0,0.0,False
XANt_c_e,0.0,-2.0,0.0,False
XPPT_c,0.0,342.0000000003529,0.0,False
XTSNt_c_e,0.0,-2.0,0.0,False
XU5PFGT_x,0.0,0.0,0.0,False
XYLI1_c,0.0,0.0,0.0,False
XYLI2_c,0.0,-2.0,0.0,False
XYLK_c,0.0,-4.0,0.0,False
XYLRy_c,0.0,2.0,0.0,False
XYLTOR_c,0.0,-2.0,0.0,False
XYLTt_c_e,0.0,-2.0,0.0,False
XYLURx_c,0.0,-10980.000000011914,0.0,False
XYLURy_c,0.0,-10980.000000011914,0.0,False
XYLt_c_e,0.0,-2.0,0.0,False
YUMPS_c,0.0,-2.0,0.0,False
ZEAEPOX1_c,0.0,-2.0,0.0,False
ZEAEPOX2_c,0.0,-2.0,0.0,False
ZN2t_c_e,0.0001545442451301447,-2.0,0.0001545442451301447,True
ZYM161t_en_rm,0.0,2.0,0.0,False
ZYM161t_l_rm,0.0,-2.0,0.0,False
ZYM181t_en_rm,0.0,2.0,0.0,False
ZYM181t_l_rm,0.0,-2.0,0.0,False
ZYMSTATer_RT_rm,0.0,-1.999999999985448,0.0,False
ZYMSTt_c_en,0.0,2.0,0.0,False
ZYMSTt_c_rm,0.0,2.0,0.0,False
ZYMSTt_l_rm,0.0,2.0,0.0,False
compACYLCOA_c,0.0,-2.0000000000059117,0.0,False
compACYLCOA_l,9.74866868538631e-06,-1.9999999999972715,9.74866868538631e-06,False
compACYLCOA_m,0.0,-2.0,0.0,False
compACYLCOA_r,0.0,-2.0000000000027285,0.0,False
compACYLCOA_rm,0.01855866617714723,-2.000000000010459,0.01855866617714723,False
compACYLCOA_x,0.0,-1.9999999999954525,0.0,False
compCER_g,0.0,-2.0,0.0,False
compCER_m,0.0,-2.0,0.0,False
compCER_r,0.0005632562983668911,-2.000000000014552,0.0005632562983668911,False
compFALPD_c,-0.00026016478125286764,1.9999999999977263,0.00026016478125286764,True
compFALPD_en,0.0,-2.0,0.0,False
compFALPD_m,0.0,-2.0,0.0,False
compFALPD_mm,0.0,-1.999999999998181,0.0,False
compFALPD_rm,-0.00010140531804906162,1.999999999996362,0.00010140531804906162,False
tpscu2_c_m,0.0,-2.0,0.0,False
uniDOLDP_l,0.0002350749293376094,-1.9999999998835847,0.0002350749293376094,True
