Rxn,Flux
RLFC2O_c,0.0
RLFC2O_m,0.0
BTDDH_c,0.0
LLFC2O_c,0.0
13GS_c,0.09271958082286179
16GS_c,0.024399884649999846
PRMICI_c,0.012253145992180069
P5CD_m,0.0
DKMPPD_c,0.0
DHPPDA2_c,0.0
DRAPPRy_c,0.0
ACHBS_m,0.03739461014513623
HPPK2_m,0.0
AATA_c,0.0417117043993954
DPR_c,0.0
Q6MT1_m,0.0
Q6MO_m,0.0
IPPMIb_c,-0.05085396365917158
IPPS_c,0.0
IPPS_m,0.05085396365917158
UNK3_c,0.0
HCITR_m,0.0417117043993954
MCITS_m,0.0
OMCDC_c,0.05085396365917158
OMCDC_m,0.0
BPNT_c,0.008150666604981371
PDE1_c,0.0
PDE2_c,0.0
PDE3_c,0.0
PDE4_c,0.0
PDE5_c,0.0
DB4PS_c,0.0
DHQTi_c,0.04044202989839487
DHQS_c,0.04044202989839487
3DSPHR_r,0.0001585400912156018
DDPA_c,0.04044202989839487
3HXPHBH_c,0.0
3HPH5MBDC_m,0.0
HKYNH_c,0.0
HACD140i_x,0.0
3HAO_c,0.0
3IPM3MT_c,0.0
IPPMIa_c,-0.05085396365917158
IPMD_c,0.05085396365917158
3MOBDC_c,0.0
MTMOHT_m,0.0
PSCIT_c,0.04044202989839487
ADCS_c,0.0
ADCL_c,0.0
ABTA_c,0.0
4HTHRS_c,0.0
4HBZF_m,0.0
4DPMIPPH_c,0.0
IPPYP1_c,0.0
MTAP_c,0.0
NTD4pp_c,0.0
NTD11_c,0.0
NTD2pp_c,0.0
PRFGS_c,0.016344794575454014
MTHFR3_c,0.011802560891915488
ALAS_m,1.0195338789395374e-06
5DPMIPPH_c,0.0
PMI12346PS_c,0.0
MHPGLUT_c,0.0
MDRPD_c,0.0
MTRI_c,0.0
IPPYP2_c,0.0
IPPYP3_c,0.0
PFK_4_c,0.0
PGL_c,0.008640079701978054
6DPMIPPH_c,0.0
IPPYP4_c,0.0
AOXS_c,0.0
ACALDCD_c,0.0
KARA1i_m,0.09739083306408386
ACLS_m,0.09739083306408386
ACOATA_m,0.0
ACACT180i_x,0.0
ACACT260i_x,0.0
ACACT160i_x,0.0
ACACT40ir_c,0.0
ACACT40ir_m,0.008258807043010491
ACACT140i_x,0.0
ACACT100i_x,0.0
ACACT120i_x,0.0
ACCOAC_m,0.0
ACCOAC_c,0.03883314778628156
ACOAHi_m,0.0
ACS_c,0.05443992647431953
ACGK_m,0.0512983999716613
ACP1_e,0.0
ACONT2_m,0.0
ACOTAi_m,0.0512983999716613
COAHL_m,0.0
ACOAO100_x,0.0
ACOAO120_x,0.0
ACOAO260_x,0.0
ACOAO160_x,0.0
ACOAO180_x,0.0
ACOAO140_x,0.0
STATe181_rm,0.0
STATg181_rm,7.53015410106918e-05
STATf181_rm,0.0
STATl181_rm,0.0
STATz181_rm,0.0
STATe161_rm,0.0
STATg161_rm,0.00020526172937148312
STATf161_rm,0.0
STATl161_rm,0.0
STATz161_rm,0.0
GPIA3_r,0.0
ADD_c,0.0
ADPT_c,0.0
ADA_c,0.0
ADNK1_c,0.004564980842688024
AMPDA_c,0.0
AHCi_c,0.004564980842688024
ADMDC_c,0.0
AMAOTr_c,0.0
ADNCYC_c,0.0
ADK1_c,0.8767849806917799
ADK1_m,0.0
ADK3_m,0.0
ADSL2i_c,0.016344794575454014
ADSL1r_c,0.020869238855610782
ADSS_c,0.020869238855610782
ADSK_c,0.008150666604981371
23CAPPD_c,0.0
AGTi_c,0.0
ALATRS_c,0.06202800354683472
OHACT3_c,0.0
OHACT1_c,0.0
OHACT2_c,0.0
OHACT4_c,0.0
OHACT5_c,0.0
ALCD2i1_c,0.0
ALCD19y_c,0.0
ALCD2i2_m,0.0
ALCD22xi_c,0.0
ALCD22xi_m,0.0
ALCD22yi_c,0.0
ALCD25xi_c,0.0
ALCD25xi_m,0.0
ALCD25yi_c,0.0
ALDD22x_c,0.0
ALDD2y_c,0.046289259869338156
ALDD2x_m,0.0
ALDD2y_m,0.0
ALDD20x_m,0.0
ALDD20y_c,0.0
ALDD20y_m,0.0
ALCD24xi_c,0.0
ALCD24xi_m,0.0
ALCD24yi_c,0.0
ALCD23xi_c,0.0
ALCD23xi_m,0.0
ALCD23yi_c,0.0
ALDD19xi_c,0.0
ALCD26xi_c,0.0
ALCD26xi_m,0.0
AKP1_c,0.0
ATAH_c,0.0
ALLTN_c,0.0
ALPHNH_c,0.0
12AMANTF_g,0.0
TREH_v,0.0
TREH_c,0.0
TRE6PS_c,0.0022406933566754632
MALT_c,0.0
AMID_c,0.0
AACTOOR_c,0.0
ABUTD_m,0.0
ANPRT_c,0.0041266933168235135
ANS_c,0.0041266933168235135
AP4AH_c,0.0
ARABR_c,0.0
ARGN_c,0.0
ARGSL_c,0.024506459443407992
ARGSS_c,0.024506459443407992
ARGTRS_c,0.024506459443407992
ARGTRS_m,0.0
ASNS1_c,0.029458558407215372
ASNTRS_c,0.029458558407215372
ASNTRS_m,0.0
ASPCT_c,0.017597420378605032
ASPK_c,0.07999518717066077
ASPTA_c,-0.21823021723816935
ASPTAi_m,0.0
ASPTA_x,0.0
ASAD_c,0.07999518717066077
ASPTRS_c,0.029458558407215372
ASPTRS_m,0.0
ATPATF1_c,0.0
ATPATF2_c,0.0
ATPATF3_c,0.0
ATPPRT_c,0.012253145992180069
ATPS_m,4.566641926696588
ATPASEP2e_c,0.47202532721571266
14BMANTF_c,0.0
BTS1_c,0.0
C14STR_c,0.001376404119634315
C22STDSy_c,0.0
C3STDH2_c,0.001376404119634315
C3STDH1_c,0.001376404119634315
C3STKR1_c,0.001376404119634315
C3STKR2_c,0.001376404119634315
C4STMO1_c,0.001376404119634315
C4STMO2_c,0.001376404119634315
C4STMO3_c,0.001376404119634315
C4STMO4_c,0.001376404119634315
C5STDS_c,0.0
C8STI_c,0.0
C24STR_r,0.001376404119634315
FRTT4HBZ_c,0.0
CBPS_c,0.042103879822013024
CRNOAT_c,0.0
CRNOAT_x,0.0
CRNOAT_m,0.0
CAT_c,0.0
CAT_x,0.0
CERH124A_r,4.756202736468053e-05
CERH124B_r,1.5854009121560177e-05
CERH126A_r,0.0
CERH126B_r,1.5854009121560177e-05
CERS124_r,7.92700456078009e-05
CERS126_r,3.1708018243120355e-05
CERS2A24_r,0.0
CERS2A26_r,4.756202736468053e-05
CERH2A24_r,3.1708018243120355e-05
CERH2A26_r,3.1708018243120355e-05
CERH324_r,1.5854009121560177e-05
CERH326_r,1.5854009121560177e-05
CHTNDA_c,0.0
CHTNS_c,0.002192140850827339
CHOLK_c,0.0
CHLPCTD_c,0.0
CHORM_c,0.03631533658157136
CHORS_c,0.04044202989839487
ACONTb_m,0.02622158979135203
FRTT_l,0.0
GGTT_l,0.0
PPTT_l,0.0
PRENT6_l,0.0
PRENT7_l,0.0
PRENT8_l,0.0
PRENT9_l,0.0
PRENT10_l,0.0
PRENT11_l,0.0
PRENT12_l,0.0
PRENT13_l,0.0
PRENT14_l,0.0
PRENT15_l,0.0
PRENT16_l,0.0
PRENT17_l,0.0
PRENT18_l,0.0
PRENT19_l,0.0
PRENT20_l,0.0
PRENT21_l,0.0
CS_m,0.19129885842501998
CS_x,0.0
ACONTa_m,0.02622158979135203
ACONTa_c,0.16507726863366795
CPPPGO_c,1.2744173486744218e-07
CTPS2_c,0.007508006395644883
CBL_c,0.0
CYSTS_c,0.0009130865557539086
CYSTGL_c,0.0009130865557539086
METB1_c,0.0
CYSS_c,0.0
CYSTRS_c,0.0008888726261290919
CYTD_c,0.0
CYTDK2_c,0.0
LNS14DMy_c,0.001376404119634315
CSND_c,0.0
ARAB14LO_c,0.0
ARAB1Dx_c,0.0
ARAB1D2_c,0.0
FBA2_c,0.0
SBTD_D2_c,0.0
DCMPDA_c,0.0
DCTPD_c,0.0
DADA_c,0.0
DCYTD_c,0.0
DGK1_c,0.0
DXHPS_c,0.0
DRBK_c,0.0
DPCOAK_m,0.0
DBTS_c,0.0
DHCRD124_r,0.0
DHCRD126_r,0.0
DHCRD2A24_r,0.0
DHCRD2A26_r,0.0
DHFRi_c,0.00030458071140835756
DHFRi_m,0.0
DHFS_1_c,8.028829296652384e-06
DHNPA2i_m,8.028829296652384e-06
DNMPPA_c,8.028829296652384e-06
DHORTS_c,-0.017597420378605032
DHPTS_m,8.028829296652384e-06
FOLD3_m,0.0
DHAD1_m,0.09739083306408386
DHAD2_m,0.03739461014513623
DHAK_c,0.0
DMATT_c,0.0027529356810034973
DPGM_c,0.0
PMI1346PH_c,0.0
PMI1346PS_c,0.0
DIPS_c,0.0
DOLK_c,0.0
DOLPMT_c,0.05975022677282328
DOLPMMT_r,0.05975022677282328
DTMPK_c,0.0002965518821117052
DUTPDP_c,0.0002965518821117052
EPGALURS_e,0.0
ENO_c,1.073700436570778
ETHAK_c,0.0
ACHLE3_c,0.0
13BGH_e,0.0
FRTT_c,0.0
FACOAL100_x,0.0
FACOAL120_x,0.0
FACOAL160_x,0.0
FACOAL80_x,0.0
FACOAL140_x,0.0
FCLT_m,1.2744173486744218e-07
FECPOR_m,0.0
FECOOR_m,3.1208350369690194
FECRq6_m,6.241670073938039
AFAT_c,1.2744173486744344e-06
FMNRx_c,0.0
FMNRx2_c,0.0
FALDH_c,0.0
FDH_c,1.862900575982306
FTHFL_c,-1.861516143033375
FTHFL_m,0.0
FBP2_c,0.0
FBP_c,0.0
FBA_c,1.0745760637622082
FUM_m,0.0
FUM_c,0.06172049287447279
DHORDfum_c,0.017597420378605032
FRD_m,0.0
FRD_c,6.224072653559434
GTMLT_c,0.0
GALKi_c,0.0
GLUCYS_c,0.0
GGTT_c,0.0
GRTT_c,0.0027529356810034973
GLCGSD_c,0.0
GLCGSD_v,0.0
G6PDA_c,0.0
G6PDH2i_c,0.008640079701978054
PGI_c,1.1783028052798104
GLU5K_c,5.748249098935787e-13
GLUDC_c,0.0
GLUDxi_c,0.0
GLUDy_c,1.7574319973658001
GLUSx_c,0.0
G5SDy_c,5.748249098935787e-13
GLUN_c,0.0
GLNS_c,0.1879741398233873
GF6PTA_c,0.002192140850827339
GLNTRS_c,0.049139852845106476
GLUTRS_c,0.049139852845106476
GLUTRS_m,0.0
GTHO_c,0.0
GTHO_m,0.0
GTHP_c,0.0
GTHP_m,0.0
GTHS_c,0.0
GAPD_c,2.110004284634658
GLYCDy_c,0.0
GLYK_c,0.0
G3PT_c,0.0
G3PDf_m,6.224072653559434
G3PD1r_c,4.7616961580280845
G3PD1i_m,1.4645378298417582
GPDDA1pp_c,0.0
GARFT_c,0.016344794575454014
GLYAT_c,0.0
GLYCL_m,0.9228855547543152
GHMT2r_c,1.9185579909504904
GHMT2r_m,-0.9228855547543152
GLYGS_c,0.04470143983199896
GLCP_c,0.0
GLYTRS_c,0.05644106733252705
GMPS2_c,0.007728701712023299
GPIA2_r,0.0
GPIA5_r,0.0
GPIA6_r,0.0
GPIA7_r,0.0
GPIA8_r,0.0
GPIA9_r,0.0
GTPCI_c,8.028829296652384e-06
GTPCII2_c,0.0
GUAD_1_c,0.0
GUAPRT_c,0.0
GK1_c,0.007728701712023299
GK2_c,0.0
HOMOX_m,1.2744173486744218e-07
HEMEOS_m,1.2744173486744218e-07
Q6MT2_m,0.0
HEX7_c,0.0
HEX1_c,1.353245177
HEX4_c,0.0
HISTD_c,0.012253145992180069
HISTP_c,0.012253145992180069
HSTPT_c,0.012253145992180069
HISTRS_c,0.012253145992180069
HISTRS_m,0.0
ARMT_c,0.0
HACNH_m,0.0417117043993954
HCYSMT_c,0.0
HICITD_m,0.0417117043993954
HSDx_c,0.07999518717066077
HSDy_c,0.0
HSK_c,0.0718445205656794
HSERTA_c,0.008150666604981371
THIORDXi_c,0.0
THIORDXi_x,0.0
GLYOX_c,0.0
GLYOX_m,0.0
HBZOPT6_m,0.0
HETZK_c,0.0
PPBNGD_c,1.2744173486744218e-07
HMGCOAR_c,0.008258807043010491
HMGCOAS_c,0.0
HMGCOAS_m,0.008258807043010491
HMPK1_c,0.0
HXPRT_c,0.0
IG3PS_c,0.012253145992180069
IGPDH_c,0.012253145992180069
IMPD_c,0.007728701712023299
IGPS_c,0.0041266933168235135
INDPYRD_c,0.0
PPA_c,0.0
PPA_m,1.130626217622626
IMPC_c,0.02859794056763408
IPK1_n,0.0
IPK2_n,0.0
IPK3_n,0.0
IPK4_n,0.0
IPK5_n,0.0
ACHLE1_c,0.0
ACHLE2_c,0.0
ICDHx_m,0.0
ICDHy_c,0.16507726863366795
ICDHy_x,0.0
ICL_1_c,0.0
ILETA_c,-0.03739461014513623
ILETA_m,0.0
ILETRS_c,0.03739461014513623
ILETRS_m,0.0
IPDDI_c,0.0027529356810034973
ITCOAL_m,0.0
KARA2i_m,0.03739461014513623
KYN_c,0.0
KYN3OX_c,0.0
PHCD_m,0.0
4HGLSD_m,0.0
ALATA_L_m,-0.06202800354683472
THRA2_c,0.0
ATHRDHr_c,0.0
AASADy_c,0.0417117043993954
ASNN_c,0.0
ASNN_e,0.0
EGHLAT_c,0.0
EGHLAT_m,0.0
EGHLAT_x,0.0
HPRORy_c,0.0
LALDO3_c,0.0
SERD_L_c,0.0
LSERDHi_c,0.0
SBTD_L_c,0.0
THRD_L_c,0.03648152358938232
THRD_L_m,0.0
TRPO2_c,0.0
TYRNFT_c,0.0
LCADi_c,0.0
LGTHL_c,0.0
LNSTLS_c,0.001376404119634315
LEUTA_c,-0.05085396365917158
LEUTA_m,0.0
LEUTRS_c,0.05085396365917158
LEUTRS_m,0.0
LTA4H_c,0.0
LTA4H_n,0.0
LTA4H2_c,0.0
LTA4H2_n,0.0
LTA4H3_c,0.0
LTA4H3_n,0.0
LYSTRS_c,0.0417117043993954
LYSTRS_m,0.0
MDH_m,0.19129885842501998
MDH_c,-0.28944061894007655
MDH_x,0.0
MALS_c,0.0
MALS_x,0.0
ME1_m,0.0
ME2_m,0.15986225338952936
MCOATA_m,0.0
MAN1PT_c,0.05975022677282328
MAN6PI_c,-0.05975022677282328
MTHFC_m,0.0
MTHFC_c,1.9064588781764633
METAT_c,0.004564980842688024
METS_c,0.011802560891915488
FMETTRS_m,0.0
METTRS_c,0.007237580049227464
METTRS_m,0.0
MTHFD2i_c,0.0
MTHFD_c,1.9064588781764633
MTHFD_m,0.0
MCITL2_m,0.0
MEVK1_c,0.008258807043010491
MEVK2_c,0.0
MEVK3_c,0.0
MEVK4_c,0.0
DPMVD_c,0.008258807043010491
MI1PP_c,0.0
M1PS_c,0.0
AGPRi_m,0.0512983999716613
ACGAM6PS_c,0.002192140850827339
ACGS_m,0.0
FKYNH_c,0.0
NFTYROX_c,0.0
NADDP_x,0.0
NADK_c,0.0
NADK_m,0.0
NADN_n,0.0
NADS2_c,0.0007735713306452725
NADS2_n,0.0
NADHq6_c,0.0
NADHK1_c,0.00041673447301649965
NADHK1_m,0.0
NADHq6_m,0.0
NAMNPP_c,0.0007735713306452725
NAMNPP_m,0.0
NNAM_c,0.0
NNMT_c,0.0
ANNAT_c,0.0
ANNAT_n,0.0
NNATi_c,0.0007735713306452725
NNDPR_c,0.0
NNDPR_m,0.0
NDP1_c,0.0
NDP3_c,0.0
NDP7_c,0.0
NDP7_g,0.0
NDP5_c,0.0
NDP10_c,0.0
NDPK3_c,0.0018612325088153356
NDPK8_c,0.0002965518821117052
NDPK7_c,0.00020019157902964973
NDPK5_c,0.00020019157902964973
NDPK4_c,0.0002965518821117052
NDPK1_c,0.08814797576142772
NDPK9_c,0.0
NDPK10_c,0.0
NDPK6_c,0.0002965518821117052
NTP3_c,0.0
NTP7_c,0.0
NTP5_c,0.0
NTP10_c,0.0
NDP3_g,0.0
NDPK2_c,0.18355460800885673
AHSERL_c,0.0
AHSERL2_c,0.008150666604981371
SHSL1_c,0.0
OCBT_c,0.024506459443407992
ORNDC_c,0.0
ORNTACi_m,0.0512983999716613
ORNTA_c,0.02679194052825331
ORPT_c,-0.017597420378605032
OMPDC_c,0.017597420378605032
PTPAT_c,2.421392962481672e-05
PNTK_c,2.421392962481672e-05
PBAL_c,0.0
FACOAE100_x,0.0
FACOAE120_x,0.0
FACOAE160_x,0.0
FACOAE140_x,0.0
FACOAE180_x,0.0
FACOAE80_x,0.0
PHETA1_c,-0.023871622192907706
PHETRS_c,0.023871622192907706
PHETRS_m,0.0
PPYRDC_c,0.0
PRAIS_c,0.016344794575454014
ACGAMPM_c,0.002192140850827339
PAPSR_c,0.008150666604981371
PPCK_c,0.0
PETHCT_c,0.0
PFK_c,1.0745760637622082
PGMT_c,0.16406159866153605
GND_c,0.008640079701978054
PGAMT_c,0.0
PGCD_c,1.03630384806388
PGK_c,2.110004284634658
PGM_c,1.073700436570778
PMANM_c,-0.05975022677282328
PMPK_c,0.0
PMEVK_c,0.008258807043010491
PPNCL2_c,2.421392962481672e-05
PPCDC_c,2.421392962481672e-05
PPM_c,0.0
PRASCSi_c,0.016344794575454014
PRAMPC_c,0.012253145992180069
PRATPP_c,0.012253145992180069
AIRC1_c,0.016344794575454014
AICART_c,0.02859794056763408
PRAIi_c,0.0041266933168235135
PRAGSi_c,0.016344794575454014
GLUPRT_c,0.016344794575454014
PRPPS_c,0.05109562559370791
PSP_L_c,1.03630384806388
PSERT_c,1.03630384806388
CERSFA2A24_r,0.0
PSPHPL_r,0.0
PSPHS_r,4.756202736468053e-05
POLYAO1_c,0.0
PPBNGS_1_c,5.097669394697687e-07
POLYAO2_c,0.0
POLYAO3_c,0.0
PPNDH_c,0.023871622192907706
PPND2_c,0.012443714388663653
PROD2_m,0.0
PROTRS_c,0.026791940528828134
PPPGO_m,6.372086743372109e-08
PNP_c,0.0
PUNP3_c,0.0
PUNP3_m,0.0
PUNP5_c,0.0
PYDXO_c,0.0
PYAM5PO_c,0.0
PDX5POi_c,0.0
PYDXNO_c,0.0
P5CR_c,0.026791940528828134
PC_c,0.5076708361782459
PYRDC_c,0.046289259869338156
PYRDC2_c,0.0
PDH_m,0.3086409476126184
PYK_c,0.9928163767739884
Q6OR_m,0.0
RBFK_c,0.0
RBFK_m,0.0
RBFSa_c,0.0
RBFSb_c,0.0
RBK_c,0.0
RNDR1_c,0.0002965518821117052
RNDR1_n,0.0
RNDR3_c,0.00020019157902964973
RNDR3_n,0.0
RNDR4_c,0.0002965518821117052
RNDR4_n,0.0
RNDR2_c,0.00020019157902964973
RNDR2_n,0.0
RPI_c,0.05042445359592958
RNMK_c,0.0
RPE_c,-0.041784373893951524
3DH5HPBMT_m,0.0
SAM24MT_c,0.0
SFGTHi_c,0.0
SACCD2_c,0.0417117043993954
SACCD1_c,0.0417117043993954
FBA3_c,0.0
SERAT_c,0.0
SERPT_r,0.0001585400912156018
SERTRS_c,0.033839287099667714
SHK3Di_c,0.04044202989839487
SHKK_c,0.04044202989839487
SHCHD2_c,0.0
SHCHF_c,0.0
SPMS_c,0.0
SPRMS_c,0.0
SPHPL_r,0.0
SBPP2_r,0.0
SBPP1_r,0.0
SPHGLpK_r,0.0
SLCBK1_r,0.0
ACONIs_m,0.0
ACONIs_c,0.0
SQLEx_r,0.0
SQLEy_r,0.001376404119634315
SQLS_c,0.001376404119634315
SUCDq6_m,6.241670073938039
SUCOAS_m,0.0
SSALy_c,0.0
SUCR_e,0.0
SADT_c,0.0
SLFAT_c,0.008150666604981371
SO3R_c,0.008150666604981371
TAUDO_c,0.0
THFGLUS_c,0.0
THMDP_e,0.0
THMP_e,0.0
TMDPK_c,1.2744173486744218e-07
TMDPPK_c,0.0
TMPPP_c,0.0
THIORDXi_n,0.0
TRDR_c,0.009144153527264082
TRDR_m,0.0
THRA_c,0.0
THRS_c,0.0718445205656794
THRTRS_c,0.035362996976297086
THRTRS_m,0.0
TMDS_c,0.0002965518821117052
ACONMT_c,0.0
PPTT_m,0.0
TALA_c,-0.0006711719977783269
TKT1_c,-0.0006711719977783269
TKT2_c,-0.04111320189617319
TRE6PP_c,0.0022406933566754632
TPI_c,1.0724147294517992
TRPS1_c,0.0041266933168235135
TRPTA_c,0.0
TRPTRS_c,0.0041266933168235135
TRPTRS_m,0.0
TYRTA_c,0.012443714388663653
TYRTAi_x,0.0
TYRTRS_c,0.012443714388663653
TYRTRS_m,0.0
ERGSTGLCT_c,0.0
UAGDP_c,0.002192140850827339
UDPG4E_c,0.0
UGLT_c,0.0
UMPK_c,0.017597420378605032
UMPK_n,0.0
UPPRT_c,0.0
UREASE_c,0.0
ULGYCH_c,0.0
URIK1_c,0.0
URIK2_c,0.0
URIDK2i_c,0.0
URIDK2_n,0.0
UPPDC1_c,1.2744173486744218e-07
UPP3MT_2_c,0.0
UPP3S_c,1.2744173486744218e-07
GALUi_c,0.16406159866153605
VALTA_c,0.0
VALTA_m,-0.046536869404912286
VALTRS_c,0.046536869404912286
VALTRS_m,0.0
XPPT_c,0.0
XYLTD_D_c,0.0
XYLR_c,0.0
XYLK_c,0.0
YUMPS_c,0.0
NTD9_c,0.0
HCITS_m,0.0417117043993954
PYDXNK_c,0.0
KYNAT2_c,0.0
KYNIs_c,0.0
QUILSYN_c,0.0
ALCD2i2_c,0.0
ALDD2x_c,0.0
TRPTA2_c,0.0
SBP_c,0.0
ICDHyi_m,0.02622158979135203
lumpFACS160_c,0.0038335123908070827
lumpFACS180_c,0.0014304588414221719
KAS14_m,0.0
3OAS60_m,0.0
3OAS80_m,0.0
3OAR40_m,0.0
3OAR60_m,0.0
3OAR80_m,0.0
3HAD40_m,0.0
3HAD60_m,0.0
3HAD80_m,0.0
EAR40y_m,0.0
EAR60y_m,0.0
EAR80y_m,0.0
3OACE200_rm,0.0001585400912156018
3OACE220_rm,0.0001585400912156018
3OACE240_rm,0.0001585400912156018
3OACE260_rm,7.92700456078009e-05
3OACR200_rm,0.0001585400912156018
3OACR220_rm,0.0001585400912156018
3OACR240_rm,0.0001585400912156018
3OACR260_rm,7.92700456078009e-05
3HACD200_rm,0.0001585400912156018
3HACD220_rm,0.0001585400912156018
3HACD240_rm,0.0001585400912156018
3HACD260_rm,7.92700456078009e-05
ECOAR200_rm,0.0001585400912156018
ECOAR220_rm,0.0001585400912156018
ECOAR240_rm,0.0001585400912156018
ECOAR260_rm,7.92700456078009e-05
ACOADS160_rm,0.0027931638710075846
ACOADS180_rm,0.0010247958123528814
FACOAL120_rm,0.0
FACOAL140_rm,0.0
FACOAL160_rm,0.0
FACOAL161_rm,0.0
FACOAL180_rm,3.260757651753318e-08
FACOAL181_rm,0.0
FACOAL120_l,0.0
FACOAL140_l,0.0
FACOAL160_l,0.0
FACOAL161_l,1.4507433215323181e-08
FACOAL180_l,0.0
FACOAL181_l,1.8864286866190485e-08
FACOAL161_x,0.0
FACOAL180_x,0.0
FACOAL181_x,0.0
FACOAL200_en,0.0
FACOAL220_en,0.0
FACOAL240_en,0.0
FACOAL260_en,0.0
FACOAL220_l,0.0
FACOAL240_l,0.0
FACOAL260_l,0.0
FACOAE40_x,0.0
FACOAE60_x,0.0
FACOAE161_x,0.0
FACOAE181_x,0.0
ACOAO40_x,0.0
ACOAO60_x,0.0
ACOAO80_x,0.0
ACOAO200_x,0.0
ACOAO220_x,0.0
ACOAO240_x,0.0
ACOAO161b_x,0.0
ACOAO141b_x,0.0
ACOAO121a_x,0.0
ACOAO181a_x,0.0
ACOAO161a_x,0.0
ACOAO141a_x,0.0
ECOAH100_x,0.0
ECOAH120_x,0.0
ECOAH140_x,0.0
ECOAH160_x,0.0
ECOAH180_x,0.0
ECOAH260_x,0.0
ECOAH40_x,0.0
ECOAH60_x,0.0
ECOAH80_x,0.0
ECOAH200_x,0.0
ECOAH220_x,0.0
ECOAH240_x,0.0
ECOAH161b_x,0.0
ECOAH141b_x,0.0
ECOAH121a_x,0.0
ECOAH181a_x,0.0
ECOAH161c_x,0.0
ECOAH141c_x,0.0
HACD100i_x,0.0
HACD120i_x,0.0
HACD160i_x,0.0
HACD180i_x,0.0
HACD260i_x,0.0
HACD40i_x,0.0
HACD60i_x,0.0
HACD80i_x,0.0
HACD200i_x,0.0
HACD220i_x,0.0
HACD240i_x,0.0
HACD161bi_x,0.0
HACD141bi_x,0.0
HACD121ai_x,0.0
HACD181ai_x,0.0
HACD161ai_x,0.0
HACD141ai_x,0.0
ACACT40i_x,0.0
ACACT60i_x,0.0
ACACT80i_x,0.0
ACACT200i_x,0.0
ACACT220i_x,0.0
ACACT240i_x,0.0
ACACT161bi_x,0.0
ACACT141bi_x,0.0
ACACT121ai_x,0.0
ACACT181ai_x,0.0
ACACT161ai_x,0.0
ACACT141ai_x,0.0
ECOAI101a_x,0.0
ECOAI122c_x,0.0
ECOAI121b_x,0.0
ECOAI121a_x,0.0
ECOAI142c_x,0.0
ECOAI141a_x,0.0
ECOAI5d_x,0.0
ECOAI6d_x,0.0
ECOAR122_x,0.0
ECOAR142_x,0.0
ACONTb_c,0.16507726863366795
STEHg161_l,0.0
STEHg181_l,0.0
STEHe161_l,0.0
STEHe181_l,0.0
STEHf161_l,0.0
STEHf181_l,0.0
STEHl161_l,0.0
STEHl181_l,0.0
STEHz161_l,0.0
STEHz181_l,0.0
STEHz161_en,0.0
STEHz181_en,0.0
SUCACCT_m,0.0
RAFH_e,0.0
URIH_c,0.0
GTHRDtabc_v,0.0
TCHOLAtabc_v,0.0
ATPASEVg_c,0.0
ATPASEVv_c,0.0
MEVt_c_e,0.0
BTDt_c_e,0.0
2MBACt_c_e,0.0
2OXOADPt_c_m,0.0417117043993954
3DH5HPBt_c_m,0.0
4ABUTtps_e,0.0
5AOPtps_e,0.0
5FTHFt_c_e,0.0
8AONNtps_e,0.0
ACt_c_e,0.0
ETACt_c_e,0.0
ADEtps_e,0.0
ADNtps_e,0.0
ADPATPt_c_m,13.648627380118102
ADPATPt_c_x,0.0
AKGCITta_m,0.0
ALLTTt_c_e,0.0
ALLTNt_c_e,0.0
NH4t_c_e,0.9851254625227964
AMPATPt_c_x,0.0
ASPGLUt_c_m,0.0
BTNtps_e,0.0
CRNACRNt_c_m,0.0
CER2B24_g_r,0.0
CER2B26_g_r,0.0
CHOLtps_e,0.0
CITMALta_m,0.16507726863366795
CITPEPt_c_m,0.0
CITICITt_c_m,0.0
COAt_c_m,0.008258807043010463
CTPt2_m,0.0
CTPCMPt_c_m,0.0
CYTDtps_e,0.0
CSNtps_e,0.0
FRUtps_e,0.0
GALtps_e,0.0
LACDtps_e,0.0
LACtps_m,0.0
LACPYRt_c_m,0.0
MANtps_e,0.0
EPISTt_c_e,0.0
ERGSTt_c_e,0.0
ETHAt_c_e,0.0
FADH2t_c_m,6.224072653559434
FECOSTt_e,0.0
FECOSTt_en,0.0
FOLt_c_e,0.0
GDPMANt_c_g,0.0
GLCt_c_e,1.353245177
GTHRDt_c_e,0.0
GTHRDt_c_v,0.0
G3PIt_c_e,0.0
G3PCt_c_e,0.0
GLYCtps_e,0.0
GLYCt_e,0.0
GLYtps_e,0.0
GLYCOGENt_c_v,0.0
GTPGDPtp_m,0.0
GUAtps_e,0.0
INOSTtps_e,0.00044340535397615515
FE2t_c_e,8.474875368684954e-05
FE2t_c_m,1.2744173486744218e-07
IAMACt_c_e,0.0
IBUTACt_c_e,0.0
IPDPt_c_m,0.0
ALAtps_e,0.0
ARGtps_e,0.0
ARGtpa_v,0.0
ASNtps_e,0.0
ASNtpa_v,0.0
ASNtps_v,0.0
ASPtps_v,0.0
ASPtps_e,0.0
CRNt_e,0.0
CYStps_e,0.0
CYSItps_v,0.0
GLUt_c_m,0.2111616728950696
GLUtps_v,0.0
GLUtps_e,0.0
GLNtpa_v,0.0
GLNtps_v,0.0
GLNtps_e,0.0
HIStpa_v,0.0
HIStps_e,0.0
ILEt_c_v,0.0
ILEtpa_v,0.0
ILEtps_v,0.0
ILEtps_e,0.0
LACt_c_m,0.0
LACLtps_e,0.0
LEUt_c_v,0.0
LEUtpa_v,0.0
LEUtps_v,0.0
LEUtps_e,0.0
LYStpa_v,0.0
LYStps_e,0.0
METtps_e,0.0
PHEtps_e,0.0
PROtps_e,0.0
SERtps_e,0.0
THRtps_e,0.0
TRPtps_e,0.0
TYRt_c_v,0.0
TYRtpa_v,0.0
TYRtps_v,0.0
TYRtps_e,0.0
VALtps_e,0.0
LANOSTt_c_e,0.0
MALt2_m,0.0
MALTtps_e,0.0
NFORTYR2t_c_e,0.0
NADt_c_m,0.0
NADt1_m,0.0
NADt2_m,0.0
NADt3_m,0.0
NACt_c_e,0.0007735713306452725
ORNtpa_m,0.0512983999716613
ORNtps_e,0.0
OAAtps_m,0.0
PNTOtps_e,2.421392962481672e-05
PENDPt_c_m,0.0
PHEACt_c_e,0.0
PItps_e,0.05058619656655772
PItps_m,11.38737494487285
Ktps_e,0.07693020325273188
PTRCtpa_e,0.0
PTRCtpa_v,0.0
PYDXNtps_e,0.0
PYRtps_e,0.0
AMETtps_e,0.0
AMETt_c_m,0.0
MMETtps_e,0.0
NAtpa_e,0.0
SPMDtpa_e,0.0
SPMDtpa_v,0.0
SPRMtpa_e,0.0
SPRMtpa_v,0.0
SUCCt2_m,0.0
SUCFUMt_c_m,6.241670073938039
SO4t_c_e,0.01212977989274754
SO3t_c_e,0.0
TAURt_c_e,0.0
THMPPt_m,0.0
THMtps_e,1.2744173486744218e-07
URAtps_e,0.0
UREAtps_e,0.0
URItps_e,0.0
UTPt_c_m,0.0
UTPUMPtp_m,0.0
H2Ot_c_e,-5.758037996343801
ZYMSTt_e_en,0.0
ARGtps_m,0.0
PYRtps_m,0.4429829740432278
TREtps_e,0.0
AKGMALta_m,0.1860838431808814
FACOA120tabc_x,0.0
FACOA140tabc_x,0.0
FACOA160tabc_x,0.0
FACOA161tabc_x,0.0
FACOA180tabc_x,0.0
FACOA181tabc_x,0.0
FACOA200tabc_x,0.0
FACOA220tabc_x,0.0
FACOA240tabc_x,0.0
FACOA260tabc_x,0.0
EX_13BDglucan_e,0.0
13BDGLUCANt_c_en,0.0
EX_crn_e,-0.0
EX_lac__D_e,0.0
EX_mev__R_e,0.0
EX_pnto__R_e,-2.421392962481672e-05
EX_btd_e,0.0
EX_3mop_e,0.0
EX_lac__L_e,0.0
EX_mal__L_e,0.0
EX_g3pi_e,-0.0
EX_1agpc_gen_e,-0.0
MI13456Pt_c_n,0.0
MI1Pt_c_r,0.0
EX_dad_2_e,0.0
EX_dgsn_e,0.0
EX_din_e,-0.0
EX_duri_e,0.0
2DDA7Pt_c_m,0.0
2DHPt_c_m,0.0
EX_3c3hmp_e,0.0
3C3HMPt_c_e,0.0
3C3HMPt_c_m,-0.05085396365917158
2MBTOHt_c_e,0.0
2MBTOHt_c_m,0.0
EX_2mbald_e,-0.0
2MBALDt_c_e,0.0
2MBALDt_c_m,0.0
EX_2mbtoh_e,0.0
EX_2mbac_e,0.0
IBTALDt_c_e,0.0
IBTALDt_c_m,0.0
2OBUTt_c_m,0.03739461014513623
EX_akg_e,0.0
AKGt_c_n,0.0
AKGt_c_e,0.0
EX_2phetoh_e,0.0
2PHETOHt_c_e,0.0
2PHETOHt_c_m,0.0
3C4MOPt_c_m,0.0
3MOPt_c_m,-0.03739461014513623
3MOPt_c_e,0.0
EX_3mbald_e,-0.0
3MBALDt_c_e,0.0
3MBALDt_c_m,0.0
3HXPHBt_c_m,0.0
AHMMPS4_c,0.0
EX_4abz_e,-8.028829296652384e-06
4ABZt_c_e,-8.028829296652384e-06
4ABZt_c_m,8.028829296652384e-06
4ABUTNt_c_m,0.0
4ABUTt_c_m,0.0
4H2OGLTt_c_m,0.0
4H2OGLTt_c_x,0.0
4HBZt_c_m,0.0
NTD7pp_c,0.0
NTD6pp_c,0.0
NTD3pp_c,0.0
NTD8_c,0.0
NTD5_c,0.0
NTD1pp_c,0.0
NTD10pp_c,0.0
EX_5aop_e,0.0
5AOPt_c_m,-1.0195338789395374e-06
FTHFCL_m,0.0
EX_5fthf_e,-0.0
EX_dann_e,-0.0
DANNt_c_e,0.0
EX_8aonn_e,-0.0
EX_xan_e,0.0
EX_acald_e,0.0
ACALDt_c_m,0.0
ACALDt_c_e,0.0
EX_ac_e,0.0
ACt_c_n,0.0
ACCOAt_c_n,0.0
ACRNt_c_x,0.0
ADEt_c_m,0.0
EX_pap_e,0.0
PAPt_c_m,0.0
ADPt_c_n,0.0
ADPt_c_r,0.0
AKGt_c_x,0.0
EX_alltt_e,0.0
EX_tre_e,0.0
AKGMALt_c_e,0.0
EX_nh4_e,-0.9851254625227964
AMPt_c_n,0.0
ASNt_c_m,0.0
ASPGLUt_c_x,0.0
ATPt_c_n,0.0
ATPt_c_r,0.0
HCO3E_m,0.0
HCO3E_n,0.0
HCO3E_c,0.5886078637865405
HCO3E_e,0.0
HCO3t_c_n,0.0
EX_btn_e,-0.0
EX_co2_e,3.232334244917808
CRNt_c_x,0.0
CRNCARt_c_x,0.0
CDPt_c_n,0.0
CHLSTI_c,0.001376404119634315
EX_chol_e,0.0
CHOLt_c_en,0.0
CHRPL_c,0.0
CITt_c_e,0.0
EX_cit_e,0.0
CITICTta_x,0.0
CITMALta_x,0.0
CMPN_c,0.0
CO2t_c_r,-0.0001585400912156018
CO2t_c_n,0.0
CO2t_c_x,0.0
CO2t_c_m,-1.5941095322241883
CO2t_c_e,3.232334244917808
COAt_c_r,-0.0003170801824312036
COAt_c_n,0.0
COAt_c_x,0.0
CYTK1_c,0.0020614240878449853
CYTK2_c,0.0
EX_arab__D_e,0.0
ARABDt_c,0.0
E4Pt_c_m,0.0
EX_fru_e,0.0
EX_gal_e,0.0
EX_galur_e,-0.0
EX_sbt__D_e,0.0
GAM6Pt_c,0.0
EX_glc__D_e,-1.353245177
EX_man_e,0.0
EX_rib__D_e,0.0
SBTDt_c_e,0.0
EX_xyl__D_e,0.0
XYLt_c_e,0.0
DADPt_c_n,0.0
DCDPt_c_n,0.0
ATPHs_c,0.0
NTPDA2_c,0.0
NDPDA1_c,0.0
NDPDA2_c,0.0
DNADt_c_n,0.0
DADt_c_e,0.0
DADK_c,0.0
EX_dcyt_e,0.0
DCYTt_c_e,0.0
DGSNt_c_e,0.0
DINt_c_e,0.0
DURIK1_c,0.0
DURIt_c_e,0.0
DPCOAK_c,2.421392962481672e-05
DGDPt_c_n,0.0
DHNPTt_c_m,8.028829296652384e-06
SPRMAT_c,0.0
DHFt_c_m,0.0
DNTPPA_c,8.028829296652384e-06
DHPTt_c_m,-8.028829296652384e-06
DHAPt_c_m,4.759534823717676
PPIt_c_x,0.0
DOLPt_c_r,-0.05975022677282328
EX_dttp_e,0.0
DTTPt_c,0.0
DUDPt_c_n,0.0
DUMPt_c_n,0.0
EX_epist_e,0.0
ERGTETROLt_c_r,0.001376404119634315
EX_ergst_e,0.0
ERGSTt_c_r,0.00109584084925214
ERGSTt_c_l,0.0
ERGSTt_c_en,0.0
EX_etoh_e,0.0
ETOHt_c_e,0.0
ETOHt_c_m,0.0
EX_etha_e,0.0
EX_etac_e,0.0
FRDPt_c_m,1.2744173486744218e-07
DCAt_c_x,0.0
DDCAt_c_x,0.0
HDCEAt_x,0.0
OCTAt_c_x,0.0
TTDCAt_c_e,0.0
EX_fecost_e,0.0
FMNAT_m,0.0
EX_fmn_e,0.0
EX_fol_e,-0.0
EX_for_e,0.0
FORt_c_m,0.0
FORt_c_e,0.0
FUMt_c_e,0.0
FRUK_c,0.0
EX_fum_e,0.0
GDPt_c_g,0.0
GDPt_c_n,0.0
GDPMANNt_c_g,0.0
GLCt_c_v,0.0
EX_gthox_e,0.0
EX_glyc_e,0.0
GLYC3Pt_c_m,4.759534823717676
EX_gly_e,0.0
GLYt_c_m,1.8457721290425093
GCALDt_c_m,-8.028829296652384e-06
GCALDt_c_e,-8.028829296652384e-06
EX_gcald_e,8.028829296652384e-06
EX_glx_e,0.0
GLXt_c_e,0.0
GLXt_c_x,0.0
GUAt_c_m,0.0
GSNK_c,0.0
GSNt_c_m,0.0
GSNt_c_e,0.0
Ht_c_e,0.0
Ht_c_r,-0.056616922314637205
Ht_c_g,0.0
Ht_c_l,0.0
Ht_c_n,0.0
Ht_c_x,0.0
Ht_c_v,0.0
EX_h_e,0.3355437481153308
HXCCOAt_c_r,7.92700456078009e-05
EX_hxdcal_e,-0.0
HDCAt_c_e,0.0
HDCEAt_c_e,0.0
HISt_c_m,0.0
H2O2t_c_n,0.0
HMGCOAt_c_m,-0.008258807043010491
EX_hxan_e,0.0
HXANt_c_e,0.0
EX_id3acald_e,0.0
ID3ACALDt_c_m,0.0
ID3ACALDt_c_e,0.0
IND3ACt_c_m,0.0
INSt_c_e,0.0
INOSHPt_c_n,0.0
INSK_c,0.0
EX_fe2_e,-8.474875368684954e-05
EX_iamac_e,-0.0
IAMOHt_c_e,0.0
IAMOHt_c_m,0.0
EX_iamoh_e,0.0
EX_ibutoh_e,0.0
EX_ibutac_e,-0.0
IBUTOHt_c_e,0.0
IBUTOHt_c_m,0.0
EX_ibtald_e,-0.0
PHCHGS_m,0.0
AOBUTDs_c,0.0
EX_ala__L_e,0.0
ALAt_c_m,0.06202800354683472
EX_abt__L_e,-0.0
ABTt_c_e,0.0
ARABLt_c,0.0
EX_arab__L_e,-0.0
EX_arg__L_e,0.0
EX_asn__L_e,0.0
EX_asp__L_e,0.0
CRNt_c_m,0.0
EX_cys__L_e,0.0
E4HGLUt_c_m,0.0
E4HGLUt_c_x,0.0
EX_sbt__L_e,0.0
G5SADr_c,0.026791940528828134
EX_glu__L_e,0.0
GLUt_c_n,0.0
EX_gln__L_e,0.0
GLNt_c_n,0.0
EX_his__L_e,0.0
HOMt_c_e,0.0
EX_ile__L_e,0.0
ILEt_c_m,0.0
EX_leu__L_e,0.0
EX_lys__L_e,0.0
MALt_c_e,0.0
EX_met__L_e,0.0
EX_phe__L_e,0.0
EX_pro__L_e,0.0
PROt_c_m,0.0
EX_ser__L_e,0.0
SERt_c_r,0.0001585400912156018
SBTLt_c_e,0.0
EX_srb__L_e,-0.0
SRBt_c_e,0.0
EX_thr__L_e,0.0
EX_trp__L_e,0.0
EX_tyr__L_e,0.0
EX_val__L_e,0.0
EX_lanost_e,0.0
EX_ddca_e,0.0
LYSt_c_m,0.0
MALOAAta_x,0.0
EX_malt_e,0.0
MANNANt_c_r,-0.05975022677282328
METt_c_m,0.0
MGSA_c,0.0
EX_inost_e,-0.00044340535397615515
EX_Nfortyr2_e,-0.0
NADPt_c_r,-0.003133304458186074
NADPHt_c_r,0.003133304458186074
NH4t_c_m,-0.9228855547543152
NCAMt_c_n,0.0
EX_nac_e,-0.0007735713306452725
EX_nmn_e,0.0
NMNt_c_n,0.0
NMNt_c_x,0.0
NMNt_c_e,0.0
NDP4_c,0.0
NTP4_c,0.0
ACRNt_c_m,0.0
O2t_c_r,0.0015983602473361573
O2t_c_m,3.1208354830150915
O2t_c_e,3.140015971583866
O2t_c_x,0.0
OCDCAt_c_e,0.0
EX_octa_e,0.0
OAAt_c_e,0.0
EX_oaa_e,0.0
GTHOXt_c_e,0.0
TRDOXt_c_x,0.0
EX_o2_e,-3.140015971583866
EX_hdca_e,0.0
EX_hdcea_e,0.0
PMTCOAt_c_r,0.0001585400912156018
PAN4Pt_c_m,0.0
PTPATi_m,0.0
PAPt_c,0.0
EX_pectin_e,-0.0
EX_pheac_e,0.0
EX_pacald_e,-0.0
PACALDt_c_e,0.0
PACALDt_c_m,0.0
PHEt_c_m,0.0
EX_pi_e,-0.05058619656655772
PIt_c_v,0.0
EX_k_e,-0.07693020325273188
PPPG9t_c_m,1.2744173486744218e-07
PRPPt_c_m,0.0
EX_ptrc_e,0.0
PYDXK_c,0.0
PYDAMK_c,0.0
HYPOE_c,0.0
EX_pydxn_e,-0.0
PMDPHT_c,0.0
PYNP2r_c,0.0
PPIt_c_m,1.130626090180891
EX_pyr_e,0.0
QULNt_c_m,0.0
TRDRDt_c_x,0.0
EX_ribflv_e,-0.0001274417348674429
RIBFLVt_c_m,0.0
RIBFLVt_c_e,0.0001274417348674429
RIBt_c_e,0.0
AHCYSt_c_m,0.0
EX_amet_e,0.0
EX_mmet_e,-0.0
SERt_c_m,-0.9228855547543152
EX_g3pc_e,0.0
EX_na1_e,0.0
SPMDAT_c,0.0
EX_spmd_e,-0.0
EX_sprm_e,-0.0
SQLt_c_r,0.001376404119634315
SSQ23EPXt_c_r,0.001376404119634315
EX_ocdca_e,0.0
EX_succ_e,0.0
SUCCt_c_e,0.0
EX_sucr_e,0.0
EX_so4_e,-0.01212977989274754
EX_so3_e,-0.0
EX_taur_e,-0.0
TTCCOAt_c_r,7.92700456078009e-05
THMP_c,0.0
TMN_c,0.0
EX_thmpp_e,0.0
EX_thm_e,-1.2744173486744218e-07
EX_thmmp_e,0.0
TMPK_c,0.0
THZPSN2_c,0.0
THZPSN1_c,0.0
THRt_c_m,0.0
EX_thymd_e,0.0
TMDK1_c,0.0
THYMDt_c_e,0.0
TREt_c_v,0.0
TRPt_c_m,0.0
EX_ind3eth_e,0.0
IND3ETHt_c_e,0.0
IND3ETHt_c_m,0.0
TYRt_c_m,0.0
TYRt_c_x,0.0
UMPt_c_n,0.0
EX_ura_e,0.0
EX_urea_e,-0.0
EX_uri_e,0.0
VALt_c_m,-0.046536869404912286
H2Ot_c_r,-0.0015983602473361573
H2Ot_c_g,0.0
H2Ot_c_m,-17.730754857371455
H2Ot_c_n,0.0
H2Ot_c_x,0.0
H2Ot_c_v,0.0
EX_h2o_e,5.758037996343801
XANt_c_e,0.0
EX_xtsn_e,0.0
XTSNt_c_e,0.0
EX_xylt_e,0.0
XYLTt_c_e,0.0
EX_zymst_e,0.0
ZYMSTt_c_en,0.0
COAt_c_l,0.0
Ht_c_m,0.0
EX_14dmlanost_e,0.0
14DMLANOSTt_c_e,0.0
EX_ergtetrol_e,0.0
ERGTETROLt_c_e,0.0
OCTAt_c_e,0.0
DCAt_c_e,0.0
DDCAt_c_e,0.0
EX_but_e,0.0
EX_hxa_e,0.0
EX_ocdcea_e,0.0
BUTt_c_e,0.0
HXAt_c_e,0.0
OCDCEAt_c_e,0.0
EX_ttdca_e,0.0
BUTt_c_x,0.0
HXAt_c_x,0.0
DDCAt_c_rm,0.0
TTDCAt_c_rm,0.0
HDCAt_c_rm,-1.1538677231930624e-05
HDCEAt_c_rm,-3.386351723208698e-05
OCDCAt_c_rm,-3.2014827001888508e-06
OCDCEAt_c_rm,-1.2424609750097959e-05
MALCOAt_c_rm,0.0005548903192546062
DDCACOAt_c_rm,0.0
TDCOAt_c_rm,0.0
PMTCOAt_c_rm,0.003674965993337537
HDCOAt_c_rm,-4.000055537708268e-09
STCOAt_c_rm,0.0014304570738890177
ODECOAt_c_rm,1.207384263575898e-08
ICOSCOAt_c_rm,0.0
DOCOSCOAt_c_rm,0.0
TTCCOAt_c_rm,-7.92700456078009e-05
HXCCOAt_c_rm,-7.92700456078009e-05
Ht_c_rm,0.0006391882193357394
H2Ot_c_rm,-0.008005624639296145
CO2t_c_rm,-0.0005548903192546062
COAt_c_rm,-0.005501781369052657
NADPHt_c_rm,0.0011097806385092124
NADPt_c_rm,-0.0011097806385092124
O2t_c_rm,0.003817959683360466
NADHt_c_rm,0.003817959683360466
NADt_c_rm,-0.003817959683360466
GLYC3Pt_c_rm,0.0021613176245486995
DHAPt_c_rm,0.0
PPIt_c_rm,-0.002037242765796686
PIt_c_rm,-0.00012412415218857143
CTPt_c_rm,0.0020372101582201685
CDPt_c_rm,0.0
CMPt_c_rm,-0.0020372101582201685
CDPEAt_c_rm,0.0
CDPCHOLt_c_rm,0.0
ATPt_c_rm,3.260757651753318e-08
AMPt_c_rm,-3.260757651753318e-08
SERt_c_rm,0.0015938048042440133
INOSTt_c_rm,0.00044340535397615515
AMETt_c_rm,0.003188576723053709
AHCYSt_c_rm,-0.003188576723053709
EPISTt_c_rm,0.0
FECOSTt_c_rm,0.0
LANOSTt_c_rm,0.0
ERGSTt_c_rm,0.0
ZYMSTt_c_rm,0.0
G3PCt_c_rm,0.0
HDCAt_c_l,0.0
HDCEAt_c_l,1.4507433215323181e-08
OCDCAt_c_l,0.0
OCDCEAt_c_l,1.8864286866190485e-08
DDCACOAt_c_l,0.0
TDCOAt_c_l,0.0
PMTCOAt_c_l,6.3062539437713046e-09
HDCOAt_c_l,4.000055537708268e-09
STCOAt_c_l,1.767533154108309e-09
ODECOAt_c_l,-1.207384263575898e-08
GLYC3Pt_c_l,1.6685860040888123e-08
DHAPt_c_l,0.0
NADPHt_c_l,0.0
NADPt_c_l,0.0
ATPt_c_l,3.3371720081513666e-08
AMPt_c_l,-3.3371720081513666e-08
PPIt_c_l,-3.3371720081513666e-08
H2Ot_c_l,0.0
GLYCt_c_l,0.0
DOCOSCOAt_c_l,0.0
TTCCOAt_c_l,0.0
HXCCOAt_c_l,0.0
ATPt_c_en,0.0
ADPt_c_en,0.0
Ht_c_en,0.0
H2Ot_c_en,0.0
PIt_c_en,0.0
G3PCt_c_en,0.0
G3PIt_c_en,0.0
HDCAt_c_en,0.0
HDCEAt_c_en,0.0
OCDCAt_c_en,0.0
OCDCEAt_c_en,0.0
ICOSCOAt_c_en,0.0
DOCOSCOAt_c_en,0.0
TTCCOAt_c_en,0.0
HXCCOAt_c_en,0.0
H2Ot_c_vm,0.0
PIt_c_vm,0.0
Ht_c_vm,0.0
ATPt_c_vm,0.0
ADPt_c_vm,0.0
CO2t_c_vm,0.0
H2Ot_c_gm,0.0
PIt_c_gm,0.0
Ht_c_gm,0.0
CO2t_c_gm,0.0
ATPt_c_gm,0.0
ADPt_c_gm,0.0
H2Ot_c_mm,0.0
CO2t_c_mm,-0.0013484911923420432
HDCOAt_c_mm,0.0
ODECOAt_c_mm,0.0
HDCAt_c_mm,0.0
OCDCAt_c_mm,0.0
COAt_c_mm,0.0
DDCAt_l_rm,0.0
TTDCAt_l_rm,0.0
TTCt_l_rm,0.0
HXCAt_l_rm,0.0
EPISTt_l_rm,0.0
FECOSTt_l_rm,0.0
LANOSTt_l_rm,0.0
ZYMSTt_l_rm,0.0
ERGST161t_l_rm,0.0
ERGST181t_l_rm,0.0
EPIST161t_l_rm,0.0
EPIST181t_l_rm,0.0
FECOST161t_l_rm,0.0
FECOST181t_l_rm,0.0
LANOST161t_l_rm,0.0
LANOST181t_l_rm,0.0
ZYM161t_l_rm,0.0
ZYM181t_l_rm,0.0
TTCt_en_rm,0.0
HXCAt_en_rm,0.0
ZYM161t_en_rm,0.0
ZYM181t_en_rm,0.0
TTCt_r_rm,0.0
HXCAt_r_rm,0.0
ERGSTt_r_rm,0.00028056327038217493
PIt_r_rm,0.0
Ht_m_mm,0.0026969823846840863
GLYC3Pt_m_mm,0.0
CMPt_m_mm,0.0
CTPt_m_mm,0.0
PIt_m_mm,0.0
PPIt_m_mm,0.0
HEMEAt_c_m,1.2744173486744218e-07
EX_melib_e,-0.0
ATPM_c,1.0
CYCCL_m,0.0
ACTNOR_c,0.0
ACTNOR_n,0.0
PADPRGH_c,0.0
ADPRIB1P_c,0.0
ALG14RXN_r,0.0
ARGt_c_v,0.0
HISt_c_v,0.0
LYSt_c_v,0.0
NA1CLKt_c_v,0.0
GTHH_c,0.0
MN2tabc_c_r,0.0
OAADC_c,0.0
GTHCT_c,0.0
ZN2t_c_r,0.0
5OPROAH_c,0.0
CYSGLYP_c,0.0
FMNH_c,-1.2744173486744344e-06
NA1tabc_c_e,0.0
GLCNK_c,0.0
DNTPPY1_c,0.0
DNTPPY2_c,0.0
DNTPPY3_c,0.0
APOOCT_m,0.0
APOLIPT_m,0.0
4ABTORy_c,0.0
4ABTORx_c,0.0
r_4323_m,0.0
r_4324_m,0.0
MG2t_c_m,0.0
PYDXR_c,0.0
CHOLt_c_e,0.0
ENPP_c,0.0
2HGOR_c,0.0
CA2tps_c_e,0.000163890071039531
CUtps_c_e,1.4528357774888446e-05
MN2tps_c_e,1.197952307753963e-05
ZN2tps_c_e,0.0002008481741510893
MG2tps_c_e,0.008106186429713436
EX_cl_e,0.0
EX_cu2_e,-1.4528357774888446e-05
EX_mn2_e,-1.197952307753963e-05
EX_zn2_e,-0.0002008481741510893
EX_mg2_e,-0.008106186429713436
EX_ca2_e,-0.000163890071039531
PIt_c_g,0.0
PPCOAt_c_m,0.0
UDPt_c_g,0.0
UDPt_c_n,0.0
UMPt_c_g,0.0
DHAPAT_rm,0.0
DHAPAT_l,0.0
G3PAT_rm,0.0021613176245486995
G3PAT_l,1.6685860040888123e-08
AGNPR_rm,0.0
AGNPR_l,0.0
AGPAT_rm,0.0021613176245486995
AGPAT_l,1.6685860040454442e-08
ETHAPT_rm,0.0
CHOLPT_rm,0.0
CDPDAGS_rm,0.0020372101582201685
PSSA_rm,0.0015938048042440133
PAILS_rm,0.00044340535397615515
PGPS_mm,0.0
PGPP_mm,0.0
CLPNS_mm,0.0
1MLCLAT_mm,0.0
3MLCLAT_mm,0.0
PAP_rm,0.00012412415218857143
PAP_vm,0.0
PAP_gm,0.0
DGAT_rm,0.00034372513789499514
DGAT_l,0.0
TAGL_l,0.0
DAGL_l,0.0
DAGL_m,0.0
MAGL_l,0.0
DAGK_rm,0.0
PAK_gm,0.0
PAK_vm,0.0
DGPP_vm,0.0
DGPP_gm,0.0
LPAP_vm,0.0
LPAP_c,0.0
LPAP_gm,0.0
PDAGATpe_rm,0.0
PDAGATpc_rm,-6.106089449082195e-05
PSD_mm,0.0013484911923420432
PSD_gm,0.0
PSD_vm,0.0
PEMT_rm,0.0010628589076845697
PMEMT_rm,0.0010628589076845697
PDMEMT_rm,0.0010628589076845697
LPCAT_mm,0.0
LPEAT_l,0.0
PLAA2pc_l,0.0
PLAA2pe_l,0.0
PLAclpn1_mm,0.0
PLAclpn3_mm,0.0
PLABlpc_en,0.0
PLABlpc_rm,0.0
PLABlpe_en,0.0
PLABlpi_en,0.0
PLABlps_en,0.0
PLABpc_en,0.0
PLABpc_rm,6.106089449082195e-05
PLABpe_en,0.0
PLABpi_en,0.0
PLABps_en,0.0
PLACipc_r,0.0
PLACmipc_r,0.0
PLACmip2c_r,0.0
PLACipc_m,0.0
PLACmipc_m,0.0
PLACmip2c_m,0.0
PLACpail45p_c,0.0
PLACpail45p_n,0.0
PLACpg_mm,0.0
PLADpc_en,0.0
PI3PP_en,0.0
PI3PP_c,0.0
PI3PP_rm,0.0
PI3PP_gm,0.0
PI4PP_en,0.0
PI4PP_c,0.0
PI4PP_rm,0.0
PI4PP_gm,0.0
LPIAT_rm,0.0
PAIL4K_en,0.0
PAIL4K_vm,0.0
PAIL4K_gm,0.0
PAIL4K_n,0.0
PAIL3K_vm,0.0
PI4P5K_n,0.0
PI4P5K_en,0.0
PI45P5P_c,0.0
PI45P5P_en,0.0
PI45P5P_rm,0.0
PI3P5K_vm,0.0
PI35P5P_en,0.0
PI35P5P_c,0.0
PI35P5P_vm,0.0
IPCS_g,0.00015854009121560176
MIPCS_g,0.0
IPT_g,0.0
compCER_m,0.0
compCER_r,0.00015854009121560176
compCER_g,0.0
compACYLCOA_c,0.0
compACYLCOA_l,3.3371720081342565e-08
compACYLCOA_m,0.0
compACYLCOA_r,0.0
compACYLCOA_rm,0.004666360386992394
compACYLCOA_x,0.0
compFALPD_mm,0.0
compFALPD_l,0.0
compFALPD_m,0.0
compFALPD_rm,-6.106089449082195e-05
compFALPD_en,0.0
PAt_gm_rm,0.0
PAt_l_rm,1.6685860040454442e-08
PAt_mm_rm,0.0
PAt_rm_vm,0.0
PAt_en_rm,0.0
DAGt_c_l,0.0
DAGt_c_mm,0.0
DAGt_c_n,0.0
DAGt_c_rm,0.0
DAGt_gm_rm,0.00015854009121560176
TAGt_c_rm,-0.0002826642434041732
TAGt_l_rm,0.0
1AGPEt_l_rm,0.0
1AGPCt_l_rm,0.0
PSt_c_rm,-0.00024531361190197016
PSt_en_rm,0.0
PSt_mm_rm,-0.0013484911923420432
PSt_gm_rm,0.0
PSt_rm_vm,0.0
PAILt_c_rm,-0.0002848652627605534
PAILt_en_rm,0.0
PAILt_rm_vm,0.0
PAILt_gm_rm,-0.00015854009121560176
PAILt_n_rm,0.0
CERt_g_r,0.00015854009121560176
PCt_l_rm,0.0
PCt_en_rm,0.0
PCt_mm_rm,0.0
PCt_c_rm,-0.00106285890768457
PEt_l_rm,0.0
PEt_gm_rm,0.0
PEt_c_rm,-0.00028563228465747345
PEt_en_rm,0.0
PEt_mm_rm,0.0013484911923420432
PEt_rm_vm,0.0
PAIL4Pt_c_en,0.0
PAIL4Pt_en_rm,0.0
PAIL45Pt_c_n,0.0
PAIL45Pt_c_en,0.0
PAIL45Pt_en_rm,0.0
PAIL3Pt_gm_vm,0.0
PAIL3Pt_rm_vm,0.0
PAIL35Pt_c_vm,0.0
PAIL35Pt_en_vm,0.0
IPCt_g_r,0.0
MIPCt_g_r,0.0
MIP2Ct_g_r,0.0
BIOMASS_AERO_SC_hvd,0.0
BIOMASS_AERO_SC_RBA,0.12529665283112218
AKGDH_m,1.0195338789395374e-06
ETFOXRq6_m,0.0
FADt_c_m,6.224072653559434
PYDX5PS_c,0.0
PRENT13_rm,0.0
PRENT11_rm,0.0
PRENT20_rm,0.0
PRENT16_rm,0.0
PRENT8_rm,0.0
PRENT19_rm,0.0
PRENT14_rm,0.0
PRENT7_rm,0.0
PRENT12_rm,0.0
PRENT21_rm,0.0
GGTT_rm,0.0
PRENT6_rm,0.0
PRENT10_rm,0.0
PRENT18_rm,0.0
FRTT_rm,0.0
PRENT17_rm,0.0
PRENT9_rm,0.0
PPTT_rm,0.0
PRENT15_rm,0.0
SERD_L_m,0.0
HCITS_c,0.0
HCITt_c_m,0.0
THFGLUS_m,0.0
PEPSM1_c,0.0
FLPT_c,0.0
FMETTRS_c,0.0
LDHDf_c,0.0
compCERANAERO_r,0.0
BIOMASS_BATCHANAERO_SC_hvd,0.0
BIOMASS_CHEMOANAERO_SC_hvd,0.0
BIOMASS_STARVEAERO_SC_hvd,0.0
BIOMASS_STARVEANAERO_SC_hvd,0.0
DICAT1_c,0.0
DICAT2_c,0.0
DICAT3_c,0.0
DICAT4_c,0.0
DICAT5_c,0.0
DICAT6_c,0.0
DICAT7_c,0.0
DICAT8_c,0.0
EX_cobalt2_e,0.0
COBALT2t_c_e,0.0
EX_ni2_e,0.0
NI2t_c_e,0.0
HEME1_c,0.0
HEME2_c,0.0
HEME3_c,0.0
HEME4_c,0.0
LIPOATE_m,0.0
MONCAT1_c,0.0
MONCAT2_c,0.0
MONCAT3_c,0.0
