YBL027W,KAJ8297155.1,62.434,189,71,0,1,189,1,189,3.10e-68,206,81.48
YBL027W,GEM06089.1,60.204,196,71,1,1,189,1,196,3.03e-65,199,78.57
YBL027W,XP_016275756.1,60.317,189,68,1,1,189,1,182,4.76e-62,191,77.78
YBL072C,XP_016273916.1,64.563,206,67,1,1,200,1,206,6.22e-94,273,77.67
YBL072C,PRQ74366.1,64.078,206,68,1,1,200,1,206,1.35e-93,272,77.67
YBL072C,GEM10535.1,64.078,206,68,1,1,200,1,206,1.07e-92,270,77.67
YBL087C,XP_016271748.1,82.031,128,23,0,10,137,14,141,1.52e-76,223,90.62
YBL087C,PRQ75513.1,35.075,134,61,7,15,131,2,126,3.74e-07,46.6,47.76
YBL087C,GEM11817.1,34.328,134,62,7,15,131,2,126,3.86e-07,46.6,47.76
YBL087C,XP_016272567.1,35.075,134,61,7,15,131,2,126,3.94e-07,46.6,47.76
YBL087C,KAJ8291277.1,33.566,143,71,6,12,137,1289,1424,6.97e-07,47.4,47.55
YBL092W,PRQ77282.1,58.197,122,51,0,8,129,7,128,6.64e-45,142,71.31
YBL092W,GEM12115.1,57.377,122,52,0,8,129,7,128,1.10e-44,142,71.31
YBL092W,KAJ8297358.1,54.815,135,51,1,5,129,37,171,1.51e-44,143,66.67
YBL092W,XP_016276042.1,51.587,126,61,0,4,129,129,254,1.11e-38,130,66.67
YBR031W,PRQ71900.1,67.576,330,105,2,2,330,3,331,4.15e-149,426,82.73
YBR031W,XP_016274116.1,67.576,330,105,2,2,330,3,331,4.83e-149,425,82.73
YBR031W,KAJ8292673.1,67.576,330,105,2,2,330,3,331,4.83e-149,425,82.73
YBR031W,GEM10314.1,69.481,308,93,1,24,330,28,335,3.21e-142,408,83.77
YBR031W,XP_016275843.1,31.250,112,63,6,20,127,95,196,4.18e-04,42.4,51.79
YBR031W,PRQ77078.1,30.357,112,64,6,20,127,95,196,6.40e-04,41.6,51.79
YBR031W,GEM06023.1,30.833,120,53,6,20,127,95,196,0.001,41.2,45.00
YBR048W,KAJ8297155.1,62.434,189,71,0,1,189,1,189,3.10e-68,206,81.48
YBR048W,GEM06089.1,60.204,196,71,1,1,189,1,196,3.03e-65,199,78.57
YBR048W,XP_016275756.1,60.317,189,68,1,1,189,1,182,4.76e-62,191,77.78
YBR084C-A,KAJ8297155.1,62.434,189,71,0,1,189,1,189,3.10e-68,206,81.48
YBR084C-A,GEM06089.1,60.204,196,71,1,1,189,1,196,3.03e-65,199,78.57
YBR084C-A,XP_016275756.1,60.317,189,68,1,1,189,1,182,4.76e-62,191,77.78
YBR181C,KAJ8297155.1,62.434,189,71,0,1,189,1,189,3.10e-68,206,81.48
YBR181C,GEM06089.1,60.204,196,71,1,1,189,1,196,3.03e-65,199,78.57
YBR181C,XP_016275756.1,60.317,189,68,1,1,189,1,182,4.76e-62,191,77.78
YBR189W,KAJ8297155.1,62.434,189,71,0,1,189,1,189,3.10e-68,206,81.48
YBR189W,GEM06089.1,60.204,196,71,1,1,189,1,196,3.03e-65,199,78.57
YBR189W,XP_016275756.1,60.317,189,68,1,1,189,1,182,4.76e-62,191,77.78
YBR191W,XP_016271250.1,70.000,160,48,0,1,160,1,160,4.34e-73,216,82.50
YBR191W,GEM11507.1,68.750,160,50,0,1,160,1,160,8.45e-72,213,81.25
YCR031C,KAJ8293992.1,84.874,119,18,0,8,126,21,139,3.47e-72,213,93.28
YCR031C,GEM08591.1,84.034,119,19,0,8,126,21,139,1.96e-71,211,92.44
YCR031C,PRQ78197.1,87.611,113,14,0,14,126,61,173,1.12e-69,207,94.69
YCR031C,XP_016270800.1,82.203,118,21,0,9,126,35,152,1.90e-67,201,91.53
YCR031C,KAJ8293993.1,88.785,107,12,0,20,126,62,168,5.72e-67,201,96.26
YDL061C,KAJ8297155.1,62.434,189,71,0,1,189,1,189,3.10e-68,206,81.48
YDL061C,GEM06089.1,60.204,196,71,1,1,189,1,196,3.03e-65,199,78.57
YDL061C,XP_016275756.1,60.317,189,68,1,1,189,1,182,4.76e-62,191,77.78
YDL075W,XP_016275534.1,51.327,113,53,1,2,112,14,126,2.24e-34,115,67.26
YDL075W,PRQ78081.1,51.327,113,53,1,2,112,14,126,3.47e-34,115,67.26
YDL075W,GEM08692.1,47.788,113,57,1,2,112,14,126,1.19e-30,106,65.49
YDL081C,XP_016276143.1,54.630,108,47,1,1,106,1,108,2.93e-18,73.6,69.44
YDL081C,GEM09451.1,53.704,108,48,1,1,106,1,108,1.10e-17,72.4,68.52
YDL081C,XP_016272048.1,32.609,92,55,2,22,106,19,110,0.001,35.8,54.35
YDL081C,PRQ72494.1,68.000,25,8,0,82,106,86,110,0.003,34.7,76.00
YDL082W,CDR47566.1,47.423,194,90,3,1,182,1,194,5.73e-51,164,64.43
YDL082W,GEM12099.1,48.187,193,88,3,2,182,39,231,6.28e-51,165,65.80
YDL082W,PRQ77299.1,46.907,194,91,3,1,182,1,194,1.68e-50,162,63.92
YDL082W,XP_016276058.1,48.387,186,84,3,9,182,15,200,4.20e-50,161,66.13
YDL082W,KAJ8297371.1,48.387,186,84,3,9,182,43,228,7.95e-47,160,66.13
YDL083C,KAJ8297155.1,62.434,189,71,0,1,189,1,189,3.10e-68,206,81.48
YDL083C,GEM06089.1,60.204,196,71,1,1,189,1,196,3.03e-65,199,78.57
YDL083C,XP_016275756.1,60.317,189,68,1,1,189,1,182,4.76e-62,191,77.78
YDL130W,GEM09451.1,57.426,101,42,1,7,106,8,108,2.41e-17,71.2,71.29
YDL130W,XP_016276143.1,56.436,101,43,1,7,106,8,108,9.67e-17,69.7,71.29
YDL130W,XP_016272048.1,39.048,105,57,3,9,106,6,110,2.13e-05,40.4,54.29
YDL130W,PRQ72494.1,39.048,105,57,3,9,106,6,110,3.42e-05,40.0,53.33
YDL133C-A,KAJ8297155.1,62.434,189,71,0,1,189,1,189,3.10e-68,206,81.48
YDL133C-A,GEM06089.1,60.204,196,71,1,1,189,1,196,3.03e-65,199,78.57
YDL133C-A,XP_016275756.1,60.317,189,68,1,1,189,1,182,4.76e-62,191,77.78
YDL136W,KAJ8297155.1,62.434,189,71,0,1,189,1,189,3.10e-68,206,81.48
YDL136W,GEM06089.1,60.204,196,71,1,1,189,1,196,3.03e-65,199,78.57
YDL136W,XP_016275756.1,60.317,189,68,1,1,189,1,182,4.76e-62,191,77.78
YDL191W,XP_016274852.1,53.333,120,52,2,4,120,7,125,1.04e-34,116,75.00
YDL191W,EGU13091.1,60.811,74,28,1,47,120,165,237,8.89e-23,89.0,81.08
YDR012W,KAJ8297155.1,62.434,189,71,0,1,189,1,189,3.10e-68,206,81.48
YDR012W,GEM06089.1,60.204,196,71,1,1,189,1,196,3.03e-65,199,78.57
YDR012W,XP_016275756.1,60.317,189,68,1,1,189,1,182,4.76e-62,191,77.78
YDR025W,GEM11981.1,68.790,157,40,3,5,156,1,153,5.12e-76,223,83.44
YDR025W,KAJ8296618.1,68.790,157,40,3,5,156,1,153,8.66e-76,223,82.80
YDR025W,PRQ74876.1,61.017,177,40,4,5,156,1,173,1.19e-70,210,73.45
YDR064W,GEM11328.1,70.667,150,44,0,1,150,1,150,1.33e-78,229,85.33
YDR064W,XP_016270670.1,71.333,150,43,0,1,150,1,150,1.57e-78,229,84.67
YDR064W,KAJ8291549.1,57.055,163,46,2,1,150,1,152,3.56e-59,181,68.10
YDR064W,PRQ70389.1,74.713,87,22,0,64,150,3,89,1.51e-43,139,87.36
YDR064W,KAJ8291552.1,76.271,59,14,0,92,150,44,102,1.44e-26,96.3,86.44
YDR382W,PRQ72494.1,54.054,111,49,2,1,110,1,110,5.03e-25,91.3,69.37
YDR382W,XP_016272048.1,53.153,111,50,2,1,110,1,110,1.09e-24,90.1,70.27
YDR382W,GEM07615.1,55.856,111,47,2,1,110,1,110,3.75e-22,84.0,70.27
YDR418W,KAJ8297155.1,62.434,189,71,0,1,189,1,189,3.10e-68,206,81.48
YDR418W,GEM06089.1,60.204,196,71,1,1,189,1,196,3.03e-65,199,78.57
YDR418W,XP_016275756.1,60.317,189,68,1,1,189,1,182,4.76e-62,191,77.78
YDR447C,KAJ8297155.1,62.434,189,71,0,1,189,1,189,3.10e-68,206,81.48
YDR447C,GEM06089.1,60.204,196,71,1,1,189,1,196,3.03e-65,199,78.57
YDR447C,XP_016275756.1,60.317,189,68,1,1,189,1,182,4.76e-62,191,77.78
YDR450W,KAJ8297092.1,75.862,145,34,1,1,144,1,145,5.89e-76,223,84.14
YDR450W,XP_016275680.1,75.862,145,34,1,1,144,1,145,8.64e-76,222,84.14
YDR450W,KAJ8297093.1,77.612,134,30,0,11,144,4,137,3.28e-74,218,86.57
YDR500C,KAJ8297155.1,62.434,189,71,0,1,189,1,189,3.10e-68,206,81.48
YDR500C,GEM06089.1,60.204,196,71,1,1,189,1,196,3.03e-65,199,78.57
YDR500C,XP_016275756.1,60.317,189,68,1,1,189,1,182,4.76e-62,191,77.78
YEL054C,GEM10223.1,73.939,165,41,1,1,163,1,165,2.87e-86,250,86.67
YEL054C,XP_016274020.1,73.333,165,42,1,1,163,1,165,2.14e-85,248,86.06
YEL054C,PRQ71793.1,73.333,165,42,1,1,163,1,165,2.28e-85,248,86.06
YEL054C,KAJ8292750.1,59.024,205,42,2,1,163,1,205,7.08e-72,228,69.27
YER056C-A,XP_016277160.1,63.248,117,41,1,1,117,1,115,1.98e-46,145,75.21
YER056C-A,KAJ8295804.1,64.130,92,33,0,1,92,1,92,2.63e-33,122,73.91
YER056C-A,KAJ8295805.1,64.130,92,33,0,1,92,1,92,2.73e-33,122,73.91
YER074W,XP_016272839.1,71.667,120,33,1,4,123,6,124,2.05e-55,169,80.83
YER074W,GEM10908.1,71.667,120,33,1,4,123,232,350,1.74e-53,172,80.83
YER074W,KAJ8292314.1,71.667,120,33,1,4,123,318,436,2.24e-52,171,80.83
YER102W,KAJ8297155.1,62.434,189,71,0,1,189,1,189,3.10e-68,206,81.48
YER102W,GEM06089.1,60.204,196,71,1,1,189,1,196,3.03e-65,199,78.57
YER102W,XP_016275756.1,60.317,189,68,1,1,189,1,182,4.76e-62,191,77.78
YER117W,KAJ8297155.1,62.434,189,71,0,1,189,1,189,3.10e-68,206,81.48
YER117W,GEM06089.1,60.204,196,71,1,1,189,1,196,3.03e-65,199,78.57
YER117W,XP_016275756.1,60.317,189,68,1,1,189,1,182,4.76e-62,191,77.78
YER131W,KAJ8297155.1,62.434,189,71,0,1,189,1,189,3.10e-68,206,81.48
YER131W,GEM06089.1,60.204,196,71,1,1,189,1,196,3.03e-65,199,78.57
YER131W,XP_016275756.1,60.317,189,68,1,1,189,1,182,4.76e-62,191,77.78
YFL034C-A,KAJ8297155.1,62.434,189,71,0,1,189,1,189,3.10e-68,206,81.48
YFL034C-A,GEM06089.1,60.204,196,71,1,1,189,1,196,3.03e-65,199,78.57
YFL034C-A,XP_016275756.1,60.317,189,68,1,1,189,1,182,4.76e-62,191,77.78
YFR032C-A,XP_016271755.1,78.846,52,11,0,1,52,1,52,6.96e-24,84.7,86.54
YGL030W,CDR39507.1,63.964,111,34,1,1,105,1,111,1.46e-46,145,81.08
YGL030W,GEM08746.1,63.964,111,34,1,1,105,8,118,1.91e-46,145,81.08
YGL030W,KAJ8293867.1,67.327,101,33,0,5,105,44,144,6.10e-46,145,86.14
YGL030W,XP_016272257.1,67.327,101,33,0,5,105,44,144,6.88e-46,144,86.14
YGL030W,EGU11295.1,67.327,101,33,0,5,105,202,302,8.65e-45,147,86.14
YGL031C,XP_016270875.1,66.327,98,33,0,1,98,1,98,2.00e-40,133,79.59
YGL031C,GEM10734.1,66.327,98,33,0,1,98,1,98,2.25e-40,133,79.59
YGL031C,KAJ8292138.1,55.782,147,63,2,1,146,1004,1149,5.40e-36,131,70.07
YGL031C,KAJ8292139.1,55.102,147,64,2,1,146,1,146,7.25e-36,131,69.39
YGL031C,XP_016274542.1,48.438,64,33,0,1,64,1,64,1.88e-15,71.2,64.06
YGL031C,KAJ8296645.1,46.875,64,34,0,1,64,886,949,2.63e-14,69.7,64.06
YGL031C,EGU11134.1,66.667,36,12,0,31,66,891,926,1.50e-09,55.8,86.11
YGL031C,EGU12784.1,48.889,45,23,0,20,64,1,45,7.14e-08,50.1,66.67
YGL031C,GEM12011.1,48.889,45,23,0,20,64,1,45,8.75e-08,50.1,66.67
YGL031C,PRQ74831.1,48.889,45,23,0,20,64,1,45,9.18e-08,50.1,66.67
YGL076C,XP_016271040.1,59.426,244,98,1,1,244,1,243,3.25e-94,276,74.59
YGL076C,PRQ71660.1,59.426,244,98,1,1,244,1,243,4.18e-94,276,74.59
YGL076C,GEM10109.1,64.286,210,74,1,35,244,9,217,7.77e-88,259,77.62
YGL076C,KAJ8292848.1,49.153,295,98,2,1,244,1,294,2.02e-84,253,61.69
YGL103W,XP_016273472.1,69.799,149,43,1,1,149,1,147,3.32e-76,223,85.23
YGL103W,GEM07223.1,69.128,149,44,1,1,149,95,241,4.22e-75,224,85.23
YGL123W,XP_016269179.1,67.857,224,70,2,31,253,24,246,8.35e-99,289,79.02
YGL123W,EGU13642.1,67.857,224,70,2,31,253,34,256,1.14e-98,289,79.02
YGL135W,KAJ8297155.1,62.434,189,71,0,1,189,1,189,3.10e-68,206,81.48
YGL135W,GEM06089.1,60.204,196,71,1,1,189,1,196,3.03e-65,199,78.57
YGL135W,XP_016275756.1,60.317,189,68,1,1,189,1,182,4.76e-62,191,77.78
YGL147C,PRQ73495.1,53.646,192,79,2,1,184,1,190,2.79e-66,201,70.83
YGL147C,KAJ8293668.1,53.646,192,79,3,1,184,1,190,4.58e-66,201,71.88
YGL147C,CDR39931.1,53.646,192,79,3,1,184,1,190,5.64e-66,201,71.88
YGL147C,GEM08964.1,52.198,182,77,4,1,174,1,180,4.47e-59,183,71.43
YGL147C,XP_016269552.1,51.648,182,78,3,1,174,1,180,7.32e-59,182,70.88
YGL189C,PRQ74412.1,65.179,112,38,1,1,111,1,112,2.59e-41,133,80.36
YGL189C,KAJ8293134.1,65.179,112,38,1,1,111,25,136,3.23e-41,133,80.36
YGL189C,XP_016270115.1,65.179,112,38,1,1,111,56,167,5.19e-41,134,80.36
YGL189C,KAJ8293135.1,65.179,112,38,1,1,111,65,176,6.79e-41,134,80.36
YGL189C,GEM10449.1,67.073,82,26,1,31,111,3,84,5.29e-27,95.9,82.93
YGR027C,XP_016271906.1,58.667,75,31,0,34,108,28,102,2.03e-30,104,82.67
YGR027C,GEM09989.1,58.667,75,31,0,34,108,78,152,5.06e-28,100,78.67
YGR034W,KAJ8297155.1,62.434,189,71,0,1,189,1,189,3.10e-68,206,81.48
YGR034W,GEM06089.1,60.204,196,71,1,1,189,1,196,3.03e-65,199,78.57
YGR034W,XP_016275756.1,60.317,189,68,1,1,189,1,182,4.76e-62,191,77.78
YGR085C,KAJ8297155.1,62.434,189,71,0,1,189,1,189,3.10e-68,206,81.48
YGR085C,GEM06089.1,60.204,196,71,1,1,189,1,196,3.03e-65,199,78.57
YGR085C,XP_016275756.1,60.317,189,68,1,1,189,1,182,4.76e-62,191,77.78
YGR118W,XP_016275125.1,85.517,145,21,0,1,145,1,145,6.62e-88,253,93.10
YGR118W,GEM08126.1,89.256,121,13,0,25,145,80,200,6.65e-76,224,96.69
YGR148C,KAJ8297155.1,62.434,189,71,0,1,189,1,189,3.10e-68,206,81.48
YGR148C,GEM06089.1,60.204,196,71,1,1,189,1,196,3.03e-65,199,78.57
YGR148C,XP_016275756.1,60.317,189,68,1,1,189,1,182,4.76e-62,191,77.78
YGR214W,XP_016275281.1,66.829,205,68,0,3,207,6,210,4.41e-101,296,79.02
YGR214W,KAJ8293364.1,66.829,205,68,0,3,207,460,664,4.26e-94,292,79.02
YGR214W,KAJ8293363.1,66.829,205,68,0,3,207,500,704,8.40e-94,292,79.02
YGR214W,GEM06169.1,24.519,208,112,7,14,178,108,313,8.06e-06,47.0,40.38
YGR214W,PRQ76901.1,24.038,208,113,7,14,178,108,313,2.58e-05,45.1,40.38
YGR214W,KAJ8297076.1,23.077,208,115,6,14,178,108,313,2.65e-05,45.4,39.42
YGR214W,XP_016275661.1,23.077,208,115,6,14,178,108,313,4.65e-05,44.3,39.42
YHL001W,KAJ8297155.1,62.434,189,71,0,1,189,1,189,3.10e-68,206,81.48
YHL001W,GEM06089.1,60.204,196,71,1,1,189,1,196,3.03e-65,199,78.57
YHL001W,XP_016275756.1,60.317,189,68,1,1,189,1,182,4.76e-62,191,77.78
YHL015W,XP_016274159.1,52.846,123,55,1,1,120,1,123,1.82e-38,125,69.92
YHL033C,PRQ71661.1,63.347,251,90,1,1,251,1,249,3.64e-113,326,77.29
YHL033C,CDR44570.1,63.745,251,89,1,1,251,1,249,6.89e-112,322,76.89
YHL033C,XP_016271043.1,63.347,251,90,1,1,251,4,252,2.02e-111,321,76.89
YHL033C,GEM10107.1,62.800,250,91,1,2,251,30,277,3.36e-109,317,76.80
YHR010W,GEM07989.1,61.765,136,52,0,1,136,1,136,9.78e-60,181,79.41
YHR010W,XP_016275305.1,61.765,136,52,0,1,136,1,136,9.88e-60,181,79.41
YHR010W,KAJ8293379.1,61.364,132,51,0,1,132,23,154,1.28e-52,178,79.55
YHR021C,KAJ8297155.1,62.434,189,71,0,1,189,1,189,3.10e-68,206,81.48
YHR021C,GEM06089.1,60.204,196,71,1,1,189,1,196,3.03e-65,199,78.57
YHR021C,XP_016275756.1,60.317,189,68,1,1,189,1,182,4.76e-62,191,77.78
YHR141C,KAJ8297155.1,62.434,189,71,0,1,189,1,189,3.10e-68,206,81.48
YHR141C,GEM06089.1,60.204,196,71,1,1,189,1,196,3.03e-65,199,78.57
YHR141C,XP_016275756.1,60.317,189,68,1,1,189,1,182,4.76e-62,191,77.78
YHR203C,KAJ8297155.1,62.434,189,71,0,1,189,1,189,3.10e-68,206,81.48
YHR203C,GEM06089.1,60.204,196,71,1,1,189,1,196,3.03e-65,199,78.57
YHR203C,XP_016275756.1,60.317,189,68,1,1,189,1,182,4.76e-62,191,77.78
YIL052C,KAJ8297155.1,62.434,189,71,0,1,189,1,189,3.10e-68,206,81.48
YIL052C,GEM06089.1,60.204,196,71,1,1,189,1,196,3.03e-65,199,78.57
YIL052C,XP_016275756.1,60.317,189,68,1,1,189,1,182,4.76e-62,191,77.78
YIL069C,KAJ8297155.1,62.434,189,71,0,1,189,1,189,3.10e-68,206,81.48
YIL069C,GEM06089.1,60.204,196,71,1,1,189,1,196,3.03e-65,199,78.57
YIL069C,XP_016275756.1,60.317,189,68,1,1,189,1,182,4.76e-62,191,77.78
YIL133C,XP_016276504.1,65.128,195,66,2,7,199,7,201,4.85e-88,257,80.51
YIL133C,KAJ8295559.1,61.650,206,66,3,7,199,7,212,1.62e-84,249,76.21
YIL133C,GEM11608.1,61.650,206,66,3,7,199,15,220,1.66e-84,249,76.21
YIL133C,PRQ70078.1,28.205,117,71,2,9,113,24,139,2.07e-07,49.3,45.30
YIL133C,GEM09083.1,27.350,117,72,2,9,113,24,139,1.03e-06,47.4,45.30
YIL133C,XP_016273144.1,27.350,117,72,2,9,113,24,139,1.79e-06,46.6,45.30
YIL133C,KAJ8296275.1,27.350,117,72,2,9,113,59,174,1.69e-05,45.1,45.30
YIL148W,XP_016271290.1,92.188,128,10,0,1,128,1,128,2.26e-86,247,96.88
YIL148W,PRQ71187.1,90.598,117,11,0,11,127,1,117,7.96e-77,223,95.73
YIL148W,GEM11543.1,91.339,127,11,0,1,127,1,127,9.97e-77,236,96.06
YIL148W,PRQ75235.1,97.403,77,2,0,1,77,1,77,1.17e-49,155,100.00
YIL148W,PRQ75235.1,98.684,76,1,0,1,76,77,152,1.86e-49,155,100.00
YIL148W,XP_016272363.1,97.403,77,2,0,1,77,1,77,3.95e-49,154,100.00
YIL148W,GEM08836.1,97.403,77,2,0,1,77,1,77,4.05e-49,154,100.00
YIL148W,XP_016273417.1,97.403,77,2,0,1,77,1,77,6.60e-49,155,100.00
YIL148W,XP_016273417.1,98.649,74,1,0,1,74,77,150,9.68e-47,150,100.00
YIL148W,XP_016273417.1,96.774,62,2,0,15,76,149,210,3.88e-37,125,98.39
YIL148W,GEM08029.1,97.403,77,2,0,1,77,1,77,1.07e-48,155,100.00
YIL148W,GEM08029.1,97.403,77,2,0,1,77,77,153,1.07e-48,155,100.00
YIL148W,GEM08029.1,98.684,76,1,0,1,76,153,228,1.70e-48,155,100.00
YIL148W,CDR41572.1,97.403,77,2,0,1,77,1,77,1.21e-48,155,100.00
YIL148W,CDR41572.1,96.104,77,3,0,1,77,77,153,2.06e-48,155,100.00
YIL148W,CDR41572.1,97.368,76,2,0,1,76,153,228,9.88e-48,153,98.68
YIL148W,XP_016275248.1,97.403,77,2,0,1,77,1,77,1.29e-48,155,100.00
YIL148W,XP_016275248.1,96.104,77,3,0,1,77,77,153,2.22e-48,155,100.00
YIL148W,XP_016275248.1,88.095,84,2,1,1,76,153,236,7.67e-45,146,89.29
YIL148W,PRQ76077.1,97.403,77,2,0,1,77,86,162,3.54e-48,157,100.00
YIL148W,PRQ76077.1,97.403,77,2,0,1,77,162,238,3.54e-48,157,100.00
YIL148W,PRQ76077.1,98.684,76,1,0,1,76,238,313,6.08e-48,156,100.00
YIL148W,GEM08279.1,97.403,77,2,0,1,77,305,381,5.34e-47,155,100.00
YIL148W,GEM08279.1,97.403,77,2,0,1,77,1,77,5.75e-47,155,100.00
YIL148W,GEM08279.1,97.403,77,2,0,1,77,77,153,5.75e-47,155,100.00
YIL148W,GEM08279.1,97.403,77,2,0,1,77,153,229,5.75e-47,155,100.00
YIL148W,GEM08279.1,97.403,77,2,0,1,77,229,305,5.75e-47,155,100.00
YIL148W,KAJ8292010.1,95.161,62,3,0,11,72,24,85,5.13e-37,124,98.39
YIL148W,PRQ75958.1,73.684,76,20,0,1,76,90,165,6.20e-36,121,88.16
YIL148W,XP_016274121.1,81.333,75,14,0,2,76,397,471,9.21e-35,127,92.00
YIL148W,XP_016273805.1,81.579,76,14,0,1,76,332,407,2.08e-34,125,88.16
YIL148W,CDR45253.1,81.579,76,14,0,1,76,332,407,3.04e-33,122,88.16
YIL148W,KAJ8293013.1,81.579,76,14,0,1,76,309,384,5.67e-33,121,88.16
YIL148W,PRQ75516.1,67.105,76,25,0,1,76,118,193,1.49e-30,108,80.26
YIL148W,KAJ8293786.1,96.154,52,2,0,26,77,32,83,1.93e-30,107,100.00
YIL148W,EGU11738.1,67.105,76,25,0,1,76,118,193,9.48e-29,108,80.26
YIL148W,XP_016272563.1,67.105,76,25,0,1,76,117,192,2.56e-28,107,82.89
YIL148W,GEM07911.1,72.059,68,19,0,1,68,294,361,1.84e-26,103,86.76
YIL148W,XP_016272561.1,63.158,76,28,0,1,76,118,193,5.50e-26,100,75.00
YIL148W,GEM12512.1,65.333,75,24,1,2,76,19,91,1.56e-24,97.8,78.67
YIL148W,XP_016270658.1,53.947,76,35,0,1,76,1,76,1.37e-23,87.0,72.37
YIL148W,PRQ70378.1,53.947,76,35,0,1,76,1,76,2.77e-23,86.3,72.37
YIL148W,KAJ8291562.1,53.947,76,35,0,1,76,2176,2251,1.21e-21,89.4,72.37
YIL148W,XP_016272564.1,56.000,75,33,0,1,75,127,201,5.24e-21,86.7,72.00
YIL148W,CDR48520.1,56.000,75,33,0,1,75,127,201,9.11e-21,86.7,72.00
YIL148W,XP_016274769.1,63.492,63,23,0,6,68,296,358,1.12e-19,84.0,77.78
YIL148W,PRQ75685.1,53.947,76,33,1,1,76,39,112,6.48e-19,80.5,71.05
YIL148W,PRQ73035.1,46.053,76,41,0,2,77,1,76,1.62e-17,71.6,64.47
YIL148W,PRQ75518.1,44.000,75,42,0,1,75,1,75,4.77e-17,70.5,64.00
YIL148W,PRQ75535.1,42.105,76,44,0,1,76,168,243,4.23e-16,73.6,67.11
YIL148W,CDR38379.1,40.789,76,42,2,1,76,1,73,3.26e-15,67.8,65.79
YIL148W,KAJ8295836.1,40.789,76,42,2,1,76,1,73,4.88e-15,67.4,65.79
YIL148W,EGU12686.1,38.158,76,44,1,1,76,1,73,1.12e-14,66.2,61.84
YIL148W,GEM06963.1,40.789,76,42,2,1,76,1,73,1.20e-14,66.2,64.47
YIL148W,XP_016275774.1,42.105,76,44,0,2,77,330,405,3.60e-12,62.4,61.84
YIL148W,CDR35890.1,42.105,76,44,0,2,77,386,461,3.86e-12,62.4,61.84
YIL148W,XP_016277115.1,38.158,76,31,1,1,76,1,60,5.87e-12,58.9,53.95
YIL148W,PRQ73161.1,35.821,67,42,1,5,70,45,111,5.35e-07,47.4,61.19
YIL148W,GEM06775.1,37.313,67,41,1,5,70,13,79,8.42e-07,46.6,61.19
YIL148W,KAJ8296021.1,34.328,67,43,1,5,70,13,79,4.25e-06,44.7,59.70
YIL148W,XP_016276901.1,34.328,67,43,1,5,70,13,79,7.84e-06,43.9,59.70
YJL136C,KAJ8297155.1,62.434,189,71,0,1,189,1,189,3.10e-68,206,81.48
YJL136C,GEM06089.1,60.204,196,71,1,1,189,1,196,3.03e-65,199,78.57
YJL136C,XP_016275756.1,60.317,189,68,1,1,189,1,182,4.76e-62,191,77.78
YJL177W,KAJ8297155.1,62.434,189,71,0,1,189,1,189,3.10e-68,206,81.48
YJL177W,GEM06089.1,60.204,196,71,1,1,189,1,196,3.03e-65,199,78.57
YJL177W,XP_016275756.1,60.317,189,68,1,1,189,1,182,4.76e-62,191,77.78
YJL189W,CDR48542.1,64.706,51,18,0,1,51,1,51,4.44e-19,72.0,82.35
YJL189W,XP_016272586.1,66.000,50,17,0,1,50,1,50,8.48e-19,73.6,82.00
YJL189W,PRQ75494.1,66.000,50,17,0,1,50,1,50,3.48e-18,72.8,82.00
YJL189W,KAJ8291262.1,56.098,41,18,0,1,41,61,101,5.23e-12,57.0,75.61
YJL189W,EGU11732.1,52.273,44,21,0,1,44,1,44,7.23e-12,53.5,68.18
YJL190C,GEM07949.1,83.594,128,21,0,3,130,2,129,3.70e-77,224,89.84
YJL190C,XP_016275363.1,82.031,128,23,0,3,130,2,129,1.02e-76,223,89.84
YJL190C,KAJ8293422.1,81.356,118,22,0,8,125,69,186,1.49e-63,209,89.83
YJL190C,KAJ8293421.1,81.356,118,22,0,8,125,56,173,1.51e-63,209,89.83
YJL190C,KAJ8293423.1,81.356,118,22,0,8,125,50,167,1.67e-63,209,89.83
YJL191W,KAJ8297155.1,62.434,189,71,0,1,189,1,189,3.10e-68,206,81.48
YJL191W,GEM06089.1,60.204,196,71,1,1,189,1,196,3.03e-65,199,78.57
YJL191W,XP_016275756.1,60.317,189,68,1,1,189,1,182,4.76e-62,191,77.78
YJR094W-A,KAJ8297155.1,62.434,189,71,0,1,189,1,189,3.10e-68,206,81.48
YJR094W-A,GEM06089.1,60.204,196,71,1,1,189,1,196,3.03e-65,199,78.57
YJR094W-A,XP_016275756.1,60.317,189,68,1,1,189,1,182,4.76e-62,191,77.78
YJR123W,KAJ8294694.1,72.500,200,54,1,27,225,7,206,2.64e-106,305,84.00
YJR123W,XP_016273382.1,75.806,186,45,0,40,225,49,234,1.05e-103,299,86.02
YJR123W,GEM08251.1,75.806,186,45,0,40,225,46,231,8.28e-103,297,86.02
YJR145C,PRQ77628.1,71.094,256,74,0,1,256,1,256,1.01e-137,388,83.20
YJR145C,GEM08787.1,69.412,255,78,0,2,256,391,645,3.02e-133,390,83.14
YJR145C,XP_016272315.1,68.952,248,77,0,9,256,1,248,1.09e-129,367,82.66
YJR145C,PRQ77627.1,66.038,53,18,0,204,256,104,156,4.95e-19,82.0,83.02
YJR145C,EGU11312.1,66.667,48,16,0,204,251,135,182,1.46e-15,76.3,83.33
YKL006W,GEM10014.1,55.372,121,53,1,13,132,8,128,5.12e-40,131,67.77
YKL006W,XP_016271877.1,54.545,121,54,1,13,132,8,128,1.51e-39,130,67.77
YKL156W,XP_016271986.1,74.390,82,21,0,1,82,1,82,8.80e-41,129,81.71
YKL156W,PRQ74584.1,75.000,80,20,0,3,82,7,86,5.42e-40,127,82.50
YKL180W,GEM10209.1,56.667,150,65,0,17,166,34,183,7.45e-58,180,72.00
YKL180W,PRQ71779.1,56.463,147,64,0,17,163,32,178,2.45e-57,179,72.11
YKL180W,XP_016274005.1,52.663,169,68,1,8,164,4,172,4.36e-57,177,66.27
YKL180W,KAJ8292761.1,59.701,134,54,0,17,150,19,152,6.80e-57,177,75.37
YKR057W,XP_016275054.1,66.667,87,28,1,1,87,1,86,3.91e-38,122,82.76
YKR057W,GEM09893.1,65.517,87,29,1,1,87,1,86,1.00e-37,121,82.76
YKR057W,KAJ8294229.1,67.606,71,22,1,1,71,19,88,4.66e-27,102,83.10
YKR094C,KAJ8297155.1,62.434,189,71,0,1,189,1,189,3.10e-68,206,81.48
YKR094C,GEM06089.1,60.204,196,71,1,1,189,1,196,3.03e-65,199,78.57
YKR094C,XP_016275756.1,60.317,189,68,1,1,189,1,182,4.76e-62,191,77.78
YLL045C,KAJ8297155.1,62.434,189,71,0,1,189,1,189,3.10e-68,206,81.48
YLL045C,GEM06089.1,60.204,196,71,1,1,189,1,196,3.03e-65,199,78.57
YLL045C,XP_016275756.1,60.317,189,68,1,1,189,1,182,4.76e-62,191,77.78
YLR029C,XP_016275779.1,80.296,203,38,1,1,203,1,201,1.69e-107,307,89.16
YLR029C,GEM06071.1,80.296,203,38,1,1,203,1,201,7.17e-107,305,88.18
YLR029C,PRQ77020.1,79.310,203,40,1,1,203,1,201,7.74e-107,305,89.16
YLR029C,KAJ8297170.1,77.889,199,42,1,1,199,1,197,3.04e-97,307,88.94
YLR029C,KAJ8297168.1,60.000,60,22,1,144,203,837,894,2.70e-19,85.5,78.33
YLR029C,XP_016275777.1,60.000,60,22,1,144,203,502,559,9.00e-17,78.2,78.33
YLR048W,KAJ8297155.1,62.434,189,71,0,1,189,1,189,3.10e-68,206,81.48
YLR048W,GEM06089.1,60.204,196,71,1,1,189,1,196,3.03e-65,199,78.57
YLR048W,XP_016275756.1,60.317,189,68,1,1,189,1,182,4.76e-62,191,77.78
YLR061W,XP_016276551.1,42.857,126,65,3,1,119,1,126,3.23e-30,105,65.87
YLR061W,KAJ8295590.1,42.857,126,65,3,1,119,1,126,4.99e-30,104,65.08
YLR075W,XP_016272033.1,74.178,213,53,1,1,213,1,211,2.49e-119,338,84.98
YLR075W,PRQ76721.1,74.057,212,53,1,2,213,1,210,3.41e-118,335,84.91
YLR075W,EGU11857.1,57.471,261,55,4,5,211,231,489,3.59e-92,288,66.28
YLR075W,KAJ8294973.1,80.469,128,25,0,51,178,122,249,3.01e-69,224,89.84
YLR075W,KAJ8294973.1,81.250,48,9,0,1,48,1,48,7.14e-21,90.9,89.58
YLR075W,KAJ8294970.1,57.407,54,21,1,158,211,381,432,4.23e-13,67.8,75.93
YLR167W,XP_016272363.1,83.007,153,25,1,1,152,1,153,2.92e-79,231,90.85
YLR167W,GEM08836.1,82.353,153,26,1,1,152,1,153,7.02e-79,230,90.20
YLR167W,KAJ8293786.1,79.688,128,25,1,26,152,32,159,2.49e-60,184,89.06
YLR167W,XP_016271290.1,98.684,76,1,0,1,76,1,76,3.70e-49,154,100.00
YLR167W,PRQ75235.1,98.684,76,1,0,1,76,1,76,3.86e-49,155,100.00
YLR167W,PRQ75235.1,98.684,76,1,0,1,76,77,152,3.86e-49,155,100.00
YLR167W,XP_016273417.1,98.684,76,1,0,1,76,1,76,2.64e-48,155,100.00
YLR167W,XP_016273417.1,98.649,74,1,0,1,74,77,150,2.09e-46,150,100.00
YLR167W,XP_016273417.1,96.774,62,2,0,15,76,149,210,7.05e-37,126,98.39
YLR167W,CDR41572.1,98.684,76,1,0,1,76,1,76,4.11e-48,155,100.00
YLR167W,CDR41572.1,97.368,76,2,0,1,76,77,152,7.63e-48,154,100.00
YLR167W,CDR41572.1,97.368,76,2,0,1,76,153,228,2.03e-47,153,98.68
YLR167W,GEM08029.1,98.684,76,1,0,1,76,1,76,4.38e-48,155,100.00
YLR167W,GEM08029.1,98.684,76,1,0,1,76,77,152,4.38e-48,155,100.00
YLR167W,GEM08029.1,98.684,76,1,0,1,76,153,228,4.38e-48,155,100.00
YLR167W,XP_016275248.1,98.684,76,1,0,1,76,1,76,4.67e-48,155,100.00
YLR167W,XP_016275248.1,97.368,76,2,0,1,76,77,152,8.77e-48,154,100.00
YLR167W,XP_016275248.1,88.095,84,2,1,1,76,153,236,1.72e-44,146,89.29
YLR167W,PRQ76077.1,98.684,76,1,0,1,76,86,161,1.15e-47,156,100.00
YLR167W,PRQ76077.1,98.684,76,1,0,1,76,162,237,1.15e-47,156,100.00
YLR167W,PRQ76077.1,98.684,76,1,0,1,76,238,313,1.15e-47,156,100.00
YLR167W,GEM08279.1,98.684,76,1,0,1,76,1,76,1.86e-46,155,100.00
YLR167W,GEM08279.1,98.684,76,1,0,1,76,77,152,1.86e-46,155,100.00
YLR167W,GEM08279.1,98.684,76,1,0,1,76,153,228,1.86e-46,155,100.00
YLR167W,GEM08279.1,98.684,76,1,0,1,76,229,304,1.86e-46,155,100.00
YLR167W,GEM08279.1,98.684,76,1,0,1,76,305,380,1.86e-46,155,100.00
YLR167W,GEM11543.1,98.684,76,1,0,1,76,1,76,6.42e-46,157,100.00
YLR167W,PRQ71187.1,95.455,66,3,0,11,76,1,66,4.08e-40,131,98.48
YLR167W,KAJ8292010.1,95.161,62,3,0,11,72,24,85,1.10e-37,127,98.39
YLR167W,PRQ75958.1,73.684,76,20,0,1,76,90,165,1.15e-35,121,88.16
YLR167W,XP_016274121.1,80.263,76,15,0,2,77,397,472,1.81e-35,130,90.79
YLR167W,XP_016273805.1,80.519,77,15,0,1,77,332,408,2.19e-35,129,87.01
YLR167W,CDR45253.1,80.519,77,15,0,1,77,332,408,3.05e-34,126,87.01
YLR167W,KAJ8293013.1,80.519,77,15,0,1,77,309,385,7.38e-34,125,87.01
YLR167W,PRQ75516.1,61.364,88,30,1,1,88,118,201,2.90e-30,108,73.86
YLR167W,EGU11738.1,61.364,88,30,1,1,88,118,201,1.26e-28,108,73.86
YLR167W,XP_016272563.1,60.674,89,31,1,1,89,117,201,4.58e-28,107,75.28
YLR167W,GEM07911.1,72.059,68,19,0,1,68,294,361,2.02e-27,107,86.76
YLR167W,XP_016272561.1,57.955,88,33,1,1,88,118,201,1.25e-25,100,69.32
YLR167W,GEM12512.1,63.750,80,26,2,2,80,19,96,3.39e-25,100,78.75
YLR167W,XP_016270658.1,53.947,76,35,0,1,76,1,76,1.74e-23,87.8,72.37
YLR167W,PRQ70378.1,53.947,76,35,0,1,76,1,76,3.65e-23,87.0,72.37
YLR167W,PRQ77684.1,65.079,63,22,0,89,151,14,76,6.23e-22,84.0,80.95
YLR167W,KAJ8291562.1,53.947,76,35,0,1,76,2176,2251,1.25e-21,90.5,72.37
YLR167W,XP_016272564.1,51.136,88,39,1,1,88,127,210,1.23e-20,86.7,65.91
YLR167W,CDR48520.1,51.136,88,39,1,1,88,127,210,1.53e-20,86.7,65.91
YLR167W,XP_016274769.1,63.492,63,23,0,6,68,296,358,2.04e-20,87.0,77.78
YLR167W,PRQ75685.1,53.947,76,33,1,1,76,39,112,9.87e-19,80.9,71.05
YLR167W,PRQ75518.1,44.000,75,42,0,1,75,1,75,6.46e-17,70.9,64.00
YLR167W,PRQ73035.1,46.667,75,40,0,2,76,1,75,6.63e-17,70.9,64.00
YLR167W,PRQ75535.1,39.773,88,49,1,1,88,168,251,5.25e-16,73.9,62.50
YLR167W,CDR38379.1,36.364,99,59,3,1,98,1,96,1.28e-15,69.7,59.60
YLR167W,KAJ8295836.1,36.364,99,59,3,1,98,1,96,1.96e-15,69.3,59.60
YLR167W,EGU12686.1,37.037,81,48,1,1,81,1,78,5.72e-15,67.8,61.73
YLR167W,GEM06963.1,39.506,81,46,2,1,81,1,78,6.10e-15,67.8,64.20
YLR167W,XP_016275774.1,41.772,79,46,0,2,80,330,408,1.34e-12,64.7,60.76
YLR167W,CDR35890.1,41.772,79,46,0,2,80,386,464,1.35e-12,64.7,60.76
YLR167W,XP_016277115.1,34.343,99,48,2,1,98,1,83,2.00e-12,60.8,50.51
YLR167W,GEM06775.1,36.486,74,46,1,5,77,13,86,1.56e-06,46.6,58.11
YLR167W,KAJ8296021.1,33.784,74,48,1,5,77,13,86,1.59e-06,46.6,56.76
YLR167W,PRQ73161.1,35.135,74,47,1,5,77,45,118,2.07e-06,46.6,58.11
YLR167W,XP_016276901.1,33.784,74,48,1,5,77,13,86,1.57e-05,43.9,56.76
YLR185W,XP_016272364.1,78.571,84,18,0,1,84,1,84,6.95e-43,134,84.52
YLR264W,KAJ8297155.1,62.434,189,71,0,1,189,1,189,3.10e-68,206,81.48
YLR264W,GEM06089.1,60.204,196,71,1,1,189,1,196,3.03e-65,199,78.57
YLR264W,XP_016275756.1,60.317,189,68,1,1,189,1,182,4.76e-62,191,77.78
YLR287C-A,XP_016276472.1,66.667,63,14,1,1,63,1,56,1.25e-18,71.6,68.25
YLR287C-A,GEM11578.1,77.083,48,11,0,2,49,540,587,3.24e-16,70.9,79.17
YLR287C-A,PRQ73893.1,68.333,60,18,1,3,61,531,590,4.89e-16,70.5,73.33
YLR325C,CDR35641.1,47.368,76,38,1,1,76,1,74,2.30e-14,62.0,59.21
YLR325C,PRQ72177.1,47.368,76,38,1,1,76,1,74,3.30e-14,61.6,59.21
YLR325C,KAJ8292181.1,47.368,76,38,1,1,76,70,143,1.81e-13,61.2,59.21
YLR325C,GEM10781.1,47.945,73,36,1,4,76,16,86,1.94e-13,60.1,60.27
YLR325C,KAJ8292179.1,76.000,25,5,1,52,76,83,106,4.76e-04,36.2,84.00
YLR333C,KAJ8297155.1,62.434,189,71,0,1,189,1,189,3.10e-68,206,81.48
YLR333C,GEM06089.1,60.204,196,71,1,1,189,1,196,3.03e-65,199,78.57
YLR333C,XP_016275756.1,60.317,189,68,1,1,189,1,182,4.76e-62,191,77.78
YLR340W,GEM07572.1,59.740,308,123,1,5,312,5,311,2.54e-123,355,78.57
YLR340W,PRQ76775.1,61.364,308,118,1,5,312,5,311,2.20e-120,348,79.87
YLR340W,XP_016272088.1,61.812,309,117,1,5,312,5,313,1.50e-119,346,80.58
YLR340W,EGU11880.1,61.977,263,100,0,5,267,5,267,1.81e-115,337,82.13
YLR340W,KAJ8294929.1,58.983,295,114,1,5,292,40,334,2.01e-113,340,77.29
YLR340W,XP_016272048.1,81.818,22,4,0,291,312,89,110,3.18e-04,40.0,90.91
YLR340W,PRQ72494.1,77.273,22,5,0,291,312,89,110,0.001,38.5,90.91
YLR344W,PRQ74611.1,55.932,118,52,0,8,125,4,121,2.65e-42,136,79.66
YLR344W,XP_016271958.1,55.932,118,52,0,8,125,4,121,2.71e-42,136,79.66
YLR344W,GEM09948.1,56.410,117,51,0,9,125,5,121,7.40e-38,135,80.34
YLR344W,KAJ8294294.1,55.932,118,52,0,8,125,113,230,1.02e-37,135,79.66
YLR344W,KAJ8294295.1,56.410,117,51,0,9,125,114,230,1.48e-37,134,80.34
YLR367W,KAJ8297155.1,62.434,189,71,0,1,189,1,189,3.10e-68,206,81.48
YLR367W,GEM06089.1,60.204,196,71,1,1,189,1,196,3.03e-65,199,78.57
YLR367W,XP_016275756.1,60.317,189,68,1,1,189,1,182,4.76e-62,191,77.78
YLR388W,PRQ74367.1,75.000,56,14,0,1,56,1,56,5.30e-27,92.0,82.14
YLR388W,XP_016273917.1,69.643,56,12,1,1,56,1,51,1.55e-21,78.2,75.00
YLR388W,KAJ8293102.1,71.429,35,10,0,22,56,72,106,5.69e-12,55.5,80.00
YLR406C,KAJ8297155.1,62.434,189,71,0,1,189,1,189,3.10e-68,206,81.48
YLR406C,GEM06089.1,60.204,196,71,1,1,189,1,196,3.03e-65,199,78.57
YLR406C,XP_016275756.1,60.317,189,68,1,1,189,1,182,4.76e-62,191,77.78
YLR441C,PRQ71467.1,64.202,257,90,2,1,255,1,257,3.13e-121,346,82.10
YLR441C,CDR40922.1,63.813,257,91,2,1,255,1,257,7.34e-121,345,82.10
YLR441C,XP_016274875.1,63.035,257,93,2,1,255,55,311,8.03e-118,339,81.71
YLR441C,GEM07131.1,62.500,256,91,3,2,255,985,1237,6.83e-108,338,80.86
YLR441C,KAJ8294094.1,62.598,254,90,3,3,254,51,301,4.81e-104,330,80.71
YLR441C,PRQ71466.1,52.273,44,19,2,214,255,7,50,1.87e-05,41.6,72.73
YLR448W,KAJ8297155.1,62.434,189,71,0,1,189,1,189,3.10e-68,206,81.48
YLR448W,GEM06089.1,60.204,196,71,1,1,189,1,196,3.03e-65,199,78.57
YLR448W,XP_016275756.1,60.317,189,68,1,1,189,1,182,4.76e-62,191,77.78
YML024W,CDR41766.1,69.565,138,37,3,1,136,1,135,2.15e-61,185,80.43
YML024W,GEM07948.1,69.343,137,37,3,2,136,21,154,3.17e-60,183,80.29
YML024W,XP_016275364.1,69.343,137,37,3,2,136,11,144,3.85e-60,182,80.29
YML024W,EGU12061.1,74.797,123,26,3,2,122,68,187,9.92e-60,183,85.37
YML024W,KAJ8293418.1,69.343,137,37,3,2,136,772,905,1.30e-52,177,80.29
YML026C,KAJ8297155.1,62.434,189,71,0,1,189,1,189,3.10e-68,206,81.48
YML026C,GEM06089.1,60.204,196,71,1,1,189,1,196,3.03e-65,199,78.57
YML026C,XP_016275756.1,60.317,189,68,1,1,189,1,182,4.76e-62,191,77.78
YML063W,KAJ8297155.1,62.434,189,71,0,1,189,1,189,3.10e-68,206,81.48
YML063W,GEM06089.1,60.204,196,71,1,1,189,1,196,3.03e-65,199,78.57
YML063W,XP_016275756.1,60.317,189,68,1,1,189,1,182,4.76e-62,191,77.78
YML073C,CDR49048.1,52.571,175,81,2,4,176,42,216,1.50e-54,172,69.14
YML073C,EGU10833.1,52.000,175,82,2,4,176,42,216,1.17e-53,170,68.57
YML073C,XP_016270068.1,52.299,174,76,2,4,176,42,209,4.87e-53,168,67.82
YML073C,PRQ70457.1,50.575,174,77,3,4,176,42,207,1.69e-47,154,65.52
YML073C,GEM11278.1,41.364,220,82,2,4,176,42,261,3.91e-46,152,54.09
YML073C,KAJ8291504.1,58.163,98,41,0,4,101,129,226,1.49e-27,106,69.39
YML073C,KAJ8291504.1,44.872,78,42,1,100,176,283,360,3.47e-15,72.4,66.67
YMR116C,XP_016274021.1,50.955,314,148,2,4,315,2,311,2.02e-111,326,68.15
YMR116C,PRQ71794.1,50.476,315,150,2,4,316,2,312,3.59e-111,325,68.25
YMR116C,GEM10224.1,49.682,314,147,3,4,315,2,306,1.60e-105,311,66.88
YMR116C,KAJ8292748.1,47.866,328,146,4,4,315,2,320,1.46e-102,304,64.33
YMR116C,PRQ73660.1,27.368,285,166,9,10,265,104,376,4.96e-22,96.3,44.56
YMR116C,PRQ73660.1,28.049,246,152,5,12,237,148,388,1.34e-20,92.0,43.90
YMR116C,PRQ73660.1,23.944,213,106,6,105,315,109,267,2.11e-06,49.3,38.03
YMR116C,PRQ73660.1,25.397,126,63,2,35,134,322,442,3.22e-05,45.4,43.65
YMR116C,GEM06055.1,29.098,244,153,8,12,249,397,626,8.33e-22,96.3,47.13
YMR116C,GEM06055.1,30.814,172,102,4,13,183,486,641,2.80e-14,73.6,47.67
YMR116C,GEM06055.1,24.670,227,125,7,61,245,358,580,7.61e-14,72.4,43.61
YMR116C,GEM09532.1,27.843,255,143,8,31,256,124,366,2.48e-21,95.1,44.31
YMR116C,GEM09532.1,29.268,246,149,6,12,237,148,388,3.16e-20,91.7,44.72
YMR116C,GEM09532.1,23.113,212,107,6,106,315,110,267,6.70e-05,45.1,37.74
YMR116C,XP_016276239.1,27.018,285,167,9,10,265,104,376,2.65e-21,94.0,43.86
YMR116C,XP_016276239.1,27.642,246,153,5,12,237,148,388,6.21e-20,90.1,43.50
YMR116C,XP_016276239.1,24.324,185,123,6,134,315,97,267,3.39e-06,48.5,41.08
YMR116C,XP_016276239.1,32.911,79,48,1,35,113,322,395,6.86e-05,44.7,50.63
YMR116C,EGU13601.1,30.357,224,139,5,13,230,550,762,8.19e-21,93.6,46.88
YMR116C,EGU13601.1,32.353,170,107,3,79,246,574,737,3.11e-18,85.9,51.76
YMR116C,EGU13601.1,29.747,158,99,3,35,191,619,765,8.03e-12,66.6,44.30
YMR116C,KAJ8293605.1,30.357,224,139,5,13,230,636,848,8.21e-21,93.6,46.88
YMR116C,KAJ8293605.1,32.353,170,107,3,79,246,660,823,2.79e-18,86.3,51.76
YMR116C,KAJ8293605.1,29.747,158,99,3,35,191,705,851,8.49e-12,66.6,44.30
YMR116C,GEM07737.1,30.804,224,138,5,13,230,545,757,9.64e-21,93.2,46.88
YMR116C,GEM07737.1,31.176,170,109,3,79,246,569,732,4.30e-18,85.5,51.76
YMR116C,PRQ77757.1,26.437,261,169,7,9,253,54,307,1.84e-20,90.1,46.74
YMR116C,PRQ77757.1,28.369,141,87,5,185,315,13,149,1.23e-05,46.6,45.39
YMR116C,PRQ77757.1,26.923,104,67,3,30,129,215,313,6.41e-04,41.2,47.12
YMR116C,XP_016270495.1,30.357,224,139,5,13,230,551,763,2.26e-20,92.0,46.88
YMR116C,XP_016270495.1,32.353,170,107,3,79,246,575,738,1.55e-18,86.7,51.76
YMR116C,XP_016270495.1,29.814,161,95,4,35,191,620,766,1.52e-11,65.5,44.10
YMR116C,PRQ77041.1,27.823,248,151,8,12,249,602,831,7.17e-20,90.5,45.56
YMR116C,PRQ77041.1,30.814,172,102,4,13,183,691,846,5.09e-15,76.3,48.84
YMR116C,PRQ77041.1,24.670,227,125,8,61,245,563,785,7.93e-13,69.3,43.61
YMR116C,XP_016275796.1,27.419,248,152,8,12,249,602,831,2.13e-19,89.4,45.56
YMR116C,XP_016275796.1,30.814,172,102,4,13,183,691,846,5.38e-15,75.9,48.84
YMR116C,XP_016275796.1,25.110,227,124,8,61,245,563,785,1.39e-13,71.6,44.05
YMR116C,EGU11351.1,24.920,313,191,10,9,288,48,349,5.84e-19,86.7,44.41
YMR116C,KAJ8293726.1,26.545,275,177,9,9,267,132,397,8.27e-19,87.0,46.55
YMR116C,KAJ8293726.1,22.426,272,191,6,60,317,93,358,7.67e-16,78.2,44.49
YMR116C,GEM08888.1,26.054,261,170,7,9,253,66,319,1.70e-18,85.5,45.98
YMR116C,GEM08888.1,28.369,141,87,5,185,315,25,161,3.03e-05,45.8,45.39
YMR116C,GEM08888.1,28.926,121,64,5,30,134,227,341,1.61e-04,43.5,43.80
YMR116C,XP_016270357.1,26.054,261,170,8,9,253,132,385,1.80e-18,85.9,47.13
YMR116C,XP_016270357.1,22.426,272,191,6,60,317,93,358,8.41e-16,78.2,44.49
YMR116C,XP_016270357.1,27.928,111,69,4,30,134,293,398,1.72e-05,46.6,47.75
YMR116C,XP_016270402.1,28.444,225,145,7,1,224,184,393,1.83e-18,85.9,45.33
YMR116C,XP_016270402.1,25.899,139,96,2,105,242,153,285,7.78e-10,60.1,46.04
YMR116C,XP_016273600.1,28.641,206,130,5,2,202,210,403,7.14e-17,81.3,44.66
YMR116C,XP_016273600.1,31.724,145,92,4,12,155,266,404,1.47e-12,68.6,48.28
YMR116C,XP_016273600.1,24.020,204,139,4,63,256,177,374,4.40e-11,63.9,43.63
YMR116C,GEM07326.1,28.641,206,130,6,2,202,210,403,1.30e-16,80.5,44.66
YMR116C,GEM07326.1,31.724,145,92,4,12,155,266,404,5.42e-13,69.7,48.28
YMR116C,GEM07326.1,24.020,204,139,4,63,256,177,374,4.17e-11,63.9,44.12
YMR116C,EGU12267.1,29.126,206,129,6,2,202,116,309,1.33e-16,80.1,45.15
YMR116C,EGU12267.1,32.414,145,91,4,12,155,172,310,4.12e-13,69.7,48.28
YMR116C,EGU12267.1,23.792,269,164,7,23,256,18,280,1.31e-11,65.5,40.52
YMR116C,KAJ8295131.1,28.641,206,130,5,2,202,210,403,1.35e-16,80.5,44.66
YMR116C,KAJ8295131.1,32.414,145,91,4,12,155,266,404,4.52e-13,70.1,48.28
YMR116C,KAJ8295131.1,24.020,204,139,4,63,256,177,374,6.62e-11,63.2,43.63
YMR116C,PRQ70292.1,29.126,206,129,6,2,202,210,403,1.48e-16,80.5,45.15
YMR116C,PRQ70292.1,32.414,145,91,4,12,155,266,404,4.90e-13,69.7,48.28
YMR116C,PRQ70292.1,24.020,204,139,4,63,256,177,374,3.32e-11,64.3,44.12
YMR116C,GEM08859.1,25.551,227,146,7,9,224,147,361,1.68e-16,79.7,43.17
YMR116C,KAJ8293766.1,24.786,234,151,6,9,224,147,373,3.42e-16,79.0,42.31
YMR116C,KAJ8293766.1,23.022,139,80,3,105,242,153,265,1.86e-04,43.1,41.73
YMR116C,XP_016272045.1,23.109,238,148,4,77,280,503,739,1.03e-15,78.2,42.86
YMR116C,PRQ77711.1,24.268,239,151,6,9,224,146,377,1.56e-15,77.0,41.42
YMR116C,PRQ77711.1,23.741,139,84,3,105,242,152,269,1.01e-05,47.0,43.88
YMR116C,EGU11898.1,22.363,237,151,2,77,280,766,1002,1.61e-15,77.8,41.35
YMR116C,KAJ8294906.1,21.941,237,152,2,77,280,816,1052,3.10e-15,77.0,41.77
YMR116C,GEM07220.1,25.806,248,142,7,31,247,402,638,7.21e-15,75.5,41.13
YMR116C,GEM07220.1,25.974,231,133,5,106,315,341,554,6.05e-13,69.7,43.29
YMR116C,KAJ8295201.1,24.910,277,172,9,12,282,90,336,8.26e-15,75.5,43.68
YMR116C,XP_016273507.1,24.910,277,172,9,12,282,90,336,8.57e-15,75.5,43.68
YMR116C,PRQ69837.1,24.910,277,172,9,12,282,90,336,8.73e-15,75.5,43.68
YMR116C,GEM07247.1,24.910,277,172,9,12,282,43,289,1.10e-14,75.1,43.68
YMR116C,EGU12302.1,24.910,277,172,9,12,282,167,413,1.13e-14,75.1,43.68
YMR116C,XP_016270508.1,27.848,237,141,7,10,237,412,627,1.53e-14,74.7,44.30
YMR116C,XP_016270508.1,38.462,104,53,4,81,183,731,824,2.32e-10,62.0,57.69
YMR116C,XP_016270508.1,32.381,105,62,3,32,136,729,824,2.75e-06,49.3,54.29
YMR116C,XP_016270508.1,19.536,302,179,8,12,268,545,827,0.005,38.9,35.10
YMR116C,PRQ76440.1,24.931,361,188,13,10,315,412,744,2.80e-14,73.9,39.06
YMR116C,PRQ76440.1,38.462,104,53,4,81,183,731,824,2.07e-10,62.0,57.69
YMR116C,PRQ76440.1,32.381,105,62,3,32,136,729,824,2.49e-06,49.3,54.29
YMR116C,XP_016270850.1,24.521,261,176,7,12,263,353,601,3.89e-14,73.2,44.44
YMR116C,XP_016270850.1,21.705,129,95,2,139,266,349,472,2.54e-04,43.1,42.64
YMR116C,GEM07744.1,27.004,237,143,7,10,237,419,634,6.94e-14,72.8,44.30
YMR116C,GEM07744.1,38.462,104,53,4,81,183,738,831,2.33e-10,62.0,57.69
YMR116C,GEM07744.1,32.381,105,62,3,32,136,736,831,2.66e-06,49.3,54.29
YMR116C,GEM07744.1,20.861,302,175,11,12,268,552,834,7.26e-04,41.6,37.75
YMR116C,EGU11137.1,24.521,261,176,7,12,263,353,601,9.11e-14,72.0,44.06
YMR116C,EGU11137.1,21.705,129,95,2,139,266,349,472,6.44e-04,41.6,41.86
YMR116C,KAJ8295225.1,25.506,247,142,7,32,247,421,656,1.00e-13,72.0,40.89
YMR116C,KAJ8295225.1,25.439,228,138,5,106,315,359,572,1.75e-13,71.2,43.42
YMR116C,KAJ8295225.1,24.561,228,136,7,68,264,410,632,1.30e-12,68.6,46.05
YMR116C,XP_016273469.1,25.506,247,142,7,32,247,421,656,1.04e-13,72.0,40.89
YMR116C,XP_016273469.1,25.439,228,138,5,106,315,359,572,1.78e-13,71.2,43.42
YMR116C,XP_016273469.1,24.561,228,136,7,68,264,410,632,1.39e-12,68.6,46.05
YMR116C,PRQ69873.1,25.506,247,142,7,32,247,409,644,1.04e-13,72.0,40.89
YMR116C,PRQ69873.1,25.439,228,138,5,106,315,347,560,1.35e-13,71.6,43.42
YMR116C,PRQ69873.1,24.561,228,136,7,68,264,398,620,1.21e-12,68.9,46.05
YMR116C,CDR42586.1,24.000,200,142,4,61,256,211,404,1.82e-13,71.2,46.00
YMR116C,CDR42586.1,25.806,217,144,6,101,313,209,412,3.99e-09,58.2,42.40
YMR116C,XP_016276135.1,24.000,200,142,4,61,256,221,414,1.90e-13,71.2,46.00
YMR116C,XP_016276135.1,25.806,217,144,6,101,313,219,422,4.56e-09,57.8,42.40
YMR116C,KAJ8295284.1,24.000,200,142,4,61,256,211,404,1.90e-13,71.2,46.00
YMR116C,KAJ8295284.1,25.806,217,144,6,101,313,209,412,4.10e-09,57.8,42.40
YMR116C,EGU12513.1,24.000,200,142,4,61,256,210,403,1.96e-13,71.2,46.00
YMR116C,EGU12513.1,25.806,217,144,6,101,313,208,411,4.18e-09,57.8,42.40
YMR116C,PRQ73555.1,24.000,200,142,4,61,256,212,405,2.03e-13,71.2,46.00
YMR116C,PRQ73555.1,25.806,217,144,6,101,313,210,413,4.30e-09,57.8,42.40
YMR116C,GEM09443.1,24.000,200,142,4,61,256,212,405,2.19e-13,70.9,46.00
YMR116C,GEM09443.1,24.125,257,177,7,61,313,171,413,3.06e-09,58.2,41.25
YMR116C,GEM09701.1,27.986,293,150,12,9,248,14,298,3.34e-13,70.5,39.93
YMR116C,XP_016274952.1,25.704,284,147,9,13,245,244,514,6.00e-13,69.7,39.44
YMR116C,XP_016274952.1,24.839,310,179,12,12,274,200,502,8.19e-10,60.1,40.97
YMR116C,XP_016274952.1,34.426,122,72,3,13,134,418,531,1.73e-08,55.8,46.72
YMR116C,GEM09773.1,25.704,284,147,9,13,245,222,492,6.28e-13,69.3,39.44
YMR116C,GEM09773.1,24.355,349,202,15,12,314,178,510,5.74e-11,63.5,41.26
YMR116C,GEM10756.1,23.755,261,178,7,12,263,353,601,3.03e-12,67.4,43.30
YMR116C,XP_016274371.1,20.938,320,184,8,63,314,11,329,3.90e-12,66.6,37.50
YMR116C,CDR46246.1,20.938,320,184,8,63,314,8,326,3.95e-12,66.6,37.50
YMR116C,KAJ8291787.1,20.938,320,184,8,63,314,8,326,4.80e-12,66.2,37.50
YMR116C,PRQ70799.1,20.938,320,184,8,63,314,8,326,6.05e-12,65.9,37.50
YMR116C,KAJ8295511.1,26.190,252,143,9,32,248,54,297,9.75e-12,66.2,40.87
YMR116C,GEM11016.1,23.377,231,124,6,63,243,8,235,1.07e-11,65.1,39.39
YMR116C,PRQ77779.1,24.806,258,165,8,55,297,87,330,1.14e-11,65.9,42.25
YMR116C,PRQ77779.1,28.346,127,76,3,14,134,137,254,8.94e-09,57.0,47.24
YMR116C,GEM09018.1,24.806,258,165,8,55,297,87,330,1.15e-11,65.9,42.25
YMR116C,GEM09018.1,28.346,127,76,3,14,134,137,254,8.32e-09,57.0,47.24
YMR116C,XP_016269354.1,24.806,258,165,8,55,297,87,330,1.16e-11,65.9,42.25
YMR116C,XP_016269354.1,28.346,127,76,3,14,134,137,254,9.19e-09,57.0,47.24
YMR116C,GEM08285.1,22.509,271,184,7,57,316,54,309,4.48e-11,63.2,40.96
YMR116C,GEM08285.1,21.127,213,156,4,13,224,148,349,6.14e-09,57.0,43.19
YMR116C,XP_016273431.1,22.509,271,184,7,57,316,54,309,4.91e-11,63.2,40.96
YMR116C,XP_016273431.1,21.596,213,155,4,13,224,148,349,2.22e-09,58.2,43.19
YMR116C,PRQ74571.1,23.982,221,154,6,14,234,270,476,4.92e-11,63.9,43.89
YMR116C,PRQ75220.1,22.509,271,184,7,57,316,54,309,5.31e-11,63.2,40.96
YMR116C,PRQ75220.1,21.845,206,149,4,13,217,148,342,4.52e-08,54.3,42.72
YMR116C,XP_016275109.1,23.982,221,154,6,14,234,270,476,5.44e-11,63.5,44.34
YMR116C,GEM10448.1,25.150,167,98,3,86,225,78,244,6.74e-11,63.5,41.92
YMR116C,GEM10448.1,26.061,165,115,3,12,175,632,790,4.13e-09,58.2,44.24
YMR116C,GEM08315.1,25.547,274,166,8,33,293,581,829,8.07e-11,63.2,40.88
YMR116C,GEM07361.1,22.848,302,206,6,20,304,328,619,8.91e-11,63.2,42.05
YMR116C,GEM07361.1,24.046,262,172,9,59,313,154,395,2.09e-06,49.7,42.75
YMR116C,XP_016275416.1,22.455,334,203,9,20,313,115,432,1.06e-10,63.2,38.02
YMR116C,XP_016275416.1,27.419,124,83,2,60,182,560,677,6.75e-09,57.4,48.39
YMR116C,KAJ8293467.1,22.455,334,203,9,20,313,115,432,1.17e-10,62.8,38.02
YMR116C,KAJ8293467.1,27.419,124,83,2,60,182,560,677,7.06e-09,57.4,48.39
YMR116C,GEM09916.1,23.982,221,154,6,14,234,270,476,1.46e-10,62.4,43.89
YMR116C,PRQ76256.1,22.455,334,203,9,20,313,115,432,1.59e-10,62.4,38.02
YMR116C,PRQ76256.1,27.419,124,83,2,60,182,560,677,7.72e-09,57.4,48.39
YMR116C,PRQ76256.1,28.906,128,85,3,7,134,555,676,2.23e-06,49.7,47.66
YMR116C,PRQ73969.1,26.068,234,150,7,58,273,70,298,1.61e-10,62.0,43.59
YMR116C,XP_016269192.1,24.818,274,168,8,33,293,332,580,1.70e-10,62.0,40.88
YMR116C,GEM11647.1,24.179,335,192,13,23,315,33,347,2.23e-10,61.2,40.00
YMR116C,GEM07591.1,22.772,202,131,4,103,280,276,476,2.86e-10,61.2,42.57
YMR116C,EGU12251.1,22.848,302,206,6,20,304,328,619,3.24e-10,61.6,41.72
YMR116C,EGU12251.1,24.046,262,172,9,59,313,154,395,9.44e-07,50.8,43.51
YMR116C,XP_016273640.1,22.848,302,206,6,20,304,328,619,3.45e-10,61.2,41.72
YMR116C,XP_016273640.1,24.427,262,171,9,59,313,154,395,7.70e-07,51.2,43.51
YMR116C,KAJ8295098.1,22.848,302,206,6,20,304,328,619,3.51e-10,61.2,41.72
YMR116C,KAJ8295098.1,24.427,262,171,9,59,313,154,395,8.05e-07,50.8,43.51
YMR116C,EGU12918.2,24.818,274,168,8,33,293,944,1192,3.55e-10,61.6,40.88
YMR116C,CDR43624.1,25.547,274,166,9,33,293,650,898,3.59e-10,61.2,41.24
YMR116C,PRQ73855.1,25.882,255,143,10,32,248,54,300,3.72e-10,61.2,40.78
YMR116C,PRQ75188.1,25.547,274,166,9,33,293,649,897,3.89e-10,61.2,41.24
YMR116C,CDR43631.1,25.547,274,166,9,33,293,505,753,4.39e-10,60.8,41.24
YMR116C,XP_016276436.1,25.763,295,155,12,9,248,14,299,5.63e-10,60.8,40.00
YMR116C,EGU12919.1,24.453,274,169,8,33,293,504,752,5.74e-10,60.8,40.15
YMR116C,GEM07899.1,22.455,334,203,9,20,313,115,432,9.05e-10,60.1,37.72
YMR116C,GEM07899.1,27.419,124,83,2,60,182,560,677,1.09e-08,56.6,48.39
YMR116C,GEM07899.1,21.555,283,171,10,69,315,369,636,1.53e-05,47.0,41.70
YMR116C,KAJ8294633.1,24.818,274,168,8,33,293,1949,2197,9.36e-10,60.5,41.24
YMR116C,KAJ8294633.1,25.439,228,134,7,33,249,603,805,9.14e-09,57.4,41.67
YMR116C,EGU11606.1,24.118,170,99,3,86,225,78,247,1.01e-09,60.1,40.59
YMR116C,EGU11606.1,24.848,165,117,3,12,175,633,791,2.19e-08,55.8,44.24
YMR116C,EGU11606.1,25.153,163,76,5,60,184,94,248,1.71e-04,43.9,38.04
YMR116C,XP_016270116.1,24.096,166,100,3,86,225,78,243,1.19e-09,59.7,40.96
YMR116C,XP_016270116.1,30.081,123,80,2,12,134,631,747,1.63e-08,56.2,47.15
YMR116C,XP_016270116.1,25.157,159,77,5,60,184,94,244,4.33e-04,42.4,38.99
YMR116C,PRQ74413.1,24.118,170,99,3,86,225,78,247,1.39e-09,59.7,40.59
YMR116C,PRQ74413.1,29.268,123,81,2,12,134,622,738,2.41e-08,55.8,47.15
YMR116C,PRQ74413.1,25.153,163,76,5,60,184,94,248,4.21e-04,42.4,38.04
YMR116C,KAJ8294634.1,24.818,274,168,8,33,293,1949,2197,1.93e-09,59.3,41.24
YMR116C,KAJ8294634.1,25.439,228,134,7,33,249,603,805,1.41e-08,56.6,41.67
YMR116C,PRQ73970.1,23.373,338,191,15,23,315,33,347,9.19e-09,56.2,40.53
YMR116C,KAJ8294635.1,25.547,274,166,9,33,293,581,829,1.10e-08,57.0,41.61
YMR116C,XP_016276547.1,23.026,304,183,9,14,273,74,370,1.67e-08,55.8,38.16
YMR116C,GEM11679.1,22.500,200,114,6,77,259,657,832,2.87e-08,55.5,39.50
YMR116C,GEM11679.1,24.242,231,121,8,106,319,608,801,1.27e-07,53.5,38.53
YMR121C,KAJ8297155.1,62.434,189,71,0,1,189,1,189,3.10e-68,206,81.48
YMR121C,GEM06089.1,60.204,196,71,1,1,189,1,196,3.03e-65,199,78.57
YMR121C,XP_016275756.1,60.317,189,68,1,1,189,1,182,4.76e-62,191,77.78
YMR142C,KAJ8297155.1,62.434,189,71,0,1,189,1,189,3.10e-68,206,81.48
YMR142C,GEM06089.1,60.204,196,71,1,1,189,1,196,3.03e-65,199,78.57
YMR142C,XP_016275756.1,60.317,189,68,1,1,189,1,182,4.76e-62,191,77.78
YMR143W,GEM11221.1,61.688,154,46,2,1,143,1,152,4.07e-60,182,74.03
YMR143W,XP_016269998.1,61.039,154,47,2,1,143,1,152,1.36e-59,181,74.03
YMR143W,PRQ70525.1,61.039,154,47,2,1,143,1,152,2.34e-59,181,73.38
YMR143W,EGU10858.1,45.455,176,49,2,1,129,1,176,8.43e-38,135,55.68
YMR143W,KAJ8291461.1,52.419,124,50,1,22,136,1,124,1.38e-36,131,69.35
YMR194W,XP_016271042.1,51.000,100,49,0,1,100,1,100,8.77e-32,107,72.00
YMR230W,KAJ8297155.1,62.434,189,71,0,1,189,1,189,3.10e-68,206,81.48
YMR230W,GEM06089.1,60.204,196,71,1,1,189,1,196,3.03e-65,199,78.57
YMR230W,XP_016275756.1,60.317,189,68,1,1,189,1,182,4.76e-62,191,77.78
YMR242C,XP_016271322.1,69.767,172,52,0,1,172,1,172,2.36e-90,261,83.72
YMR242C,GEM11461.1,68.605,172,54,0,1,172,1,172,3.74e-89,258,83.14
YMR242C,KAJ8291985.1,71.795,156,44,0,4,159,728,883,3.70e-75,244,86.54
YNL067W,KAJ8297155.1,62.434,189,71,0,1,189,1,189,3.10e-68,206,81.48
YNL067W,GEM06089.1,60.204,196,71,1,1,189,1,196,3.03e-65,199,78.57
YNL067W,XP_016275756.1,60.317,189,68,1,1,189,1,182,4.76e-62,191,77.78
YNL069C,KAJ8297155.1,62.434,189,71,0,1,189,1,189,3.10e-68,206,81.48
YNL069C,GEM06089.1,60.204,196,71,1,1,189,1,196,3.03e-65,199,78.57
YNL069C,XP_016275756.1,60.317,189,68,1,1,189,1,182,4.76e-62,191,77.78
YNL096C,KAJ8297155.1,62.434,189,71,0,1,189,1,189,3.10e-68,206,81.48
YNL096C,GEM06089.1,60.204,196,71,1,1,189,1,196,3.03e-65,199,78.57
YNL096C,XP_016275756.1,60.317,189,68,1,1,189,1,182,4.76e-62,191,77.78
YNL162W,XP_016274826.1,85.849,106,15,0,1,106,1,106,7.94e-54,163,90.57
YNL162W,KAJ8294054.1,86.408,103,14,0,1,103,83,185,1.22e-49,168,91.26
YNL162W,KAJ8294054.1,78.182,55,12,0,51,105,463,517,6.89e-15,69.3,85.45
YNL162W,KAJ8294051.1,86.408,103,14,0,1,103,1,103,1.32e-49,168,91.26
YNL162W,KAJ8294051.1,78.182,55,12,0,51,105,352,406,7.63e-15,68.9,85.45
YNL162W,KAJ8294052.1,86.408,103,14,0,1,103,83,185,1.44e-49,168,91.26
YNL162W,KAJ8294052.1,78.182,55,12,0,51,105,463,517,7.59e-15,68.9,85.45
YNL162W,KAJ8294053.1,86.408,103,14,0,1,103,83,185,1.60e-49,167,91.26
YNL162W,KAJ8294053.1,81.818,55,10,0,51,105,437,491,6.28e-17,75.1,89.09
YNL162W,EGU13082.1,86.408,103,14,0,1,103,31,133,1.62e-49,167,91.26
YNL162W,GEM07163.1,75.410,61,15,0,46,106,272,332,1.02e-18,79.3,83.61
YNL178W,XP_016275950.1,74.057,212,51,3,4,212,6,216,7.59e-112,322,86.32
YNL178W,GEM12194.1,74.057,212,51,3,4,212,6,216,9.36e-112,322,86.32
YNL178W,PRQ77192.1,71.041,221,58,4,4,221,6,223,8.28e-110,315,83.26
YNL301C,KAJ8297155.1,62.434,189,71,0,1,189,1,189,3.10e-68,206,81.48
YNL301C,GEM06089.1,60.204,196,71,1,1,189,1,196,3.03e-65,199,78.57
YNL301C,XP_016275756.1,60.317,189,68,1,1,189,1,182,4.76e-62,191,77.78
YNL302C,KAJ8297155.1,62.434,189,71,0,1,189,1,189,3.10e-68,206,81.48
YNL302C,GEM06089.1,60.204,196,71,1,1,189,1,196,3.03e-65,199,78.57
YNL302C,XP_016275756.1,60.317,189,68,1,1,189,1,182,4.76e-62,191,77.78
YOL039W,XP_016272048.1,52.727,110,48,2,1,106,1,110,9.52e-25,90.1,72.73
YOL039W,PRQ72494.1,51.818,110,49,2,1,106,1,110,6.08e-24,88.2,72.73
YOL039W,GEM07615.1,50.909,110,50,2,1,106,1,110,3.29e-19,76.3,72.73
YOL039W,XP_016276143.1,47.525,101,51,1,6,106,10,108,1.89e-04,38.1,56.44
YOL039W,GEM09451.1,47.525,101,51,1,6,106,10,108,2.05e-04,37.7,56.44
YOL040C,XP_016272133.1,67.391,138,42,2,8,142,12,149,4.09e-60,182,76.81
YOL040C,GEM07614.1,67.391,138,42,2,8,142,12,149,5.56e-60,182,76.09
YOL040C,GEM11462.1,40.000,55,33,0,74,128,32,86,2.37e-09,51.6,61.82
YOL040C,PRQ71090.1,40.000,55,33,0,74,128,32,86,3.26e-09,51.2,61.82
YOL040C,XP_016271321.1,38.182,55,34,0,74,128,32,86,9.91e-09,50.1,61.82
YOL040C,KAJ8291983.1,38.182,55,34,0,74,128,107,161,2.14e-08,50.4,61.82
YOL120C,PRQ72312.1,61.905,189,67,3,1,186,1,187,9.93e-69,207,77.78
YOL120C,XP_016270941.1,61.376,189,68,3,1,186,5,191,5.00e-68,206,77.78
YOL120C,GEM10672.1,61.702,188,67,3,2,186,23,208,3.38e-67,204,77.66
YOL120C,KAJ8292095.1,61.364,176,63,3,1,173,1,174,2.06e-55,187,76.70
YOL120C,KAJ8292094.1,61.364,176,63,3,1,173,1,174,2.74e-55,186,76.70
YOL120C,XP_016270943.1,63.095,84,30,1,103,186,6,88,1.72e-29,104,78.57
YOL120C,PRQ72314.1,63.514,74,26,1,113,186,26,98,1.55e-25,94.7,81.08
YOL120C,EGU11104.1,62.295,61,22,1,113,173,230,289,7.07e-17,77.8,78.69
YOL121C,PRQ73459.1,60.839,143,52,3,1,142,1,140,9.63e-57,174,76.92
YOL121C,XP_016270302.1,61.538,143,51,3,1,142,1,140,1.73e-56,173,77.62
YOL121C,KAJ8293687.1,61.538,143,51,3,1,142,1,140,1.74e-56,173,77.62
YOL121C,GEM08932.1,60.993,141,51,3,1,140,1,138,1.71e-55,171,77.30
YOL127W,PRQ71911.1,60.317,126,50,0,17,142,25,150,8.46e-50,156,76.19
YOL127W,XP_016274134.1,59.350,123,50,0,17,139,25,147,5.02e-47,150,75.61
YOL127W,KAJ8292661.1,60.769,130,51,0,9,138,909,1038,2.13e-45,157,76.15
YOL127W,GEM10325.1,60.317,126,50,0,17,142,974,1099,1.20e-44,155,76.19
YOL127W,KAJ8292664.1,59.836,122,49,0,17,138,950,1071,7.16e-42,147,75.41
YOL127W,KAJ8292662.1,59.836,122,49,0,17,138,911,1032,7.81e-42,147,75.41
YOL127W,KAJ8292663.1,59.836,122,49,0,17,138,915,1036,8.94e-42,147,75.41
YOR063W,EGU11523.1,73.316,386,101,1,1,384,50,435,0.0,572,85.23
YOR063W,XP_016273720.1,73.575,386,100,1,1,384,1,386,0.0,571,85.23
YOR063W,PRQ74161.1,73.316,386,101,1,1,384,1,386,0.0,570,85.23
YOR063W,GEM10652.1,73.316,386,101,1,1,384,1,386,0.0,570,85.23
YOR063W,KAJ8292941.1,60.811,74,29,0,311,384,20,93,3.76e-24,95.9,77.03
YOR096W,PRQ77063.1,63.793,174,63,0,12,185,17,190,3.27e-79,234,77.59
YOR096W,XP_016275829.1,63.793,174,63,0,12,185,41,214,5.62e-79,234,77.59
YOR096W,GEM06029.1,65.060,166,58,0,20,185,2,167,8.18e-78,230,79.52
YOR167C,XP_016273381.1,83.077,65,11,0,3,67,5,69,9.74e-34,110,93.85
YOR167C,KAJ8294693.1,83.077,65,11,0,3,67,71,135,6.44e-33,110,93.85
YOR182C,KAJ8297155.1,62.434,189,71,0,1,189,1,189,3.10e-68,206,81.48
YOR182C,GEM06089.1,60.204,196,71,1,1,189,1,196,3.03e-65,199,78.57
YOR182C,XP_016275756.1,60.317,189,68,1,1,189,1,182,4.76e-62,191,77.78
YOR234C,KAJ8297155.1,62.434,189,71,0,1,189,1,189,3.10e-68,206,81.48
YOR234C,GEM06089.1,60.204,196,71,1,1,189,1,196,3.03e-65,199,78.57
YOR234C,XP_016275756.1,60.317,189,68,1,1,189,1,182,4.76e-62,191,77.78
YOR293W,XP_016277045.1,60.909,110,38,2,1,105,1,110,6.84e-44,140,78.18
YOR293W,PRQ77938.1,60.909,110,38,2,1,105,1,110,6.91e-44,140,78.18
YOR293W,KAJ8295894.1,60.909,110,38,2,1,105,1,110,8.60e-42,145,78.18
YOR312C,KAJ8297155.1,62.434,189,71,0,1,189,1,189,3.10e-68,206,81.48
YOR312C,GEM06089.1,60.204,196,71,1,1,189,1,196,3.03e-65,199,78.57
YOR312C,XP_016275756.1,60.317,189,68,1,1,189,1,182,4.76e-62,191,77.78
YOR369C,CDR36346.1,52.448,143,63,3,1,143,11,148,2.12e-43,140,72.03
YOR369C,PRQ77776.1,52.448,143,63,3,1,143,11,148,2.67e-43,140,72.03
YOR369C,XP_016269357.1,53.571,140,60,3,1,140,90,224,3.68e-43,142,73.57
YOR369C,GEM09015.1,52.448,143,63,3,1,143,11,148,4.85e-43,140,72.73
YOR369C,KAJ8296207.1,53.571,140,60,3,1,140,90,224,6.10e-43,141,73.57
YPL079W,KAJ8297155.1,62.434,189,71,0,1,189,1,189,3.10e-68,206,81.48
YPL079W,GEM06089.1,60.204,196,71,1,1,189,1,196,3.03e-65,199,78.57
YPL079W,XP_016275756.1,60.317,189,68,1,1,189,1,182,4.76e-62,191,77.78
YPL081W,PRQ71197.1,77.401,177,40,0,1,177,1,177,2.09e-98,283,87.57
YPL081W,XP_016271223.1,76.271,177,40,1,1,177,1,175,3.27e-94,273,86.44
YPL081W,GEM11551.1,78.659,164,35,0,14,177,15,178,4.97e-93,270,89.63
YPL081W,KAJ8292058.1,77.401,177,40,0,1,177,1,177,1.77e-89,282,87.57
YPL081W,KAJ8294511.1,32.143,56,38,0,107,162,132,187,0.013,35.8,53.57
YPL081W,XP_016269805.1,32.143,56,38,0,107,162,132,187,0.013,35.8,53.57
YPL081W,GEM08463.1,32.143,56,38,0,107,162,132,187,0.013,35.8,53.57
YPL081W,EGU12854.1,32.143,56,38,0,107,162,132,187,0.014,35.8,53.57
YPL090C,GEM11329.1,65.766,222,73,1,1,219,1,222,2.12e-103,299,78.83
YPL090C,PRQ70393.1,64.865,222,75,1,1,219,1,222,1.53e-101,295,77.93
YPL090C,XP_016270669.1,64.865,222,75,1,1,219,1,222,2.79e-101,294,77.48
YPL090C,PRQ70394.1,59.615,52,21,0,170,221,232,283,1.14e-11,63.5,76.92
YPL131W,XP_016272526.1,62.329,292,109,1,1,292,1,291,1.84e-131,375,75.68
YPL131W,PRQ75553.1,62.500,288,107,1,5,292,25,311,7.84e-130,372,76.04
YPL131W,GEM11847.1,62.630,289,107,1,1,289,1,288,8.38e-122,377,76.47
YPL131W,KAJ8291305.1,62.630,289,107,1,1,289,1,288,5.63e-121,376,76.12
YPL131W,KAJ8291307.1,62.630,289,107,1,1,289,1,288,5.86e-121,376,76.12
YPL143W,XP_016275533.1,62.500,104,39,0,4,107,3,106,6.71e-44,138,76.92
YPL143W,KAJ8293913.1,62.376,101,38,0,7,107,6,106,7.16e-43,135,77.23
YPL143W,GEM08691.1,62.376,101,38,0,7,107,8,108,8.30e-43,135,77.23
YPL198W,KAJ8297155.1,62.434,189,71,0,1,189,1,189,3.10e-68,206,81.48
YPL198W,GEM06089.1,60.204,196,71,1,1,189,1,196,3.03e-65,199,78.57
YPL198W,XP_016275756.1,60.317,189,68,1,1,189,1,182,4.76e-62,191,77.78
YPL220W,XP_016270257.1,68.519,216,68,0,2,217,4,219,3.03e-95,277,84.26
YPL220W,KAJ8296407.1,67.593,216,70,0,2,217,4,219,9.36e-93,271,82.87
YPL220W,GEM09218.1,67.130,216,68,1,2,217,4,216,1.60e-90,265,82.41
YPL249C-A,KAJ8297155.1,62.434,189,71,0,1,189,1,189,3.10e-68,206,81.48
YPL249C-A,GEM06089.1,60.204,196,71,1,1,189,1,196,3.03e-65,199,78.57
YPL249C-A,XP_016275756.1,60.317,189,68,1,1,189,1,182,4.76e-62,191,77.78
YPR043W,XP_016275974.1,71.429,91,26,0,1,91,1,91,3.78e-44,138,84.62
YPR102C,XP_016269989.1,77.907,172,38,0,3,174,6,177,1.11e-100,287,87.79
YPR102C,PRQ72830.1,77.907,172,38,0,3,174,6,177,1.39e-100,287,87.79
YPR102C,GEM06511.1,78.824,170,36,0,5,174,8,177,1.82e-100,287,88.24
YPR132W,KAJ8297155.1,62.434,189,71,0,1,189,1,189,3.10e-68,206,81.48
YPR132W,GEM06089.1,60.204,196,71,1,1,189,1,196,3.03e-65,199,78.57
YPR132W,XP_016275756.1,60.317,189,68,1,1,189,1,182,4.76e-62,191,77.78


