YBL027W,NP_009526.1,100.000,189,0,0,1,189,1,189,1.23e-134,372,100.00
YBL027W,4U3M_M9,100.000,188,0,0,2,189,1,188,3.88e-133,369,100.00
YBL072C,NP_009481.1,100.000,200,0,0,1,200,1,200,3.14e-148,408,100.00
YBL072C,5MEI_J,100.000,199,0,0,2,200,1,199,4.75e-147,405,100.00
YBL072C,7B7D_V,100.000,198,0,0,2,199,1,198,1.79e-146,403,100.00
YBL072C,7NRD_SV,94.472,199,0,1,2,200,1,188,1.27e-135,375,94.47
YBL072C,6T7T_SI,94.444,198,0,1,2,199,1,187,4.20e-135,374,94.44
YBL087C,NP_009466.1,100.000,137,0,0,1,137,1,137,4.76e-98,276,100.00
YBL087C,4U3M_N3,100.000,136,0,0,2,137,1,136,4.93e-97,273,100.00
YBL092W,NP_009460.1,100.000,130,0,0,1,130,1,130,6.48e-94,265,100.00
YBL092W,4U3M_O2,100.000,129,0,0,2,130,1,129,6.08e-93,262,100.00
YBL092W,5I4L_O2,100.000,127,0,0,2,128,1,127,2.62e-91,258,100.00
YBR031W,NP_009587.1,100.000,362,0,0,1,362,1,362,0.0,734,100.00
YBR031W,NP_010295.3,99.724,362,1,0,1,362,1,362,0.0,732,99.72
YBR031W,4U3M_L4,100.000,361,0,0,2,362,1,361,0.0,731,100.00
YBR048W,NP_009526.1,100.000,189,0,0,1,189,1,189,1.23e-134,372,100.00
YBR048W,4U3M_M9,100.000,188,0,0,2,189,1,188,3.88e-133,369,100.00
YBR084C-A,NP_009526.1,100.000,189,0,0,1,189,1,189,1.23e-134,372,100.00
YBR084C-A,4U3M_M9,100.000,188,0,0,2,189,1,188,3.88e-133,369,100.00
YBR181C,NP_009526.1,100.000,189,0,0,1,189,1,189,1.23e-134,372,100.00
YBR181C,4U3M_M9,100.000,188,0,0,2,189,1,188,3.88e-133,369,100.00
YBR189W,NP_009526.1,100.000,189,0,0,1,189,1,189,1.23e-134,372,100.00
YBR189W,4U3M_M9,100.000,188,0,0,2,189,1,188,3.88e-133,369,100.00
YBR191W,NP_009750.1,100.000,160,0,0,1,160,1,160,7.79e-119,330,100.00
YBR191W,NP_015246.1,98.750,160,2,0,1,160,1,160,2.31e-118,329,100.00
YBR191W,4U3M_N1,100.000,159,0,0,2,160,1,159,6.40e-118,328,100.00
YCR031C,NP_009960.2,100.000,137,0,0,1,137,1,137,7.15e-98,275,100.00
YCR031C,4U3M_C4,100.000,136,0,0,2,137,1,136,9.02e-97,273,100.00
YCR031C,NP_012344.1,97.794,136,3,0,2,137,3,138,3.42e-95,268,100.00
YCR031C,5I4L_C4,100.000,128,0,0,10,137,1,128,1.07e-90,257,100.00
YCR031C,6GQ1_AE,100.000,127,0,0,11,137,1,127,1.34e-89,254,100.00
YDL061C,NP_009526.1,100.000,189,0,0,1,189,1,189,1.23e-134,372,100.00
YDL061C,4U3M_M9,100.000,188,0,0,2,189,1,188,3.88e-133,369,100.00
YDL075W,NP_010208.1,100.000,113,0,0,1,113,1,113,2.19e-80,229,100.00
YDL075W,NP_013510.3,99.115,113,1,0,1,113,1,113,1.09e-79,228,100.00
YDL075W,4U3M_O1,100.000,112,0,0,2,113,1,112,1.67e-79,227,100.00
YDL075W,5I4L_O1,100.000,109,0,0,4,112,1,109,3.55e-77,221,100.00
YDL081C,NP_010202.1,100.000,106,0,0,1,106,1,106,4.81e-70,202,100.00
YDL081C,NP_010153.1,55.238,105,46,1,3,106,2,106,5.67e-20,76.3,75.24
YDL082W,NP_010201.1,100.000,199,0,0,1,199,1,199,5.23e-144,397,100.00
YDL082W,4U3M_M3,100.000,198,0,0,2,199,1,198,8.19e-143,394,100.00
YDL082W,NP_013862.1,98.995,199,2,0,1,199,1,199,2.28e-142,393,99.50
YDL082W,5I4L_M3,100.000,194,0,0,2,195,1,194,5.43e-140,387,100.00
YDL082W,5MEI_CN,100.000,193,0,0,2,194,1,193,1.69e-139,385,100.00
YDL083C,NP_009526.1,100.000,189,0,0,1,189,1,189,1.23e-134,372,100.00
YDL083C,4U3M_M9,100.000,188,0,0,2,189,1,188,3.88e-133,369,100.00
YDL130W,NP_010153.1,100.000,106,0,0,1,106,1,106,3.36e-69,200,100.00
YDL130W,NP_010202.1,55.238,105,46,1,2,106,3,106,9.32e-21,78.2,75.24
YDL133C-A,NP_009526.1,100.000,189,0,0,1,189,1,189,1.23e-134,372,100.00
YDL133C-A,4U3M_M9,100.000,188,0,0,2,189,1,188,3.88e-133,369,100.00
YDL136W,NP_009526.1,100.000,189,0,0,1,189,1,189,1.23e-134,372,100.00
YDL136W,4U3M_M9,100.000,188,0,0,2,189,1,188,3.88e-133,369,100.00
YDL184C,NP_010097.1,100.000,25,0,0,1,25,1,25,2.73e-08,41.2,100.00
YDL191W,NP_010090.1,100.000,120,0,0,1,120,1,120,2.64e-81,232,100.00
YDL191W,4U3M_O5,100.000,119,0,0,2,120,1,119,3.41e-80,229,100.00
YDR012W,NP_009526.1,100.000,189,0,0,1,189,1,189,1.23e-134,372,100.00
YDR012W,4U3M_M9,100.000,188,0,0,2,189,1,188,3.88e-133,369,100.00
YDR025W,NP_009604.1,100.000,156,0,0,1,156,1,156,6.00e-115,320,100.00
YDR025W,7D63_SM,100.000,155,0,0,1,155,1,155,4.32e-114,318,100.00
YDR025W,4U51_C1,100.000,155,0,0,2,156,1,155,6.41e-114,317,100.00
YDR025W,4U3M_C1,99.355,155,1,0,2,156,1,155,2.98e-113,316,99.35
YDR025W,6GQ1_AB,100.000,153,0,0,2,154,1,153,1.86e-112,313,100.00
YDR025W,5NDV_C1,100.000,146,0,0,2,147,1,146,5.21e-107,300,100.00
YDR025W,5FCI_C1,100.000,146,0,0,2,147,1,146,7.10e-107,300,100.00
YDR025W,5FCJ_C1,99.315,146,1,0,2,147,1,146,3.72e-106,298,99.32
YDR025W,6T7T_SL,100.000,144,0,0,2,145,1,144,2.53e-105,295,100.00
YDR025W,6TB3_X,100.000,142,0,0,4,145,1,142,4.99e-104,292,100.00
YDR025W,6WDR_L,100.000,140,0,0,6,145,1,140,3.26e-102,287,100.00
YDR064W,NP_010349.3,100.000,151,0,0,1,151,1,151,7.27e-110,307,100.00
YDR064W,4U3M_C3,100.000,150,0,0,2,151,1,150,6.10e-109,304,100.00
YDR382W,NP_010670.3,100.000,110,0,0,1,110,1,110,1.56e-71,207,100.00
YDR382W,NP_014603.1,56.701,97,38,3,14,110,14,106,8.32e-13,58.2,73.20
YDR418W,NP_009526.1,100.000,189,0,0,1,189,1,189,1.23e-134,372,100.00
YDR418W,4U3M_M9,100.000,188,0,0,2,189,1,188,3.88e-133,369,100.00
YDR447C,NP_009526.1,100.000,189,0,0,1,189,1,189,1.23e-134,372,100.00
YDR447C,4U3M_M9,100.000,188,0,0,2,189,1,188,3.88e-133,369,100.00
YDR450W,NP_010738.1,100.000,146,0,0,1,146,1,146,5.53e-108,301,100.00
YDR450W,4U3M_C8,100.000,145,0,0,2,146,1,145,1.01e-106,298,100.00
YDR450W,6WDR_S,100.000,135,0,0,2,136,1,135,3.79e-99,279,100.00
YDR450W,6ZQB_DS,100.000,122,0,0,1,122,1,122,1.96e-88,252,100.00
YDR450W,NP_014318.3,19.847,131,81,2,14,143,2,109,0.011,32.7,40.46
YDR500C,NP_009526.1,100.000,189,0,0,1,189,1,189,1.23e-134,372,100.00
YDR500C,4U3M_M9,100.000,188,0,0,2,189,1,188,3.88e-133,369,100.00
YEL054C,NP_010706.3,100.000,165,0,0,1,165,1,165,1.46e-119,332,100.00
YEL054C,6GQ1_P2,100.000,94,0,0,54,147,1,94,5.73e-64,189,100.00
YEL054C,6N8J_K,64.545,110,39,0,1,110,1,110,7.18e-39,128,64.55
YER056C-A,NP_010977.2,100.000,121,0,0,1,121,1,121,9.71e-86,243,100.00
YER056C-A,NP_012212.1,98.347,121,2,0,1,121,1,121,3.83e-85,242,100.00
YER056C-A,4U4Q_O4,100.000,120,0,0,2,121,1,120,1.24e-84,241,100.00
YER056C-A,4U3M_O4,99.167,120,0,1,2,121,1,119,2.57e-82,234,99.17
YER056C-A,5I4L_O4,100.000,112,0,0,2,113,1,112,1.18e-79,228,100.00
YER074W,NP_010997.3,100.000,135,0,0,1,135,1,135,1.29e-95,270,100.00
YER074W,4U3M_D4,100.000,134,0,0,2,135,1,134,1.35e-94,267,100.00
YER102W,NP_009526.1,100.000,189,0,0,1,189,1,189,1.23e-134,372,100.00
YER102W,4U3M_M9,100.000,188,0,0,2,189,1,188,3.88e-133,369,100.00
YER117W,NP_009526.1,100.000,189,0,0,1,189,1,189,1.23e-134,372,100.00
YER117W,4U3M_M9,100.000,188,0,0,2,189,1,188,3.88e-133,369,100.00
YER131W,NP_009526.1,100.000,189,0,0,1,189,1,189,1.23e-134,372,100.00
YER131W,4U3M_M9,100.000,188,0,0,2,189,1,188,3.88e-133,369,100.00
YFL034C-A,NP_009526.1,100.000,189,0,0,1,189,1,189,1.23e-134,372,100.00
YFL034C-A,4U3M_M9,100.000,188,0,0,2,189,1,188,3.88e-133,369,100.00
YFR032C-A,NP_116690.3,100.000,59,0,0,1,59,1,59,2.12e-37,117,100.00
YFR032C-A,4U3M_N9,100.000,58,0,0,2,59,1,58,2.71e-36,114,100.00
YGL030W,NP_011485.1,100.000,105,0,0,1,105,1,105,3.81e-72,208,100.00
YGL030W,4U3M_O0,100.000,104,0,0,2,105,1,104,4.13e-71,205,100.00
YGL030W,5I4L_O0,100.000,100,0,0,6,105,1,100,7.17e-68,197,100.00
YGL030W,5MEI_AD,100.000,97,0,0,9,105,1,97,1.76e-65,191,100.00
YGL030W,6T7T_Lc,100.000,96,0,0,9,104,1,96,8.77e-65,189,100.00
YGL031C,NP_011484.1,100.000,155,0,0,1,155,1,155,2.03e-108,303,100.00
YGL031C,NP_011664.3,96.774,155,5,0,1,155,1,155,2.63e-105,296,98.06
YGL031C,5I4L_n4,100.000,135,0,0,1,135,1,135,2.03e-94,267,100.00
YGL031C,6TB3_AE,100.000,126,0,0,1,126,1,126,3.49e-88,251,100.00
YGL031C,6T7T_LW,96.825,126,4,0,1,126,1,126,2.14e-84,242,97.62
YGL031C,5I4L_N4,100.000,98,0,0,1,98,1,98,4.38e-69,202,100.00
YGL031C,7NRC_LY,100.000,65,0,0,1,65,1,65,9.97e-45,139,100.00
YGL031C,6GQB_W,100.000,64,0,0,1,64,1,64,7.11e-44,137,100.00
YGL031C,6GQ1_W,100.000,63,0,0,1,63,1,63,4.85e-43,135,100.00
YGL031C,7NRD_LY,100.000,61,0,0,1,61,1,61,2.03e-41,131,100.00
YGL031C,NP_013109.1,33.613,119,74,2,1,115,1,118,4.25e-15,67.8,53.78
YGL076C,NP_011439.1,100.000,244,0,0,1,244,1,244,0.0,495,100.00
YGL076C,4U3M_L7,100.000,243,0,0,2,244,1,243,4.55e-180,492,100.00
YGL076C,NP_015126.1,97.951,244,5,0,1,244,1,244,3.63e-179,489,99.59
YGL076C,5NDV_L7,100.000,226,0,0,19,244,1,226,4.65e-168,461,100.00
YGL076C,5I4L_L7,100.000,223,0,0,22,244,1,223,7.64e-166,455,100.00
YGL076C,5MEI_CI,100.000,222,0,0,23,244,1,222,6.54e-165,452,100.00
YGL076C,NP_014396.3,41.463,164,86,3,83,237,141,303,5.04e-35,125,57.93
YGL103W,NP_011412.1,100.000,149,0,0,1,149,1,149,1.02e-108,304,100.00
YGL103W,4U3M_N8,100.000,148,0,0,2,149,1,148,9.94e-108,301,100.00
YGL123W,NP_011392.1,100.000,254,0,0,1,254,1,254,0.0,513,100.00
YGL123W,4U3M_S2,100.000,253,0,0,2,254,1,253,0.0,511,100.00
YGL123W,5I4L_S2,100.000,217,0,0,34,250,1,217,2.18e-158,436,100.00
YGL123W,6T7T_SC,100.000,216,0,0,34,249,1,216,1.25e-157,434,100.00
YGL135W,NP_009526.1,100.000,189,0,0,1,189,1,189,1.23e-134,372,100.00
YGL135W,4U3M_M9,100.000,188,0,0,2,189,1,188,3.88e-133,369,100.00
YGL147C,NP_011368.3,100.000,191,0,0,1,191,1,191,1.62e-139,385,100.00
YGL147C,NP_014332.1,97.906,191,4,0,1,191,1,191,4.08e-137,379,98.95
YGL147C,NP_012017.1,28.767,146,89,7,22,163,53,187,6.66e-05,40.4,51.37
YGL189C,NP_011326.1,100.000,119,0,0,1,119,1,119,2.91e-83,237,100.00
YGL189C,NP_011057.1,98.319,119,2,0,1,119,1,119,1.90e-81,232,99.16
YGL189C,4U3M_D6,100.000,97,0,0,2,98,1,97,1.63e-66,194,100.00
YGL189C,6G04_B,100.000,20,0,0,100,119,7,26,1.85e-07,42.7,100.00
YGR027C,NP_011541.1,100.000,108,0,0,1,108,1,108,3.08e-74,213,100.00
YGR027C,NP_013437.1,99.074,108,1,0,1,108,1,108,2.32e-73,211,99.07
YGR027C,4U3M_D5,100.000,107,0,0,2,108,1,107,3.81e-73,211,100.00
YGR027C,6T7T_SZ,100.000,82,0,0,24,105,1,82,1.85e-55,165,100.00
YGR027C,5I4L_D5,100.000,70,0,0,36,105,1,70,2.31e-46,142,100.00
YGR027C,7NRD_SK,100.000,69,0,0,37,105,1,69,1.16e-45,140,100.00
YGR027C,6WDR_Z,100.000,63,0,0,42,104,1,63,6.55e-41,128,100.00
YGR034W,NP_009526.1,100.000,189,0,0,1,189,1,189,1.23e-134,372,100.00
YGR034W,4U3M_M9,100.000,188,0,0,2,189,1,188,3.88e-133,369,100.00
YGR085C,NP_009526.1,100.000,189,0,0,1,189,1,189,1.23e-134,372,100.00
YGR085C,4U3M_M9,100.000,188,0,0,2,189,1,188,3.88e-133,369,100.00
YGR118W,NP_011633.3,100.000,145,0,0,1,145,1,145,5.54e-103,289,100.00
YGR118W,4U3M_D3,100.000,144,0,0,2,145,1,144,5.73e-102,286,100.00
YGR118W,NP_014434.1,36.250,80,43,4,50,129,59,130,1.29e-08,49.3,63.75
YGR148C,NP_009526.1,100.000,189,0,0,1,189,1,189,1.23e-134,372,100.00
YGR148C,4U3M_M9,100.000,188,0,0,2,189,1,188,3.88e-133,369,100.00
YGR214W,NP_011730.1,100.000,252,0,0,1,252,1,252,0.0,514,100.00
YGR214W,4U3M_S0,100.000,251,0,0,2,252,1,251,0.0,511,100.00
YGR214W,6FAI_A,99.603,252,1,0,1,252,1,252,0.0,511,99.60
YGR214W,NP_013149.1,94.841,252,13,0,1,252,1,252,5.06e-163,449,95.63
YGR214W,5I4L_S0,100.000,206,0,0,2,207,1,206,1.58e-154,426,100.00
YGR214W,6WDR_A,99.515,206,1,0,2,207,1,206,4.58e-153,422,99.51
YGR214W,NP_011859.1,23.958,192,116,4,17,179,188,378,1.33e-10,58.9,42.19
YHL001W,NP_009526.1,100.000,189,0,0,1,189,1,189,1.23e-134,372,100.00
YHL001W,4U3M_M9,100.000,188,0,0,2,189,1,188,3.88e-133,369,100.00
YHL015W,NP_011848.1,100.000,121,0,0,1,121,1,121,9.84e-85,241,100.00
YHL015W,4U3M_D0,100.000,120,0,0,2,121,1,120,1.19e-83,238,100.00
YHL015W,5I4L_D0,100.000,110,0,0,12,121,1,110,5.52e-76,218,100.00
YHL015W,5NDV_D0,100.000,109,0,0,13,121,1,109,2.96e-75,216,100.00
YHL015W,5NDW_D0,100.000,107,0,0,15,121,1,107,7.15e-74,213,100.00
YHL015W,6WDR_U,100.000,103,0,0,19,121,1,103,7.38e-71,205,100.00
YHL015W,7NRD_SJ,100.000,101,0,0,19,119,1,101,3.12e-69,201,100.00
YHL015W,6T7T_SU,100.000,100,0,0,20,119,1,100,1.18e-68,199,100.00
YHL033C,NP_011830.1,100.000,256,0,0,1,256,1,256,0.0,519,100.00
YHL033C,4U3N_L8,100.000,255,0,0,2,256,1,255,0.0,516,100.00
YHL033C,4U3M_L8,99.608,255,1,0,2,256,1,255,0.0,514,99.61
YHL033C,NP_013055.1,97.266,256,7,0,1,256,1,256,0.0,510,99.22
YHL033C,5I4L_L8,100.000,233,0,0,24,256,1,233,6.89e-173,474,100.00
YHL033C,5I4L_l8,100.000,231,0,0,24,254,1,231,1.29e-171,471,100.00
YHR010W,NP_011874.1,100.000,136,0,0,1,136,1,136,8.75e-97,273,100.00
YHR010W,NP_010759.1,99.265,136,1,0,1,136,1,136,7.94e-96,270,99.26
YHR010W,4U3M_N7,100.000,135,0,0,2,136,1,135,1.45e-95,269,100.00
YHR021C,NP_009526.1,100.000,189,0,0,1,189,1,189,1.23e-134,372,100.00
YHR021C,4U3M_M9,100.000,188,0,0,2,189,1,188,3.88e-133,369,100.00
YHR141C,NP_009526.1,100.000,189,0,0,1,189,1,189,1.23e-134,372,100.00
YHR141C,4U3M_M9,100.000,188,0,0,2,189,1,188,3.88e-133,369,100.00
YHR203C,NP_009526.1,100.000,189,0,0,1,189,1,189,1.23e-134,372,100.00
YHR203C,4U3M_M9,100.000,188,0,0,2,189,1,188,3.88e-133,369,100.00
YIL052C,NP_009526.1,100.000,189,0,0,1,189,1,189,1.23e-134,372,100.00
YIL052C,4U3M_M9,100.000,188,0,0,2,189,1,188,3.88e-133,369,100.00
YIL069C,NP_009526.1,100.000,189,0,0,1,189,1,189,1.23e-134,372,100.00
YIL069C,4U3M_M9,100.000,188,0,0,2,189,1,188,3.88e-133,369,100.00
YIL133C,NP_012133.1,100.000,199,0,0,1,199,1,199,9.14e-145,399,100.00
YIL133C,4U3M_M6,100.000,198,0,0,2,199,1,198,1.14e-143,396,100.00
YIL133C,5I4L_M6,100.000,197,0,0,3,199,1,197,6.42e-143,394,100.00
YIL133C,4V88_BO,94.472,199,11,0,1,199,1,199,1.02e-138,384,97.49
YIL133C,NP_014330.1,90.306,196,19,0,4,199,3,198,1.12e-126,353,95.41
YIL148W,NP_012118.1,100.000,128,0,0,1,128,1,128,8.50e-93,262,100.00
YIL148W,4NNJ_B,100.000,76,0,0,1,76,4,79,1.15e-51,156,100.00
YIL148W,4HCN_B,100.000,76,0,0,1,76,23,98,2.14e-51,156,100.00
YIL148W,5L6J_B,100.000,76,0,0,1,76,1,76,2.33e-51,155,100.00
YIL148W,NP_013268.1,100.000,76,0,0,1,76,1,76,2.74e-50,155,100.00
YIL148W,4V88_Af,100.000,76,0,0,1,76,1,76,6.87e-50,154,100.00
YIL148W,4Q5E_B,98.667,75,1,0,1,75,1,75,1.36e-49,151,100.00
YIL148W,6NZO_C,100.000,75,0,0,1,75,21,95,2.86e-49,155,100.00
YIL148W,NP_013061.1,98.701,77,1,0,1,77,1,77,4.94e-48,156,100.00
YIL148W,NP_013061.1,98.701,77,1,0,1,77,77,153,4.94e-48,156,100.00
YIL148W,NP_013061.1,98.701,77,1,0,1,77,153,229,4.94e-48,156,100.00
YIL148W,NP_013061.1,98.701,77,1,0,1,77,229,305,4.94e-48,156,100.00
YIL148W,NP_013061.1,100.000,76,0,0,1,76,305,380,7.74e-48,155,100.00
YIL148W,4U3M_Q0,100.000,52,0,0,77,128,1,52,4.69e-33,108,100.00
YIL148W,NP_010423.4,52.632,76,36,0,1,76,1,76,6.33e-23,83.6,76.32
YIL148W,NP_014003.1,39.286,56,34,0,15,70,16,71,1.39e-06,44.3,57.14
YJL136C,NP_009526.1,100.000,189,0,0,1,189,1,189,1.23e-134,372,100.00
YJL136C,4U3M_M9,100.000,188,0,0,2,189,1,188,3.88e-133,369,100.00
YJL177W,NP_009526.1,100.000,189,0,0,1,189,1,189,1.23e-134,372,100.00
YJL177W,4U3M_M9,100.000,188,0,0,2,189,1,188,3.88e-133,369,100.00
YJL189W,NP_012346.1,100.000,51,0,0,1,51,1,51,6.76e-31,99.8,100.00
YJL189W,4U3M_O9,100.000,50,0,0,2,51,1,50,4.83e-30,97.8,100.00
YJL189W,5IT7_ll,100.000,49,0,0,2,50,1,49,2.80e-29,95.9,100.00
YJL190C,NP_012345.1,100.000,130,0,0,1,130,1,130,9.27e-96,270,100.00
YJL190C,NP_013471.1,99.231,130,1,0,1,130,1,130,2.25e-95,268,100.00
YJL190C,4U3M_D2,100.000,129,0,0,2,130,1,129,9.49e-95,267,100.00
YJL190C,6Y7C_W,99.231,130,1,0,1,130,1,130,1.68e-94,266,99.23
YJL190C,5DAT_d2,99.231,130,0,1,2,130,1,130,6.79e-93,262,99.23
YJL191W,NP_009526.1,100.000,189,0,0,1,189,1,189,1.23e-134,372,100.00
YJL191W,4U3M_M9,100.000,188,0,0,2,189,1,188,3.88e-133,369,100.00
YJR094W-A,NP_009526.1,100.000,189,0,0,1,189,1,189,1.23e-134,372,100.00
YJR094W-A,4U3M_M9,100.000,188,0,0,2,189,1,188,3.88e-133,369,100.00
YJR123W,NP_012657.1,100.000,225,0,0,1,225,1,225,3.75e-167,457,100.00
YJR123W,4U3M_S5,100.000,224,0,0,2,225,1,224,4.04e-166,455,100.00
YJR123W,5I4L_S5,100.000,206,0,0,20,225,1,206,1.99e-152,420,100.00
YJR145C,NP_012073.1,100.000,261,0,0,1,261,1,261,0.0,529,100.00
YJR145C,4U3M_S4,100.000,260,0,0,2,261,1,260,0.0,526,100.00
YJR145C,6T7T_SE,100.000,258,0,0,2,259,1,258,0.0,523,100.00
YKL006W,NP_012920.1,100.000,138,0,0,1,138,1,138,3.15e-96,271,100.00
YKL006W,NP_011862.1,99.275,138,1,0,1,138,1,138,1.45e-95,270,99.28
YKL006W,4U3M_M4,100.000,137,0,0,2,138,1,137,4.06e-95,268,100.00
YKL006W,5MEI_CO,100.000,136,0,0,3,138,1,136,2.30e-94,266,100.00
YKL156W,NP_012766.1,100.000,82,0,0,1,82,1,82,1.64e-57,169,100.00
YKL156W,NP_011885.1,98.780,82,1,0,1,82,1,82,2.81e-57,168,100.00
YKL156W,4U3M_D7,100.000,81,0,0,2,82,1,81,1.71e-56,166,100.00
YKL180W,NP_012741.1,100.000,184,0,0,1,184,1,184,6.80e-135,373,100.00
YKL180W,NP_012358.1,98.913,184,2,0,1,184,1,184,4.85e-134,370,100.00
YKL180W,4U3M_M7,100.000,183,0,0,2,184,1,183,1.31e-133,369,100.00
YKR057W,NP_012983.3,100.000,87,0,0,1,87,1,87,1.90e-61,179,100.00
YKR057W,NP_012399.1,98.851,87,1,0,1,87,1,87,3.05e-61,179,100.00
YKR094C,NP_009526.1,100.000,189,0,0,1,189,1,189,1.23e-134,372,100.00
YKR094C,4U3M_M9,100.000,188,0,0,2,189,1,188,3.88e-133,369,100.00
YLL045C,NP_009526.1,100.000,189,0,0,1,189,1,189,1.23e-134,372,100.00
YLL045C,4U3M_M9,100.000,188,0,0,2,189,1,188,3.88e-133,369,100.00
YLR029C,NP_013129.1,100.000,204,0,0,1,204,1,204,1.04e-150,414,100.00
YLR029C,4U3M_M5,100.000,203,0,0,2,204,1,203,1.51e-149,411,100.00
YLR029C,NP_013840.1,99.020,204,2,0,1,204,1,204,2.23e-149,411,100.00
YLR029C,5DAT_M5,99.510,204,0,1,2,204,1,204,8.23e-148,407,99.51
YLR048W,NP_009526.1,100.000,189,0,0,1,189,1,189,1.23e-134,372,100.00
YLR048W,4U3M_M9,100.000,188,0,0,2,189,1,188,3.88e-133,369,100.00
YLR061W,NP_013162.1,100.000,121,0,0,1,121,1,121,2.40e-87,248,100.00
YLR061W,4U3M_N2,100.000,120,0,0,2,121,1,120,3.46e-86,244,100.00
YLR061W,5I4L_N2,100.000,100,0,0,9,108,1,100,2.27e-70,204,100.00
YLR061W,5NDV_N2,100.000,99,0,0,10,108,1,99,2.28e-69,201,100.00
YLR061W,NP_116619.1,85.714,112,16,0,1,112,1,112,9.34e-60,178,94.64
YLR075W,NP_013176.1,100.000,221,0,0,1,221,1,221,3.58e-168,460,100.00
YLR075W,4U3M_M0,100.000,220,0,0,2,221,1,220,3.06e-167,457,100.00
YLR075W,6T7T_LI,100.000,218,0,0,2,219,1,218,1.43e-165,453,100.00
YLR167W,NP_013268.1,100.000,152,0,0,1,152,1,152,5.10e-111,310,100.00
YLR167W,4V88_Af,83.553,152,25,0,1,152,1,152,2.08e-89,255,83.55
YLR167W,4NNJ_B,100.000,76,0,0,1,76,4,79,2.51e-51,156,100.00
YLR167W,5L6J_B,100.000,76,0,0,1,76,1,76,5.83e-51,155,100.00
YLR167W,4U3M_E1,100.000,76,0,0,77,152,1,76,8.09e-51,155,100.00
YLR167W,4HCN_B,100.000,76,0,0,1,76,23,98,1.13e-50,155,100.00
YLR167W,NP_012118.1,100.000,76,0,0,1,76,1,76,3.25e-50,155,100.00
YLR167W,4U3M_e1,98.684,76,1,0,77,152,1,76,3.79e-50,153,98.68
YLR167W,4Q5E_B,98.667,75,1,0,1,75,1,75,2.21e-49,151,100.00
YLR167W,5NDW_E1,100.000,73,0,0,80,152,1,73,6.00e-49,150,100.00
YLR167W,6NZO_C,100.000,75,0,0,1,75,21,95,7.06e-49,155,100.00
YLR167W,6TB3_N,98.630,73,1,0,80,152,1,73,2.72e-48,149,98.63
YLR167W,5OBM_E1,100.000,72,0,0,81,152,1,72,3.92e-48,148,100.00
YLR167W,5MEI_g,100.000,71,0,0,82,152,1,71,1.31e-47,147,100.00
YLR167W,NP_013061.1,100.000,76,0,0,1,76,1,76,1.67e-47,156,100.00
YLR167W,NP_013061.1,100.000,76,0,0,1,76,77,152,1.67e-47,156,100.00
YLR167W,NP_013061.1,100.000,76,0,0,1,76,153,228,1.67e-47,156,100.00
YLR167W,NP_013061.1,100.000,76,0,0,1,76,229,304,1.67e-47,156,100.00
YLR167W,NP_013061.1,100.000,76,0,0,1,76,305,380,1.67e-47,156,100.00
YLR167W,5MEI_e1,100.000,51,0,0,102,152,1,51,1.61e-33,110,100.00
YLR167W,6GQ1_AW,100.000,37,0,0,116,152,1,37,6.50e-23,83.6,100.00
YLR167W,NP_010423.4,52.632,76,36,0,1,76,1,76,2.66e-22,83.2,76.32
YLR167W,NP_014003.1,39.286,56,34,0,15,70,16,71,1.77e-05,41.6,57.14
YLR185W,NP_013286.1,100.000,88,0,0,1,88,1,88,1.51e-60,177,100.00
YLR185W,4U3M_O7,100.000,87,0,0,2,88,1,87,1.87e-59,174,100.00
YLR185W,6T7T_Lj,100.000,85,0,0,2,86,1,85,2.93e-58,171,100.00
YLR185W,NP_010788.1,93.182,88,6,0,1,88,1,88,2.25e-56,167,95.45
YLR185W,6TB3_AF,100.000,81,0,0,2,82,1,81,1.11e-55,164,100.00
YLR264W,NP_009526.1,100.000,189,0,0,1,189,1,189,1.23e-134,372,100.00
YLR264W,4U3M_M9,100.000,188,0,0,2,189,1,188,3.88e-133,369,100.00
YLR287C-A,NP_013390.1,100.000,63,0,0,1,63,1,63,5.25e-41,126,100.00
YLR287C-A,4U3M_e0,100.000,62,0,0,2,63,1,62,4.91e-40,123,100.00
YLR287C-A,5NDW_E0,100.000,61,0,0,2,62,1,61,3.78e-39,121,100.00
YLR287C-A,4U3M_E0,100.000,60,0,0,2,61,1,60,1.71e-38,119,100.00
YLR287C-A,7NRC_Sg,100.000,57,0,0,5,61,1,57,1.42e-36,114,100.00
YLR287C-A,7NRD_Sg,100.000,44,0,0,2,45,1,44,1.77e-17,66.2,100.00
YLR325C,NP_013429.1,100.000,78,0,0,1,78,1,78,4.16e-52,155,100.00
YLR325C,4U3M_O8,100.000,77,0,0,2,78,1,77,5.28e-51,152,100.00
YLR333C,NP_009526.1,100.000,189,0,0,1,189,1,189,1.23e-134,372,100.00
YLR333C,4U3M_M9,100.000,188,0,0,2,189,1,188,3.88e-133,369,100.00
YLR340W,NP_013444.1,100.000,312,0,0,1,312,1,312,0.0,630,100.00
YLR340W,4U3M_p0,100.000,311,0,0,2,312,1,311,0.0,628,100.00
YLR340W,4U3N_p0,99.678,311,1,0,2,312,1,311,0.0,626,99.68
YLR340W,4V88_Dq,92.628,312,23,0,1,312,1,312,5.03e-179,495,92.63
YLR340W,5FCI_p0,92.605,311,23,0,2,312,1,311,5.65e-178,492,92.60
YLR340W,5DAT_p0,100.000,220,0,0,2,221,1,220,7.72e-161,445,100.00
YLR340W,5TBW_p0,100.000,219,0,0,3,221,1,219,4.35e-160,443,100.00
YLR340W,6GQ1_P0,100.000,189,0,0,5,193,1,189,2.19e-137,385,100.00
YLR344W,NP_013448.1,100.000,127,0,0,1,127,1,127,1.68e-88,251,100.00
YLR344W,NP_011548.2,99.213,127,1,0,1,127,1,127,5.62e-88,249,100.00
YLR344W,4U3M_N6,100.000,126,0,0,2,127,1,126,1.94e-87,248,100.00
YLR344W,5NDV_N6,100.000,125,0,0,2,126,1,125,2.08e-86,245,100.00
YLR367W,NP_009526.1,100.000,189,0,0,1,189,1,189,1.23e-134,372,100.00
YLR367W,4U3M_M9,100.000,188,0,0,2,189,1,188,3.88e-133,369,100.00
YLR388W,NP_013492.3,100.000,56,0,0,1,56,1,56,1.46e-38,119,100.00
YLR388W,4U3M_D9,100.000,55,0,0,2,56,1,55,1.42e-37,117,100.00
YLR388W,5I4L_D9,100.000,53,0,0,4,56,1,53,7.77e-36,112,100.00
YLR388W,NP_010222.1,91.071,56,5,0,1,56,1,56,1.05e-35,112,98.21
YLR388W,6WDR_d,100.000,37,0,0,20,56,1,37,1.23e-22,79.0,100.00
YLR406C,NP_009526.1,100.000,189,0,0,1,189,1,189,1.23e-134,372,100.00
YLR406C,4U3M_M9,100.000,188,0,0,2,189,1,188,3.88e-133,369,100.00
YLR441C,NP_013546.1,100.000,255,0,0,1,255,1,255,0.0,519,100.00
YLR441C,4U3M_S1,100.000,254,0,0,2,255,1,254,0.0,516,100.00
YLR441C,NP_013648.1,96.863,255,8,0,1,255,1,255,0.0,506,99.22
YLR441C,6T7T_SB,100.000,232,0,0,2,233,1,232,6.59e-173,474,100.00
YLR441C,5I4L_S1,100.000,216,0,0,20,235,1,216,1.13e-161,445,100.00
YLR441C,6GQ1_r,100.000,214,0,0,20,233,1,214,4.18e-160,441,100.00
YLR448W,NP_009526.1,100.000,189,0,0,1,189,1,189,1.23e-134,372,100.00
YLR448W,4U3M_M9,100.000,188,0,0,2,189,1,188,3.88e-133,369,100.00
YML024W,NP_013688.1,100.000,136,0,0,1,136,1,136,1.05e-97,275,100.00
YML024W,NP_010735.3,100.000,135,0,0,1,135,1,135,3.80e-97,273,100.00
YML024W,5MEI_S,100.000,125,0,0,2,126,1,125,2.42e-89,253,100.00
YML024W,5MEI_c7,100.000,121,0,0,2,122,1,121,3.03e-86,245,100.00
YML026C,NP_009526.1,100.000,189,0,0,1,189,1,189,1.23e-134,372,100.00
YML026C,4U3M_M9,100.000,188,0,0,2,189,1,188,3.88e-133,369,100.00
YML063W,NP_009526.1,100.000,189,0,0,1,189,1,189,1.23e-134,372,100.00
YML063W,4U3M_M9,100.000,188,0,0,2,189,1,188,3.88e-133,369,100.00
YML073C,NP_013638.1,100.000,176,0,0,1,176,1,176,1.51e-127,353,100.00
YML073C,4U3M_L6,100.000,175,0,0,2,176,1,175,1.94e-126,351,100.00
YML073C,6T7T_LE,95.429,175,8,0,2,176,1,175,2.09e-121,338,97.71
YML073C,NP_013553.1,94.318,176,10,0,1,176,1,176,1.43e-112,316,97.73
YML073C,6TB3_BM,94.286,175,10,0,2,176,1,175,1.76e-111,313,97.71
YML073C,5APO_E,89.773,176,18,0,1,176,1,176,6.64e-111,311,89.77
YML073C,7NRC_LH,93.714,175,11,0,2,176,1,175,4.38e-108,304,97.14
YML073C,7NRD_LH,90.286,175,9,1,2,176,1,167,1.37e-96,275,93.71
YMR116C,NP_013834.1,100.000,319,0,0,1,319,1,319,0.0,654,100.00
YMR116C,4U3M_SR,100.000,318,0,0,2,319,1,318,0.0,652,100.00
YMR116C,3RFG_A,100.000,318,0,0,2,319,2,319,0.0,652,100.00
YMR116C,5OBM_SR,99.686,318,1,0,2,319,1,318,0.0,650,99.69
YMR116C,6WDR_g,100.000,317,0,0,3,319,1,317,0.0,650,100.00
YMR116C,3RFH_A,99.686,318,1,0,2,319,2,319,0.0,649,99.69
YMR116C,6T7T_Sg,100.000,312,0,0,5,316,1,312,0.0,641,100.00
YMR116C,7NRD_SO,99.681,313,1,0,7,319,1,313,0.0,640,99.68
YMR116C,NP_009757.1,31.760,233,142,7,12,241,520,738,9.56e-23,97.1,47.21
YMR116C,NP_009757.1,27.668,253,154,10,12,255,562,794,4.51e-16,77.0,45.06
YMR116C,NP_009757.1,24.664,223,152,6,99,318,517,726,4.95e-15,73.9,45.29
YMR116C,NP_012218.1,33.333,183,104,5,13,195,298,462,6.42e-21,91.7,50.27
YMR116C,NP_012218.1,41.429,70,38,2,78,146,523,590,7.54e-07,48.9,55.71
YMR116C,NP_013323.1,26.941,219,144,4,15,223,432,644,5.53e-20,89.0,47.03
YMR116C,6EXN_J,28.019,207,141,4,76,280,151,351,2.49e-19,86.3,45.89
YMR116C,6EXN_J,36.364,132,76,3,105,234,137,262,2.84e-14,71.2,50.00
YMR116C,NP_015174.1,28.019,207,141,4,76,280,151,351,2.61e-19,86.3,45.89
YMR116C,NP_015174.1,36.364,132,76,3,105,234,137,262,2.89e-14,71.2,50.00
YMR116C,4WJV_A,24.713,348,201,13,12,313,47,379,1.19e-18,84.0,42.53
YMR116C,4WJV_A,32.520,123,77,3,13,135,264,380,1.72e-10,59.7,50.41
YMR116C,7UG6_x,24.713,348,201,13,12,313,180,512,3.81e-18,83.2,42.53
YMR116C,7UG6_x,23.529,357,201,12,13,317,138,474,7.27e-13,67.0,39.50
YMR116C,7UG6_x,32.520,123,77,3,13,135,397,513,1.26e-10,60.5,50.41
YMR116C,NP_009997.2,24.713,348,201,13,12,313,181,513,4.31e-18,82.8,42.53
YMR116C,NP_009997.2,22.689,357,204,13,13,317,139,475,8.12e-13,67.0,39.78
YMR116C,NP_009997.2,32.520,123,77,3,13,135,398,514,1.27e-10,60.5,50.41
YMR116C,NP_013230.1,28.194,227,136,8,14,224,470,685,3.36e-17,80.5,44.93
YMR116C,NP_013230.1,27.660,141,92,4,86,225,100,231,1.68e-09,57.0,45.39
YMR116C,NP_014392.3,23.826,298,195,11,32,317,4,281,3.94e-15,72.8,44.30
YMR116C,NP_014392.3,30.769,104,67,3,13,116,203,301,7.70e-08,51.2,50.96
YMR116C,NP_011378.1,28.972,214,133,6,55,263,87,286,7.89e-15,73.6,42.06
YMR116C,NP_011378.1,25.893,224,118,6,9,217,132,322,3.71e-12,65.5,40.62
YMR116C,NP_010007.1,26.946,167,106,6,68,225,446,605,6.35e-14,70.5,49.10
YMR116C,NP_010007.1,24.183,153,113,2,169,319,458,609,1.06e-11,63.9,49.67
YMR116C,NP_010007.1,25.316,237,139,7,13,223,481,705,1.20e-11,63.5,40.93
YMR116C,NP_010007.1,22.785,237,149,8,32,246,457,681,2.55e-08,53.5,41.35
YMR116C,3V7D_B,25.000,296,178,13,10,298,114,372,1.23e-13,69.3,44.93
YMR116C,6BX3_A,27.225,191,125,6,58,234,88,278,1.35e-13,68.6,46.60
YMR116C,NP_009734.1,27.225,191,125,6,58,234,89,279,1.38e-13,68.6,46.60
YMR116C,6J6G_n,23.684,304,174,10,15,313,160,410,2.66e-13,68.6,42.11
YMR116C,NP_010652.3,23.684,304,174,10,15,313,160,410,3.02e-13,68.2,42.11
YMR116C,NP_116585.1,24.809,262,157,12,10,266,374,600,7.97e-13,67.4,44.66
YMR116C,NP_010136.1,23.448,290,168,8,12,260,90,366,1.03e-12,67.0,40.00
YMR116C,NP_015504.1,25.381,197,133,5,72,260,182,372,2.64e-10,59.3,47.21
YMR116C,NP_015504.1,24.691,162,100,6,164,315,229,378,1.47e-07,50.8,43.83
YMR116C,NP_014082.1,20.070,284,206,6,28,302,49,320,2.19e-09,56.6,39.08
YMR116C,6EOJ_D,20.070,284,206,6,28,302,49,320,2.21e-09,56.6,39.08
YMR116C,NP_014855.3,21.711,304,186,9,57,316,84,379,4.62e-09,55.5,39.14
YMR116C,6LQS_B1,21.488,242,135,6,11,250,381,569,1.76e-08,53.9,39.26
YMR116C,6LQS_B1,24.409,127,85,4,195,315,54,175,1.11e-04,42.0,45.67
YMR116C,NP_009984.1,21.488,242,135,6,11,250,381,569,1.87e-08,53.9,39.26
YMR116C,NP_009984.1,24.409,127,85,4,195,315,54,175,1.12e-04,42.0,45.67
YMR116C,NP_012709.1,23.962,313,200,14,9,313,5,287,2.23e-08,53.5,41.53
YMR116C,NP_012423.1,21.905,210,116,8,11,183,435,633,4.84e-08,52.4,43.33
YMR116C,NP_012423.1,20.283,212,118,5,77,245,411,614,3.13e-07,50.1,38.68
YMR116C,NP_012423.1,25.517,145,82,6,12,137,497,634,4.34e-06,46.6,46.90
YMR116C,NP_012423.1,28.767,73,49,2,51,123,592,661,1.92e-05,44.3,61.64
YMR116C,NP_012423.1,27.928,111,67,4,168,271,412,516,1.93e-04,41.2,45.95
YMR116C,NP_014912.1,26.562,192,87,8,35,187,272,448,9.39e-08,51.6,40.62
YMR116C,NP_014912.1,30.208,96,52,4,34,116,374,467,0.003,37.4,50.00
YMR116C,6GSM_s,25.641,156,106,4,63,217,8,154,2.35e-07,49.7,42.95
YMR116C,6GSM_s,36.667,60,37,1,167,225,263,322,0.029,33.9,48.33
YMR116C,NP_013866.1,25.641,156,106,4,63,217,8,154,2.47e-07,49.7,42.95
YMR116C,NP_013866.1,36.667,60,37,1,167,225,263,322,0.030,33.9,48.33
YMR116C,P20484.2,24.254,268,140,10,11,231,86,337,2.57e-07,50.1,41.04
YMR116C,NP_012904.3,24.254,268,140,10,11,231,140,391,2.99e-07,49.7,41.04
YMR116C,6JP6_A,27.007,137,97,2,58,191,172,308,4.95e-07,49.7,48.18
YMR116C,NP_012962.3,24.299,214,109,7,77,245,332,537,5.16e-07,49.3,39.72
YMR116C,NP_015142.1,27.007,137,97,2,58,191,172,308,5.16e-07,49.3,48.18
YMR116C,6LQT_3F,35.065,77,46,2,194,266,234,310,2.57e-06,47.0,57.14
YMR116C,NP_015463.1,35.065,77,46,2,194,266,234,310,2.60e-06,47.0,57.14
YMR116C,4J0X_A,35.065,77,46,2,194,266,112,188,3.11e-06,46.6,57.14
YMR116C,NP_013605.1,26.316,171,76,8,169,315,30,174,9.44e-06,45.1,42.69
YMR116C,NP_011511.3,25.000,84,63,0,51,134,122,205,9.79e-05,42.0,45.24
YMR116C,3VL1_A,25.000,84,63,0,51,134,125,208,9.91e-05,42.0,45.24
YMR116C,NP_011033.3,27.273,132,84,5,20,145,39,164,5.73e-04,39.3,47.73
YMR116C,NP_013156.1,35.849,53,34,0,63,115,305,357,8.89e-04,38.9,52.83
YMR116C,NP_013090.1,26.582,79,57,1,61,138,301,379,0.002,37.7,46.84
YMR116C,NP_013090.1,22.892,166,112,4,20,181,222,375,0.029,34.3,41.57
YMR116C,NP_009661.1,24.000,125,87,2,102,225,354,471,0.004,37.0,44.00
YMR116C,NP_014669.1,32.258,62,40,1,199,258,254,315,0.005,36.2,50.00
YMR116C,NP_012907.3,37.838,37,23,0,58,94,106,142,0.014,35.0,62.16
YMR116C,4NSX_A,20.521,307,176,8,15,259,348,648,0.016,35.0,36.16
YMR116C,5TZS_T,20.521,307,176,8,15,259,328,628,0.017,35.0,36.16
YMR116C,NP_013513.3,20.521,307,176,8,15,259,348,648,0.022,34.7,36.16
YMR116C,NP_011512.1,42.105,38,22,0,57,94,507,544,0.023,34.7,57.89
YMR121C,NP_009526.1,100.000,189,0,0,1,189,1,189,1.23e-134,372,100.00
YMR121C,4U3M_M9,100.000,188,0,0,2,189,1,188,3.88e-133,369,100.00
YMR142C,NP_009526.1,100.000,189,0,0,1,189,1,189,1.23e-134,372,100.00
YMR142C,4U3M_M9,100.000,188,0,0,2,189,1,188,3.88e-133,369,100.00
YMR143W,NP_010200.1,100.000,143,0,0,1,143,1,143,3.91e-103,289,100.00
YMR143W,4U3M_C6,100.000,142,0,0,2,143,1,142,5.50e-102,286,100.00
YMR143W,5NDW_C6,100.000,141,0,0,3,143,1,141,2.39e-101,285,100.00
YMR143W,6WDR_Q,100.000,127,0,0,3,129,1,127,1.54e-90,257,100.00
YMR194W,NP_013920.1,100.000,100,0,0,1,100,1,100,4.15e-68,197,100.00
YMR194W,4U3M_O6,100.000,99,0,0,2,100,1,99,4.97e-67,194,100.00
YMR194W,NP_015074.1,98.000,100,2,0,1,100,1,100,9.07e-67,194,98.00
YMR230W,NP_009526.1,100.000,189,0,0,1,189,1,189,1.23e-134,372,100.00
YMR230W,4U3M_M9,100.000,188,0,0,2,189,1,188,3.88e-133,369,100.00
YMR242C,NP_013969.3,100.000,172,0,0,1,172,1,172,1.49e-128,356,100.00
YMR242C,6T7T_LS,100.000,171,0,0,2,172,1,171,1.86e-127,353,100.00
YNL067W,NP_009526.1,100.000,189,0,0,1,189,1,189,1.23e-134,372,100.00
YNL067W,4U3M_M9,100.000,188,0,0,2,189,1,188,3.88e-133,369,100.00
YNL069C,NP_009526.1,100.000,189,0,0,1,189,1,189,1.23e-134,372,100.00
YNL069C,4U3M_M9,100.000,188,0,0,2,189,1,188,3.88e-133,369,100.00
YNL096C,NP_009526.1,100.000,189,0,0,1,189,1,189,1.23e-134,372,100.00
YNL096C,4U3M_M9,100.000,188,0,0,2,189,1,188,3.88e-133,369,100.00
YNL162W,NP_012010.1,100.000,106,0,0,1,106,1,106,1.51e-72,209,100.00
YNL162W,4U3M_Q2,100.000,105,0,0,2,106,1,105,1.62e-71,206,100.00
YNL162W,6T7T_Lo,100.000,103,0,0,2,104,1,103,7.82e-70,202,100.00
YNL178W,NP_014221.3,100.000,240,0,0,1,240,1,240,6.09e-177,484,100.00
YNL178W,4U3M_S3,100.000,239,0,0,2,240,1,239,7.16e-176,481,100.00
YNL178W,5I4L_S3,100.000,223,0,0,3,225,1,223,4.44e-164,451,100.00
YNL178W,6T7T_SD,100.000,222,0,0,4,225,1,222,1.58e-163,449,100.00
YNL301C,NP_009526.1,100.000,189,0,0,1,189,1,189,1.23e-134,372,100.00
YNL301C,4U3M_M9,100.000,188,0,0,2,189,1,188,3.88e-133,369,100.00
YNL302C,NP_009526.1,100.000,189,0,0,1,189,1,189,1.23e-134,372,100.00
YNL302C,4U3M_M9,100.000,188,0,0,2,189,1,188,3.88e-133,369,100.00
YOL039W,NP_014603.1,100.000,106,0,0,1,106,1,106,1.67e-68,199,100.00
YOL039W,NP_010670.3,50.909,110,50,3,1,106,1,110,3.23e-21,79.3,68.18
YOL039W,4U3M_p0,74.074,27,7,0,80,106,285,311,0.049,30.4,74.07
YOL040C,NP_014602.1,100.000,142,0,0,1,142,1,142,9.40e-104,291,100.00
YOL040C,4U3M_C5,100.000,141,0,0,2,142,1,141,6.27e-103,288,100.00
YOL040C,4U4O_C5,99.291,141,1,0,2,142,1,141,4.10e-102,286,99.29
YOL040C,5DAT_C5,100.000,137,0,0,2,138,1,137,6.29e-100,281,100.00
YOL040C,5TBW_Q,100.000,135,0,0,4,138,1,135,3.81e-98,276,100.00
YOL040C,6WDR_P,100.000,127,0,0,16,142,1,127,5.75e-92,260,100.00
YOL040C,6GQ1_AF,100.000,124,0,0,8,131,1,124,9.35e-90,254,100.00
YOL040C,7NRD_SE,100.000,119,0,0,14,132,1,119,2.64e-86,246,100.00
YOL040C,6T7T_SP,100.000,117,0,0,13,129,1,117,7.83e-85,242,100.00
YOL040C,NP_014435.3,43.137,51,29,0,72,122,29,79,5.34e-09,48.9,64.71
YOL120C,NP_014098.1,100.000,186,0,0,1,186,1,186,5.76e-135,373,100.00
YOL120C,4U3M_M8,100.000,185,0,0,2,186,1,185,4.73e-134,371,100.00
YOL121C,NP_014520.1,100.000,144,0,0,1,144,1,144,7.76e-105,293,100.00
YOL121C,4U3M_C9,100.000,143,0,0,2,144,1,143,6.96e-104,291,100.00
YOL121C,NP_014097.1,99.306,144,1,0,1,144,1,144,9.37e-104,291,99.31
YOL127W,NP_014514.1,100.000,142,0,0,1,142,1,142,1.41e-100,283,100.00
YOL127W,4U3M_N5,100.000,141,0,0,2,142,1,141,2.16e-99,280,100.00
YOL127W,5I4L_N5,100.000,121,0,0,22,142,1,121,2.08e-85,243,100.00
YOL127W,5NDV_N5,100.000,120,0,0,23,142,1,120,7.49e-85,242,100.00
YOR063W,NP_014706.1,100.000,387,0,0,1,387,1,387,0.0,795,100.00
YOR063W,4U3M_L3,100.000,386,0,0,2,387,1,386,0.0,792,100.00
YOR063W,5FCI_L3,99.741,386,1,0,2,387,1,386,0.0,788,99.74
YOR096W,NP_014739.1,100.000,190,0,0,1,190,1,190,1.02e-137,380,100.00
YOR096W,4U3M_S7,100.000,189,0,0,2,190,1,189,1.62e-136,377,100.00
YOR096W,5I4L_S7,100.000,186,0,0,2,187,1,186,9.14e-134,370,100.00
YOR096W,7NRD_SU,100.000,185,0,0,3,187,1,185,3.55e-133,369,100.00
YOR096W,5NDW_S7,100.000,184,0,0,4,187,1,184,3.05e-132,366,100.00
YOR096W,NP_014303.3,87.895,190,23,0,1,190,1,190,1.85e-123,344,96.32
YOR167C,NP_014810.1,100.000,67,0,0,1,67,1,67,1.09e-42,130,100.00
YOR167C,5TZS_G,98.507,67,1,0,1,67,1,67,4.35e-42,129,98.51
YOR167C,NP_013366.1,98.507,67,1,0,1,67,1,67,5.07e-42,129,100.00
YOR167C,4U3M_D8,100.000,66,0,0,2,67,1,66,8.93e-42,128,100.00
YOR167C,5I4L_D8,100.000,63,0,0,5,67,1,63,4.71e-39,121,100.00
YOR182C,NP_009526.1,100.000,189,0,0,1,189,1,189,1.23e-134,372,100.00
YOR182C,4U3M_M9,100.000,188,0,0,2,189,1,188,3.88e-133,369,100.00
YOR234C,NP_009526.1,100.000,189,0,0,1,189,1,189,1.23e-134,372,100.00
YOR234C,4U3M_M9,100.000,188,0,0,2,189,1,188,3.88e-133,369,100.00
YOR293W,NP_014936.1,100.000,105,0,0,1,105,1,105,4.64e-76,218,100.00
YOR293W,4U3M_C0,99.048,105,1,0,1,105,1,105,2.33e-75,216,99.05
YOR293W,5FCI_C0,99.048,105,1,0,1,105,1,105,2.93e-75,216,99.05
YOR293W,4U3N_c0,98.095,105,2,0,1,105,1,105,6.47e-75,215,99.05
YOR293W,NP_013957.1,97.143,105,3,0,1,105,1,105,2.24e-74,213,100.00
YOR293W,5I4L_C0,100.000,98,0,0,1,98,1,98,2.07e-70,203,100.00
YOR293W,6WDR_K,100.000,96,0,0,1,96,1,96,1.47e-68,198,100.00
YOR293W,6T7T_SK,100.000,92,0,0,1,92,1,92,1.96e-65,190,100.00
YOR293W,5FCI_c0,100.000,84,0,0,1,84,1,84,1.41e-58,173,100.00
YOR312C,NP_009526.1,100.000,189,0,0,1,189,1,189,1.23e-134,372,100.00
YOR312C,4U3M_M9,100.000,188,0,0,2,189,1,188,3.88e-133,369,100.00
YOR369C,NP_015014.3,100.000,143,0,0,1,143,1,143,7.29e-99,278,100.00
YOR369C,4U4R_C2,100.000,142,0,0,2,143,1,142,6.84e-98,276,100.00
YOR369C,4U3M_C2,98.592,142,2,0,2,143,1,142,1.92e-96,272,98.59
YOR369C,6WDR_M,100.000,125,0,0,18,142,1,125,1.77e-86,246,100.00
YOR369C,5DAT_C2,100.000,124,0,0,20,143,1,124,1.08e-85,244,100.00
YOR369C,6T7T_SM,100.000,121,0,0,23,143,1,121,6.56e-84,240,100.00
YOR369C,5FCI_C2,90.756,119,11,0,25,143,24,142,1.56e-64,191,90.76
YPL079W,NP_009526.1,100.000,189,0,0,1,189,1,189,1.23e-134,372,100.00
YPL079W,4U3M_M9,100.000,188,0,0,2,189,1,188,3.88e-133,369,100.00
YPL081W,NP_015244.1,100.000,197,0,0,1,197,1,197,1.18e-143,396,100.00
YPL081W,4U3M_S9,100.000,196,0,0,2,197,1,196,1.40e-142,393,100.00
YPL081W,NP_009748.3,97.462,197,3,1,1,197,1,195,3.14e-138,382,98.98
YPL081W,5I4L_S9,100.000,185,0,0,2,186,1,185,2.12e-134,372,100.00
YPL081W,6T7T_SJ,100.000,184,0,0,2,185,1,184,1.18e-133,370,100.00
YPL081W,NP_012018.1,25.581,129,96,0,34,162,36,164,8.06e-09,51.2,49.61
YPL081W,5WXM_A,25.581,129,96,0,34,162,12,140,1.69e-08,50.1,47.29
YPL090C,NP_009740.3,100.000,236,0,0,1,236,1,236,5.98e-173,473,100.00
YPL090C,6WDR_G,100.000,232,0,0,1,232,1,232,3.46e-170,466,100.00
YPL090C,6T7T_SG,100.000,228,0,0,1,228,1,228,2.88e-167,459,100.00
YPL090C,5I4L_S6,100.000,226,0,0,1,226,1,226,4.24e-166,456,100.00
YPL090C,6GQ1_w,100.000,223,0,0,1,223,1,223,5.85e-164,450,100.00
YPL090C,5NDV_s6,100.000,218,0,0,1,218,1,218,1.42e-160,441,100.00
YPL131W,NP_015194.1,100.000,297,0,0,1,297,1,297,0.0,609,100.00
YPL131W,4U3M_L5,100.000,296,0,0,2,297,1,296,0.0,606,100.00
YPL131W,6T7T_LD,100.000,294,0,0,4,297,1,294,0.0,602,100.00
YPL143W,NP_015182.1,100.000,107,0,0,1,107,1,107,7.53e-77,220,100.00
YPL143W,NP_014877.3,99.065,107,1,0,1,107,1,107,3.82e-76,218,100.00
YPL143W,4U3M_O3,100.000,106,0,0,2,107,1,106,8.81e-76,217,100.00
YPL198W,NP_009526.1,100.000,189,0,0,1,189,1,189,1.23e-134,372,100.00
YPL198W,4U3M_M9,100.000,188,0,0,2,189,1,188,3.88e-133,369,100.00
YPL220W,NP_011380.3,100.000,217,0,0,1,217,1,217,8.06e-161,441,100.00
YPL220W,6GQB_BA,100.000,204,0,0,13,216,1,204,5.73e-150,413,100.00
YPL249C-A,NP_009526.1,100.000,189,0,0,1,189,1,189,1.23e-134,372,100.00
YPL249C-A,4U3M_M9,100.000,188,0,0,2,189,1,188,3.88e-133,369,100.00
YPR043W,NP_012628.3,100.000,92,0,0,1,92,1,92,2.39e-62,182,100.00
YPR043W,4U3M_Q3,100.000,91,0,0,2,92,1,91,2.45e-61,179,100.00
YPR102C,NP_015427.1,100.000,174,0,0,1,174,1,174,5.02e-130,360,100.00
YPR102C,NP_011599.1,99.425,174,1,0,1,174,1,174,2.49e-129,358,99.43
YPR102C,5FCI_M1,100.000,173,0,0,2,174,1,173,4.70e-129,357,100.00
YPR102C,4U3M_M1,99.422,173,1,0,2,174,1,173,2.66e-128,355,99.42
YPR102C,5I4L_M1,100.000,169,0,0,6,174,1,169,4.74e-126,349,100.00
YPR132W,NP_009526.1,100.000,189,0,0,1,189,1,189,1.23e-134,372,100.00
YPR132W,4U3M_M9,100.000,188,0,0,2,189,1,188,3.88e-133,369,100.00


