RT08391,XP_016269639.1,100.000,254,0,0,1,254,1,254,0.0,511,100.00
RT08391,PRQ73057.1,32.800,125,70,3,91,210,238,353,5.09e-09,56.2,46.40
RT08391,XP_016276807.1,31.008,129,75,3,87,210,234,353,5.24e-08,53.5,44.96
RT08391,GEM06692.1,32.800,125,70,4,91,210,237,352,1.05e-07,52.4,45.60
RT08391,KAJ8296100.1,31.200,125,72,3,91,210,378,493,1.20e-07,52.8,45.60
RT08391,KAJ8296101.1,31.200,125,72,3,91,210,378,493,1.24e-07,52.8,45.60
RT08485,PRQ77417.1,100.000,229,0,0,1,229,1,229,1.36e-171,471,100.00
RT08485,GEM09363.1,98.253,229,4,0,1,229,1,229,1.92e-169,466,99.56
RT08485,XP_016274671.1,98.253,229,4,0,1,229,1,229,5.05e-169,464,99.13
RT08566,PRQ77498.1,100.000,195,0,0,1,195,1,195,1.24e-141,392,100.00
RT08566,XP_016274759.1,95.897,195,8,0,1,195,1,195,1.31e-135,377,97.95
RT08566,GEM09289.1,90.306,196,17,2,1,195,29,223,2.19e-124,350,96.43
RT08566,KAJ8296474.1,94.857,175,9,0,1,175,1,175,2.02e-114,342,97.14
RT08647,EGU11295.1,100.000,302,0,0,1,302,1,302,0.0,606,100.00
RT08647,KAJ8293867.1,81.333,150,14,2,158,302,4,144,3.65e-74,224,83.33
RT08647,XP_016272257.1,81.333,150,14,2,158,302,4,144,1.07e-73,223,82.67
RT08647,CDR39507.1,99.099,111,1,0,192,302,1,111,3.91e-73,220,100.00
RT08647,GEM08746.1,95.652,115,5,0,188,302,4,118,4.21e-73,220,98.26
RT08695,PRQ77627.1,100.000,164,0,0,1,164,1,164,2.89e-115,323,100.00
RT08695,EGU11312.1,100.000,148,0,0,4,151,35,182,5.33e-88,268,100.00
RT08695,EGU11312.1,85.047,107,13,1,5,108,192,298,1.38e-41,146,89.72
RT08695,PRQ77626.1,85.047,107,13,1,5,108,36,142,1.39e-42,147,89.72
RT08695,XP_016272312.1,81.481,108,17,1,4,108,35,142,1.95e-41,143,87.04
RT08695,PRQ77628.1,96.721,61,2,0,104,164,204,264,1.59e-34,122,96.72
RT08695,XP_016272315.1,46.711,152,67,4,14,164,118,256,4.03e-32,115,55.92
RT08695,GEM08787.1,88.525,61,7,0,104,164,593,653,2.96e-31,118,96.72
RT08696,GEM08787.1,97.719,263,6,0,2,264,391,653,0.0,543,99.62
RT08696,PRQ77628.1,100.000,264,0,0,1,264,1,264,0.0,540,100.00
RT08696,XP_016272315.1,98.438,256,4,0,9,264,1,256,0.0,517,99.61
RT08696,PRQ77627.1,96.721,61,2,0,204,264,104,164,2.56e-34,122,96.72
RT08696,EGU11312.1,97.917,48,1,0,204,251,135,182,2.44e-23,99.0,97.92
RT08751,XP_016272364.1,100.000,91,0,0,1,91,1,91,2.06e-61,181,100.00
RT08752,PRQ77684.1,100.000,77,0,0,1,77,1,77,1.76e-52,157,100.00
RT08752,GEM08836.1,98.649,74,1,0,1,74,77,150,1.20e-49,153,100.00
RT08752,XP_016272363.1,98.649,74,1,0,1,74,77,150,1.33e-49,153,100.00
RT08752,KAJ8293786.1,98.649,74,1,0,1,74,83,156,2.38e-49,152,100.00
RT08844,XP_016269357.1,99.324,148,1,0,1,148,80,227,7.83e-106,301,100.00
RT08844,KAJ8296207.1,99.324,148,1,0,1,148,80,227,1.49e-105,300,100.00
RT08844,GEM09015.1,100.000,148,0,0,1,148,1,148,2.65e-105,298,100.00
RT08844,PRQ77776.1,100.000,148,0,0,1,148,1,148,2.75e-105,296,100.00
RT08844,CDR36346.1,99.324,148,1,0,1,148,1,148,4.92e-105,296,100.00
RT08894,XP_016277160.1,100.000,115,0,0,1,115,1,115,7.37e-80,230,100.00
RT08894,KAJ8295805.1,98.913,92,1,0,1,92,1,92,4.89e-58,188,98.91
RT08894,KAJ8295804.1,98.913,92,1,0,1,92,1,92,5.45e-58,189,98.91
RT08903,EGU12697.1,100.000,231,0,0,1,231,1,231,2.87e-166,457,100.00
RT08903,XP_016277152.1,94.805,231,12,0,1,231,1,231,6.64e-146,406,98.27
RT08903,GEM06990.1,79.237,236,30,2,1,231,1,222,3.62e-109,313,84.75
RT09006,PRQ77938.1,100.000,151,0,0,1,151,1,151,2.59e-110,310,100.00
RT09006,XP_016277045.1,99.338,151,1,0,1,151,1,151,5.78e-110,309,100.00
RT09006,KAJ8295894.1,96.575,146,4,1,1,146,1,145,9.45e-94,293,97.26
RT09123,EGU12612.1,100.000,239,0,0,1,239,1,239,5.50e-173,475,100.00
RT09123,XP_016276933.1,91.064,235,21,0,4,238,30,264,1.12e-156,435,95.74
RT09123,GEM06805.1,80.165,242,42,1,4,239,30,271,2.75e-133,376,85.95
RT09134,PRQ78066.1,100.000,197,0,0,1,197,1,197,4.22e-143,396,100.00
RT09134,XP_016276921.1,95.431,197,9,0,1,197,1,197,9.16e-138,383,97.46
RT09134,GEM06794.1,90.355,197,14,1,1,197,1,192,1.36e-128,359,93.40
RT09149,PRQ78081.1,100.000,127,0,0,1,127,1,127,1.86e-91,260,100.00
RT09149,XP_016275534.1,98.425,127,2,0,1,127,1,127,1.19e-89,255,98.43
RT09149,GEM08692.1,93.701,127,8,0,1,127,1,127,3.06e-85,244,96.85
RT09150,XP_016275533.1,100.000,106,0,0,1,106,1,106,2.30e-75,218,100.00
RT09150,KAJ8293913.1,96.226,106,4,0,1,106,1,106,6.22e-72,209,97.17
RT09150,GEM08691.1,100.000,101,0,0,6,106,8,108,2.77e-71,207,100.00
RT09265,PRQ78197.1,100.000,184,0,0,1,184,1,184,6.77e-132,367,100.00
RT09265,KAJ8293992.1,80.978,184,1,1,1,184,1,150,7.20e-99,282,80.98
RT09265,GEM08591.1,79.891,184,3,1,1,184,1,150,2.71e-97,278,79.89
RT09265,KAJ8293993.1,80.110,181,15,3,1,173,1,168,7.45e-93,268,81.77
RT09265,XP_016270800.1,81.503,173,11,1,1,173,1,152,3.25e-92,266,81.50
RT09351,XP_016272839.1,100.000,134,0,0,1,134,1,134,1.63e-94,268,100.00
RT09351,GEM10908.1,100.000,133,0,0,2,134,228,360,2.53e-92,271,100.00
RT09351,KAJ8292314.1,100.000,133,0,0,2,134,314,446,6.89e-91,270,100.00
RT09516,PRQ72177.1,100.000,84,0,0,1,84,1,84,2.67e-56,168,100.00
RT09516,CDR35641.1,98.810,84,1,0,1,84,1,84,7.92e-56,167,100.00
RT09516,KAJ8292181.1,98.810,84,1,0,1,84,70,153,1.59e-55,168,100.00
RT09516,GEM10781.1,100.000,83,0,0,2,84,14,96,2.54e-55,166,100.00
RT09516,KAJ8292179.1,88.571,35,3,1,50,84,83,116,3.30e-13,60.1,88.57
RT09651,PRQ72312.1,100.000,187,0,0,1,187,1,187,1.67e-135,376,100.00
RT09651,XP_016270941.1,99.465,187,1,0,1,187,5,191,5.00e-135,375,100.00
RT09651,GEM10672.1,100.000,186,0,0,2,187,23,208,7.12e-134,373,100.00
RT09651,KAJ8292094.1,100.000,174,0,0,1,174,1,174,4.96e-120,356,100.00
RT09651,KAJ8292095.1,100.000,174,0,0,1,174,1,174,1.29e-119,356,100.00
RT09651,XP_016270943.1,95.181,83,4,0,105,187,6,88,7.08e-52,161,97.59
RT09651,PRQ72314.1,93.506,77,5,0,111,187,22,98,9.85e-46,146,94.81
RT09651,EGU11104.1,96.667,60,2,0,115,174,230,289,5.93e-33,123,98.33
RT09653,PRQ72314.1,100.000,98,0,0,1,98,1,98,3.67e-67,196,100.00
RT09653,XP_016270941.1,93.506,77,5,0,22,98,115,191,4.77e-46,146,94.81
RT09653,PRQ72312.1,93.506,77,5,0,22,98,111,187,5.16e-46,146,94.81
RT09653,GEM10672.1,93.506,77,5,0,22,98,132,208,1.64e-45,145,94.81
RT09653,XP_016270943.1,89.610,77,8,0,22,98,12,88,7.58e-45,140,92.21
RT09653,EGU11104.1,97.260,73,2,0,13,85,217,289,4.27e-44,150,98.63
RT09653,KAJ8292094.1,96.667,60,2,0,26,85,115,174,2.15e-33,121,98.33
RT09653,KAJ8292095.1,96.667,60,2,0,26,85,115,174,2.20e-33,121,98.33
RT09775,PRQ71660.1,100.000,243,0,0,1,243,1,243,3.53e-178,489,100.00
RT09775,XP_016271040.1,99.588,243,1,0,1,243,1,243,8.30e-178,488,100.00
RT09775,KAJ8292848.1,82.313,294,1,1,1,243,1,294,3.94e-158,440,82.65
RT09775,GEM10109.1,97.596,208,5,0,36,243,10,217,5.94e-149,414,99.04
RT09776,PRQ71661.1,100.000,262,0,0,1,262,1,262,0.0,531,100.00
RT09776,CDR44570.1,94.656,262,14,0,1,262,1,262,0.0,508,98.47
RT09776,XP_016271043.1,94.275,262,15,0,1,262,4,265,0.0,506,98.47
RT09776,GEM10107.1,93.103,261,18,0,2,262,30,290,0.0,501,98.08
RT09776,PRQ73900.1,33.333,60,40,0,130,189,36,95,1.49e-06,46.6,51.67
RT09776,XP_016276478.1,33.333,60,40,0,130,189,33,92,1.74e-06,46.6,51.67
RT09776,GEM11585.1,33.333,60,40,0,130,189,33,92,1.89e-06,46.2,51.67
RT09776,KAJ8295539.1,28.409,88,61,1,130,217,35,120,3.40e-05,45.4,45.45
RT09778,XP_016271042.1,100.000,102,0,0,1,102,1,102,5.15e-70,204,100.00
RT09866,PRQ71751.1,100.000,213,0,0,1,213,1,213,2.57e-150,416,100.00
RT09866,XP_016273978.1,97.368,190,5,0,24,213,1,190,2.18e-128,360,98.42
RT09866,KAJ8292779.1,98.058,206,4,0,1,206,104,309,8.52e-128,389,98.54
RT09866,GEM10185.1,92.019,213,17,0,1,213,1,213,1.44e-119,338,96.71
RT09866,EGU12149.1,84.434,212,5,1,1,212,1,184,4.23e-74,242,84.91
RT09866,PRQ73900.1,41.573,89,52,0,73,161,11,99,3.76e-19,80.1,60.67
RT09866,XP_016276478.1,41.573,89,52,0,73,161,8,96,3.83e-19,80.1,60.67
RT09866,GEM11585.1,32.353,136,75,2,73,208,8,126,7.16e-19,79.3,51.47
RT09866,KAJ8295539.1,37.624,101,63,0,73,173,10,110,1.31e-17,81.3,56.44
RT09894,PRQ71779.1,100.000,194,0,0,1,194,1,194,1.02e-144,400,100.00
RT09894,GEM10209.1,94.444,180,9,1,14,193,16,194,2.05e-125,352,97.22
RT09894,KAJ8292761.1,97.110,173,5,0,15,187,2,174,1.70e-124,348,97.69
RT09894,XP_016274005.1,97.110,173,5,0,15,187,8,180,3.33e-124,348,97.69
RT09908,PRQ71793.1,100.000,181,0,0,1,181,1,181,3.27e-129,360,100.00
RT09908,XP_016274020.1,100.000,167,0,0,1,167,1,167,2.20e-118,332,100.00
RT09908,GEM10223.1,98.802,167,2,0,1,167,1,167,6.11e-117,328,98.80
RT09908,KAJ8292750.1,80.676,207,0,1,1,167,1,207,2.29e-104,313,80.68
RT10015,PRQ71900.1,100.000,373,0,0,1,373,1,373,0.0,749,100.00
RT10015,KAJ8292673.1,99.732,373,1,0,1,373,1,373,0.0,748,100.00
RT10015,XP_016274116.1,99.464,373,2,0,1,373,1,373,0.0,746,100.00
RT10015,GEM10314.1,94.737,380,10,3,1,373,1,377,0.0,630,95.53
RT10026,PRQ71911.1,100.000,150,0,0,1,150,1,150,5.84e-106,298,100.00
RT10026,XP_016274134.1,99.320,147,1,0,1,147,1,147,1.32e-102,291,100.00
RT10026,GEM10325.1,97.143,140,4,0,11,150,960,1099,1.38e-87,276,99.29
RT10026,KAJ8292661.1,99.237,131,1,0,16,146,908,1038,5.07e-78,251,100.00
RT10026,KAJ8292664.1,91.724,145,12,0,2,146,927,1071,8.78e-75,242,94.48
RT10026,KAJ8292662.1,91.724,145,12,0,2,146,888,1032,9.39e-75,242,94.48
RT10026,KAJ8292663.1,91.724,145,12,0,2,146,892,1036,9.67e-75,242,94.48
RT10055,XP_016274159.1,100.000,123,0,0,1,123,1,123,1.86e-87,249,100.00
RT10325,PRQ71467.1,100.000,257,0,0,1,257,1,257,0.0,526,100.00
RT10325,CDR40922.1,99.222,257,2,0,1,257,1,257,0.0,523,100.00
RT10325,XP_016274875.1,98.444,257,4,0,1,257,55,311,0.0,518,99.61
RT10325,GEM07131.1,96.875,256,5,1,2,257,985,1237,1.23e-176,519,98.44
RT10325,KAJ8294094.1,98.425,254,1,1,3,256,51,301,2.23e-170,511,98.82
RT10325,PRQ71466.1,87.755,49,6,0,209,257,2,50,2.03e-22,87.4,93.88
RT10348,EGU13091.1,100.000,162,0,0,1,162,1,162,4.92e-117,330,100.00
RT10348,PRQ71490.1,100.000,162,0,0,1,162,1,162,5.58e-116,325,100.00
RT10348,XP_016274852.1,87.931,58,7,0,1,58,1,58,3.01e-27,99.4,91.38
RT10376,XP_016274826.1,100.000,106,0,0,1,106,1,106,1.76e-73,213,100.00
RT10376,EGU13082.1,100.000,103,0,0,1,103,31,133,3.75e-67,215,100.00
RT10376,KAJ8294051.1,100.000,103,0,0,1,103,1,103,7.51e-67,216,100.00
RT10376,KAJ8294051.1,96.296,54,2,0,51,104,352,405,2.32e-28,107,96.30
RT10376,KAJ8294054.1,100.000,103,0,0,1,103,83,185,8.41e-67,217,100.00
RT10376,KAJ8294054.1,96.296,54,2,0,51,104,463,516,1.99e-28,107,96.30
RT10376,KAJ8294053.1,100.000,103,0,0,1,103,83,185,9.15e-67,217,100.00
RT10376,KAJ8294053.1,98.182,55,1,0,50,104,436,490,9.53e-31,114,100.00
RT10376,KAJ8294052.1,100.000,103,0,0,1,103,83,185,9.26e-67,217,100.00
RT10376,KAJ8294052.1,96.296,54,2,0,51,104,463,516,2.17e-28,107,96.30
RT10376,GEM07163.1,93.443,61,4,0,46,106,272,332,4.35e-27,101,95.08
RT10631,XP_016271322.1,100.000,172,0,0,1,172,1,172,3.89e-127,354,100.00
RT10631,GEM11461.1,98.837,172,2,0,1,172,1,172,8.68e-126,350,99.42
RT10631,KAJ8291985.1,99.371,159,1,0,4,162,728,886,2.51e-103,325,99.37
RT10684,XP_016271250.1,100.000,160,0,0,1,160,1,160,1.66e-118,331,100.00
RT10684,GEM11507.1,96.875,160,5,0,1,160,1,160,2.22e-116,326,99.38
RT10720,PRQ71180.1,100.000,149,0,0,1,149,1,149,1.99e-108,305,100.00
RT10720,GEM11540.1,89.933,149,15,0,1,149,1,149,5.87e-99,281,95.97
RT10720,XP_016271284.1,93.289,149,10,0,1,149,1,149,1.89e-92,264,99.33
RT10720,KAJ8292014.1,91.262,103,9,0,40,142,1,103,3.06e-48,166,97.09
RT10727,PRQ71187.1,100.000,117,0,0,1,117,1,117,1.56e-83,239,100.00
RT10727,XP_016271290.1,96.581,117,4,0,1,117,11,127,1.74e-81,234,99.15
RT10727,GEM11543.1,95.726,117,5,0,1,117,11,127,1.36e-75,233,96.58
RT10727,PRQ75235.1,95.522,67,3,0,1,67,11,77,3.54e-41,133,98.51
RT10727,PRQ75235.1,96.970,66,2,0,1,66,87,152,5.60e-41,133,98.48
RT10727,XP_016272363.1,95.522,67,3,0,1,67,11,77,1.43e-40,132,98.51
RT10727,GEM08836.1,95.522,67,3,0,1,67,11,77,1.57e-40,132,98.51
RT10727,XP_016273417.1,95.522,67,3,0,1,67,11,77,2.31e-40,133,98.51
RT10727,XP_016273417.1,96.875,64,2,0,1,64,87,150,3.38e-38,127,98.44
RT10727,XP_016273417.1,98.387,62,1,0,5,66,149,210,9.78e-38,126,98.39
RT10727,XP_016275248.1,95.522,67,3,0,1,67,11,77,3.24e-40,134,98.51
RT10727,XP_016275248.1,94.030,67,4,0,1,67,87,153,5.33e-40,133,98.51
RT10727,XP_016275248.1,98.438,64,1,0,3,66,173,236,3.08e-39,131,98.44
RT10727,CDR41572.1,95.522,67,3,0,1,67,11,77,3.33e-40,133,98.51
RT10727,CDR41572.1,94.030,67,4,0,1,67,87,153,5.48e-40,133,98.51
RT10727,CDR41572.1,95.455,66,3,0,1,66,163,228,2.64e-39,131,96.97
RT10727,GEM08029.1,95.522,67,3,0,1,67,11,77,3.33e-40,133,98.51
RT10727,GEM08029.1,95.522,67,3,0,1,67,87,153,3.33e-40,133,98.51
RT10727,GEM08029.1,96.970,66,2,0,1,66,163,228,5.25e-40,133,98.48
RT10727,KAJ8292010.1,62.727,110,35,2,1,105,24,132,6.12e-40,131,70.91
RT10727,PRQ76077.1,95.522,67,3,0,1,67,96,162,1.24e-39,134,98.51
RT10727,PRQ76077.1,95.522,67,3,0,1,67,172,238,1.24e-39,134,98.51
RT10727,PRQ76077.1,96.970,66,2,0,1,66,248,313,2.12e-39,134,98.48
RT10727,GEM08279.1,95.522,67,3,0,1,67,315,381,8.68e-39,133,98.51
RT10727,GEM08279.1,95.522,67,3,0,1,67,11,77,9.44e-39,133,98.51
RT10727,GEM08279.1,95.522,67,3,0,1,67,87,153,9.44e-39,133,98.51
RT10727,GEM08279.1,95.522,67,3,0,1,67,163,229,9.44e-39,133,98.51
RT10727,GEM08279.1,95.522,67,3,0,1,67,239,305,9.44e-39,133,98.51
RT10727,KAJ8293786.1,98.077,52,1,0,16,67,32,83,6.76e-31,107,100.00
RT10727,XP_016274121.1,81.818,66,12,0,1,66,406,471,1.33e-29,111,90.91
RT10727,PRQ75958.1,76.190,63,15,0,4,66,103,165,2.88e-29,103,88.89
RT10727,KAJ8293013.1,71.622,74,21,0,1,74,319,392,3.72e-29,110,79.73
RT10727,CDR45253.1,71.622,74,21,0,1,74,342,415,4.14e-29,110,79.73
RT10727,PRQ75516.1,77.419,62,14,0,5,66,132,193,2.13e-28,102,85.48
RT10727,XP_016273805.1,78.788,66,14,0,1,66,342,407,1.03e-27,106,84.85
RT10727,EGU11738.1,80.000,60,12,0,7,66,134,193,5.07e-27,103,86.67
RT10727,XP_016272561.1,70.968,62,18,0,5,66,132,193,8.13e-24,94.4,80.65
RT10727,GEM12512.1,69.697,66,20,0,1,66,26,91,9.79e-24,94.7,80.30
RT10727,XP_016272563.1,63.636,66,24,0,1,66,127,192,3.35e-21,87.0,78.79
RT10727,GEM07911.1,68.966,58,18,0,1,58,304,361,2.74e-20,85.1,84.48
RT10727,XP_016274769.1,67.857,56,18,0,3,58,303,358,5.22e-19,81.3,82.14
RT10727,XP_016270658.1,48.485,66,34,0,1,66,11,76,1.12e-17,71.6,71.21
RT10727,PRQ70378.1,48.485,66,34,0,1,66,11,76,2.17e-17,70.9,71.21
RT10727,KAJ8291562.1,48.485,66,34,0,1,66,2186,2251,3.59e-16,73.2,71.21
RT10727,XP_016272564.1,52.308,65,31,0,1,65,137,201,7.08e-16,72.0,69.23
RT10727,CDR48520.1,52.308,65,31,0,1,65,137,201,8.37e-16,72.0,69.23
RT10727,PRQ75685.1,51.515,66,32,0,1,66,47,112,2.82e-15,70.1,71.21
RT10727,PRQ75535.1,45.455,66,36,0,1,66,178,243,4.66e-14,67.0,68.18
RT10727,PRQ75518.1,50.000,54,27,0,12,65,22,75,2.42e-12,58.2,66.67
RT10727,CDR38379.1,34.234,111,61,4,4,105,12,119,4.56e-12,59.3,50.45
RT10727,KAJ8295836.1,34.234,111,61,4,4,105,12,119,6.53e-12,58.9,50.45
RT10727,PRQ73035.1,41.791,67,39,0,1,67,10,76,7.65e-12,56.6,61.19
RT10727,GEM06963.1,34.234,111,61,4,4,105,12,119,1.25e-11,58.2,50.45
RT10727,EGU12686.1,33.333,111,62,4,4,105,12,119,2.70e-11,57.0,50.45
RT10727,XP_016277115.1,53.333,45,21,0,22,66,16,60,3.84e-10,53.9,66.67
RT10727,XP_016275774.1,40.299,67,40,0,1,67,339,405,1.59e-08,51.6,59.70
RT10727,CDR35890.1,40.299,67,40,0,1,67,395,461,1.67e-08,51.2,59.70
RT10727,GEM06775.1,39.344,61,36,1,1,60,19,79,2.77e-07,47.8,65.57
RT10727,PRQ73161.1,37.705,61,37,1,1,60,51,111,1.08e-06,46.2,65.57
RT10727,XP_016276901.1,36.066,61,38,1,1,60,19,79,5.08e-06,44.3,63.93
RT10727,KAJ8296021.1,36.066,61,38,1,1,60,19,79,5.70e-06,43.9,63.93
RT10737,PRQ71197.1,100.000,195,0,0,1,195,1,195,3.26e-139,386,100.00
RT10737,XP_016271223.1,95.897,195,6,1,1,195,1,193,1.58e-131,367,96.92
RT10737,KAJ8292058.1,99.487,195,1,0,1,195,1,195,4.31e-130,389,100.00
RT10737,GEM11551.1,98.901,182,2,0,14,195,15,196,2.03e-128,359,100.00
RT10737,EGU12854.1,22.500,160,100,2,27,162,28,187,6.20e-04,39.7,40.62
RT10737,KAJ8294511.1,22.500,160,100,2,27,162,28,187,6.53e-04,39.7,40.62
RT10737,GEM08463.1,22.500,160,100,2,27,162,28,187,7.37e-04,39.3,40.62
RT10737,XP_016269805.1,22.500,160,100,2,27,162,28,187,7.58e-04,39.3,40.62
RT10950,PRQ70793.1,100.000,160,0,0,1,160,1,160,1.55e-111,313,100.00
RT10950,KAJ8291799.1,95.000,160,8,0,1,160,1,160,2.78e-101,288,98.12
RT10950,EGU10939.1,100.000,135,0,0,26,160,1,135,3.67e-93,266,100.00
RT10950,XP_016274377.1,95.556,135,6,0,26,160,1,135,7.27e-90,258,97.78
RT10950,GEM11025.1,86.667,135,18,0,26,160,1,135,1.24e-79,232,89.63
RT10983,PRQ70826.1,100.000,389,0,0,1,389,1,389,0.0,780,100.00
RT10983,XP_016274403.1,96.154,390,14,1,1,389,1,390,0.0,750,98.46
RT10983,GEM10989.1,96.119,335,13,0,1,335,1,335,0.0,572,98.21
RT11092,EGU13030.1,100.000,184,0,0,1,184,1,184,5.30e-128,357,100.00
RT11092,XP_016270627.1,88.649,185,20,1,1,184,1,185,3.60e-93,269,91.89
RT11092,GEM11368.1,70.918,196,41,3,1,184,1,192,8.37e-88,257,77.04
RT11138,PRQ70389.1,100.000,90,0,0,1,90,1,90,1.30e-62,184,100.00
RT11138,XP_016270670.1,94.382,89,5,0,2,90,63,151,1.72e-57,173,97.75
RT11138,GEM11328.1,84.270,89,14,0,2,90,63,151,3.68e-52,160,94.38
RT11138,KAJ8291552.1,100.000,60,0,0,31,90,44,103,1.94e-38,124,100.00
RT11138,KAJ8291549.1,68.750,96,17,1,8,90,58,153,3.78e-38,124,71.88
RT11141,XP_016270670.1,100.000,151,0,0,1,151,1,151,1.23e-110,310,100.00
RT11141,GEM11328.1,94.040,151,9,0,1,151,1,151,2.46e-105,297,98.01
RT11141,KAJ8291549.1,81.098,164,7,2,1,151,1,153,2.84e-89,256,81.71
RT11141,PRQ70389.1,94.382,89,5,0,63,151,2,90,2.89e-57,173,97.75
RT11141,KAJ8291552.1,100.000,60,0,0,92,151,44,103,1.47e-37,124,100.00
RT11142,PRQ70393.1,100.000,238,0,0,1,238,1,238,2.55e-173,476,100.00
RT11142,XP_016270669.1,98.739,238,3,0,1,238,1,238,1.35e-171,472,99.16
RT11142,GEM11329.1,96.639,238,8,0,1,238,1,238,2.80e-167,461,97.48
RT11142,PRQ70394.1,84.615,65,10,0,173,237,232,296,8.66e-27,105,87.69
RT11142,EGU11710.1,31.132,106,62,3,123,228,659,753,0.003,39.3,50.00
RT11143,PRQ70394.1,100.000,296,0,0,1,296,1,296,0.0,604,100.00
RT11143,EGU13038.1,46.245,253,107,6,8,234,20,269,8.79e-63,200,60.47
RT11143,PRQ70393.1,96.000,50,2,0,232,281,173,222,1.11e-22,94.4,96.00
RT11143,XP_016270669.1,92.000,50,4,0,232,281,173,222,1.22e-21,91.3,94.00
RT11143,GEM11329.1,86.000,50,7,0,232,281,173,222,8.43e-19,83.6,88.00
RT11206,PRQ70457.1,100.000,207,0,0,1,207,1,207,2.10e-152,421,100.00
RT11206,EGU10833.1,95.833,216,0,1,1,207,1,216,1.04e-149,414,95.83
RT11206,CDR49048.1,95.370,216,1,1,1,207,1,216,7.75e-149,412,95.37
RT11206,XP_016270068.1,92.130,216,1,2,1,207,1,209,2.48e-140,390,92.13
RT11206,GEM11278.1,78.544,261,2,2,1,207,1,261,8.94e-139,388,78.93
RT11206,KAJ8291504.1,65.934,273,27,6,1,207,88,360,6.62e-109,316,69.60
RT11274,PRQ70525.1,100.000,152,0,0,1,152,1,152,3.00e-108,305,100.00
RT11274,XP_016269998.1,99.342,152,1,0,1,152,1,152,1.98e-107,302,100.00
RT11274,GEM11221.1,98.026,152,3,0,1,152,1,152,1.86e-106,300,99.34
RT11274,EGU10858.1,78.409,176,0,1,1,138,1,176,7.56e-85,261,78.41
RT11274,KAJ8291461.1,98.319,119,2,0,23,141,2,120,1.30e-78,243,100.00
RT11522,PRQ70290.1,100.000,337,0,0,1,337,1,337,0.0,696,100.00
RT11522,XP_016273602.1,95.846,337,12,1,1,337,1,335,0.0,662,97.63
RT11522,GEM07328.1,88.856,341,34,1,1,337,1,341,0.0,536,91.79
RT11522,KAJ8292722.1,36.923,65,26,3,277,328,651,713,0.023,37.0,53.85
RT11889,XP_016273472.1,100.000,147,0,0,1,147,1,147,3.14e-105,296,100.00
RT11889,GEM07223.1,99.320,147,1,0,1,147,95,241,1.23e-104,298,100.00
RT11915,XP_016275125.1,100.000,145,0,0,1,145,1,145,9.60e-103,290,100.00
RT11915,GEM08126.1,100.000,121,0,0,25,145,80,200,1.71e-83,243,100.00
RT12139,XP_016272033.1,100.000,215,0,0,1,215,2,216,1.14e-161,445,100.00
RT12139,PRQ76721.1,100.000,215,0,0,1,215,1,215,2.07e-161,444,100.00
RT12139,EGU11857.1,76.834,259,6,2,4,208,231,489,1.34e-129,385,76.83
RT12139,KAJ8294973.1,99.237,131,1,0,49,179,121,251,7.22e-87,270,100.00
RT12139,KAJ8294973.1,100.000,47,0,0,1,47,2,48,1.37e-26,107,100.00
RT12139,KAJ8294970.1,96.610,59,2,0,157,215,381,439,5.10e-33,123,98.31
RT12193,PRQ76775.1,100.000,311,0,0,1,311,1,311,0.0,630,100.00
RT12193,XP_016272088.1,97.764,313,5,1,1,311,1,313,0.0,615,98.40
RT12193,EGU11880.1,100.000,297,0,0,1,297,1,297,0.0,600,100.00
RT12193,KAJ8294929.1,98.316,297,3,1,1,295,36,332,0.0,588,98.99
RT12193,GEM07572.1,92.605,311,23,0,1,311,1,311,0.0,529,96.46
RT12193,XP_016272048.1,80.000,25,4,1,288,311,86,110,2.50e-04,40.4,80.00
RT12193,PRQ72494.1,76.000,25,5,1,288,311,86,110,8.40e-04,38.9,80.00
RT12339,KAJ8297092.1,100.000,155,0,0,1,155,1,155,1.39e-113,318,100.00
RT12339,XP_016275680.1,100.000,151,0,0,1,151,1,151,9.78e-111,311,100.00
RT12339,KAJ8297093.1,100.000,144,0,0,12,155,4,147,1.12e-104,295,100.00
RT12418,KAJ8297155.1,100.000,195,0,0,1,195,1,195,3.81e-139,386,100.00
RT12418,GEM06089.1,96.535,202,0,1,1,195,1,202,4.35e-136,379,96.53
RT12418,XP_016275756.1,96.410,195,0,1,1,195,1,188,2.24e-130,363,96.41
RT12438,PRQ77020.1,100.000,201,0,0,1,201,1,201,9.51e-148,408,100.00
RT12438,GEM06071.1,97.015,201,6,0,1,201,1,201,2.57e-143,397,99.00
RT12438,XP_016275779.1,97.015,201,6,0,1,201,1,201,6.90e-143,396,98.51
RT12438,KAJ8297170.1,94.416,197,11,0,1,197,1,197,2.86e-119,367,97.46
RT12438,KAJ8297168.1,94.828,58,3,0,144,201,837,894,8.28e-34,127,98.28
RT12438,XP_016275777.1,94.828,58,3,0,144,201,502,559,1.38e-31,120,98.28
RT12481,PRQ77063.1,100.000,192,0,0,1,192,1,192,1.24e-140,390,100.00
RT12481,XP_016275829.1,99.479,192,1,0,1,192,25,216,1.85e-139,387,99.48
RT12481,GEM06029.1,99.408,169,1,0,24,192,1,169,3.31e-122,342,100.00
RT12610,PRQ77192.1,100.000,227,0,0,1,227,1,227,1.01e-168,463,100.00
RT12610,XP_016275950.1,100.000,211,0,0,1,211,1,211,4.62e-157,436,100.00
RT12610,GEM12194.1,100.000,211,0,0,1,211,1,211,5.64e-157,435,100.00
RT12610,KAJ8297282.1,65.625,32,10,1,1,31,1,32,0.007,37.0,68.75
RT12636,XP_016275974.1,100.000,92,0,0,1,92,1,92,7.75e-61,180,100.00
RT12700,PRQ77282.1,100.000,130,0,0,1,130,1,130,8.65e-93,264,100.00
RT12700,GEM12115.1,99.231,130,1,0,1,130,1,130,1.40e-92,263,100.00
RT12700,KAJ8297358.1,100.000,130,0,0,1,130,44,173,8.00e-92,263,100.00
RT12700,XP_016276042.1,71.823,181,0,1,1,130,76,256,1.58e-82,242,71.82
RT12717,PRQ77299.1,100.000,211,0,0,1,211,1,211,1.99e-152,421,100.00
RT12717,CDR47566.1,99.052,211,2,0,1,211,1,211,2.99e-151,418,99.53
RT12717,XP_016276058.1,95.853,217,3,1,1,211,1,217,9.57e-148,409,96.77
RT12717,GEM12099.1,98.058,206,4,0,6,211,43,248,1.27e-144,403,99.03
RT12717,KAJ8297371.1,95.853,217,3,1,1,211,29,245,1.81e-143,410,96.77
RT12717,GEM06595.1,77.778,63,12,1,135,197,341,401,1.15e-22,94.7,82.54
RT12717,KAJ8295453.1,30.667,75,50,1,58,130,1548,1622,0.030,35.4,46.67
RT13142,KAJ8293364.1,100.000,293,0,0,1,293,455,747,0.0,597,100.00
RT13142,KAJ8293363.1,100.000,293,0,0,1,293,495,787,0.0,597,100.00
RT13142,XP_016275281.1,100.000,293,0,0,1,293,1,293,0.0,597,100.00
RT13142,GEM06169.1,26.364,220,114,8,4,180,98,312,5.95e-08,53.9,41.36
RT13142,PRQ76901.1,25.909,220,115,8,4,180,98,312,1.30e-07,52.8,41.36
RT13142,KAJ8297076.1,25.000,220,117,7,4,180,98,312,1.56e-07,52.8,40.45
RT13142,XP_016275661.1,25.000,220,117,7,4,180,98,312,3.36e-07,51.2,40.45
RT13165,XP_016275305.1,100.000,136,0,0,1,136,1,136,1.69e-96,273,100.00
RT13165,GEM07989.1,99.265,136,1,0,1,136,1,136,2.74e-96,273,100.00
RT13165,KAJ8293379.1,100.000,133,0,0,1,133,23,155,3.08e-85,271,100.00
RT13223,XP_016275363.1,100.000,129,0,0,1,129,1,129,1.62e-93,265,100.00
RT13223,GEM07949.1,98.450,129,2,0,1,129,1,129,4.39e-93,264,100.00
RT13223,KAJ8293422.1,99.153,118,1,0,7,124,69,186,2.35e-78,250,100.00
RT13223,KAJ8293421.1,99.153,118,1,0,7,124,56,173,2.74e-78,250,100.00
RT13223,KAJ8293423.1,99.153,118,1,0,7,124,50,167,3.70e-78,249,100.00
RT13224,EGU12061.1,100.000,209,0,0,1,209,1,209,1.97e-152,421,100.00
RT13224,XP_016275364.1,99.333,150,1,0,60,209,3,152,1.70e-106,303,99.33
RT13224,CDR41766.1,99.301,143,1,0,67,209,1,143,6.97e-102,290,99.30
RT13224,GEM07948.1,91.875,160,6,1,50,209,10,162,9.01e-102,291,92.50
RT13224,KAJ8293418.1,100.000,142,0,0,68,209,772,913,8.78e-94,293,100.00
RT13370,EGU13642.1,100.000,258,0,0,1,258,1,258,0.0,524,100.00
RT13370,XP_016269179.1,100.000,248,0,0,11,258,1,248,0.0,504,100.00
RT13551,PRQ75494.1,100.000,179,0,0,1,179,1,179,3.03e-130,362,100.00
RT13551,XP_016272586.1,54.430,158,38,7,1,141,1,141,5.96e-35,120,56.96
RT13551,CDR48542.1,100.000,50,0,0,1,50,1,50,1.08e-29,103,100.00
RT13551,KAJ8291262.1,48.667,150,32,7,1,141,61,174,2.17e-24,94.0,52.67
RT13551,EGU11732.1,88.636,44,5,0,1,44,1,44,3.15e-21,82.0,88.64
RT13570,PRQ75513.1,100.000,132,0,0,1,132,1,132,9.54e-92,261,100.00
RT13570,GEM11817.1,98.485,132,2,0,1,132,1,132,2.65e-91,260,100.00
RT13570,XP_016272567.1,97.727,132,3,0,1,132,1,132,2.60e-89,255,97.73
RT13570,KAJ8291277.1,97.727,132,3,0,1,132,1293,1424,1.93e-81,260,97.73
RT13570,XP_016271748.1,35.294,136,68,5,2,132,21,141,7.32e-09,51.2,48.53
RT13610,PRQ75553.1,100.000,317,0,0,1,317,1,317,0.0,655,100.00
RT13610,KAJ8291307.1,99.660,294,1,0,24,317,4,297,0.0,610,100.00
RT13610,KAJ8291305.1,99.660,294,1,0,24,317,4,297,0.0,610,100.00
RT13610,GEM11847.1,98.980,294,3,0,24,317,4,297,0.0,608,100.00
RT13610,XP_016272526.1,100.000,294,0,0,24,317,4,297,0.0,606,100.00
RT13756,EGU10824.1,100.000,330,0,0,1,330,1,330,0.0,672,100.00
RT13756,XP_016269214.1,93.636,330,21,0,1,330,1,330,0.0,596,95.15
RT13756,GEM12720.1,90.941,287,24,1,46,330,12,298,0.0,544,95.47
RT13853,PRQ74831.1,100.000,235,0,0,1,235,1,235,1.76e-172,474,100.00
RT13853,XP_016274542.1,99.574,235,1,0,1,235,20,254,1.31e-170,470,99.57
RT13853,GEM12011.1,96.624,237,6,1,1,235,1,237,6.58e-166,457,97.89
RT13853,KAJ8296645.1,99.574,235,1,0,1,235,905,1139,1.04e-161,476,99.57
RT13853,EGU12784.1,83.830,235,0,1,1,235,1,197,3.59e-127,358,83.83
RT13853,KAJ8292139.1,35.135,74,45,1,1,74,20,90,1.86e-06,48.5,54.05
RT13853,KAJ8292138.1,35.135,74,45,1,1,74,1023,1093,7.28e-06,47.0,54.05
RT13853,XP_016270875.1,35.135,74,45,1,1,74,20,90,9.64e-06,44.7,54.05
RT13853,GEM10734.1,35.135,74,45,1,1,74,20,90,1.09e-05,44.7,54.05
RT13898,PRQ74876.1,100.000,173,0,0,1,173,1,173,2.47e-128,357,100.00
RT13898,KAJ8296618.1,88.439,173,0,1,1,173,1,153,5.63e-107,302,88.44
RT13898,GEM11981.1,87.283,173,2,1,1,173,1,153,5.28e-106,300,88.44
RT14042,EGU12854.1,100.000,227,0,0,1,227,1,227,1.69e-172,473,100.00
RT14042,KAJ8294511.1,99.522,209,1,0,1,209,1,209,1.23e-156,432,99.52
RT14042,XP_016269805.1,99.517,207,1,0,1,207,1,207,3.32e-155,429,99.52
RT14042,GEM08463.1,99.034,207,2,0,1,207,1,207,1.32e-154,427,99.03
RT14042,PRQ71197.1,21.250,160,102,1,28,187,27,162,0.001,39.3,40.62
RT14042,XP_016271223.1,22.500,160,100,2,28,187,25,160,0.001,38.9,40.62
RT14042,GEM11551.1,21.250,160,102,2,28,187,28,163,0.002,38.5,40.62
RT14042,KAJ8292058.1,22.500,160,100,2,28,187,27,162,0.007,37.7,40.62
RT14294,KAJ8294694.1,100.000,206,0,0,1,206,1,206,7.09e-153,422,100.00
RT14294,XP_016273382.1,98.507,201,3,0,6,206,34,234,2.21e-145,404,98.51
RT14294,GEM08251.1,100.000,195,0,0,12,206,37,231,1.12e-142,397,100.00
RT14295,XP_016273381.1,100.000,69,0,0,1,69,1,69,1.18e-43,135,100.00
RT14295,KAJ8294693.1,100.000,68,0,0,2,69,68,135,2.71e-42,134,100.00
RT14514,PRQ74161.1,100.000,390,0,0,1,390,1,390,0.0,800,100.00
RT14514,EGU11523.1,100.000,390,0,0,1,390,50,439,0.0,800,100.00
RT14514,XP_016273720.1,99.744,390,1,0,1,390,1,390,0.0,799,100.00
RT14514,GEM10652.1,99.231,390,3,0,1,390,1,390,0.0,796,100.00
RT14514,KAJ8292941.1,97.436,78,2,0,313,390,20,97,3.69e-47,156,97.44
RT14719,PRQ74366.1,100.000,212,0,0,1,212,1,212,2.38e-157,434,100.00
RT14719,XP_016273916.1,99.528,212,1,0,1,212,1,212,8.12e-157,432,100.00
RT14719,GEM10535.1,99.057,212,2,0,1,212,1,212,2.93e-156,431,100.00
RT14720,PRQ74367.1,100.000,56,0,0,1,56,1,56,1.15e-37,119,100.00
RT14720,XP_016273917.1,89.286,56,1,1,1,56,1,51,4.90e-30,99.8,89.29
RT14720,KAJ8293102.1,100.000,35,0,0,22,56,72,106,8.42e-20,75.5,100.00
RT14765,XP_016270115.1,100.000,123,0,0,1,123,56,178,2.23e-87,251,100.00
RT14765,KAJ8293135.1,100.000,123,0,0,1,123,65,187,2.95e-87,251,100.00
RT14765,KAJ8293134.1,100.000,123,0,0,1,123,25,147,2.98e-87,250,100.00
RT14765,PRQ74412.1,100.000,123,0,0,1,123,1,123,3.18e-87,249,100.00
RT14765,GEM10449.1,100.000,95,0,0,29,123,1,95,2.65e-65,192,100.00
RT14870,XP_016275054.1,100.000,86,0,0,1,86,1,86,9.49e-61,179,100.00
RT14870,GEM09893.1,98.837,86,1,0,1,86,1,86,4.05e-60,177,100.00
RT14870,KAJ8294229.1,100.000,70,0,0,1,70,19,88,3.64e-44,150,100.00
RT14937,PRQ74584.1,100.000,87,0,0,1,87,1,87,2.15e-61,181,100.00
RT14937,XP_016271986.1,100.000,82,0,0,6,87,2,83,2.20e-57,171,100.00
RT14964,PRQ74611.1,100.000,129,0,0,1,129,1,129,2.29e-90,257,100.00
RT14964,XP_016271958.1,99.225,129,1,0,1,129,1,129,1.93e-89,255,99.22
RT14964,GEM09948.1,99.225,129,1,0,1,129,1,129,8.13e-81,252,99.22
RT14964,KAJ8294295.1,97.656,128,3,0,2,129,111,238,1.75e-76,246,99.22
RT14964,KAJ8294294.1,97.656,128,3,0,2,129,111,238,2.02e-76,246,99.22
RT15020,XP_016271906.1,100.000,102,0,0,1,102,1,102,2.87e-71,207,100.00
RT15020,GEM09989.1,93.671,79,5,0,24,102,74,152,2.00e-47,149,96.20
RT15054,XP_016271877.1,100.000,138,0,0,1,138,1,138,1.85e-99,281,100.00
RT15054,GEM10014.1,98.551,138,2,0,1,138,1,138,1.68e-98,279,100.00
RT15130,XP_016276143.1,100.000,108,0,0,1,108,1,108,3.57e-68,200,100.00
RT15130,GEM09451.1,98.148,108,2,0,1,108,1,108,3.95e-67,197,100.00
RT15130,XP_016272048.1,46.237,93,43,4,22,108,19,110,4.83e-08,47.4,62.37
RT15130,PRQ72494.1,46.237,93,43,4,22,108,19,110,7.48e-08,47.0,61.29
RT15130,GEM07615.1,45.745,94,42,2,22,108,19,110,0.001,35.8,60.64
RT15460,PRQ73893.1,100.000,594,0,0,1,594,1,594,0.0,1209,100.00
RT15460,GEM11578.1,89.643,589,51,2,1,579,1,589,0.0,1053,95.25
RT15460,XP_016276473.1,91.481,540,35,3,1,529,1,540,0.0,947,94.81
RT15460,XP_016276472.1,98.462,65,1,0,530,594,2,66,7.08e-37,131,98.46
RT15492,XP_016276504.1,100.000,201,0,0,1,201,1,201,4.05e-147,407,100.00
RT15492,GEM11608.1,94.811,212,0,1,1,201,9,220,4.16e-144,400,94.81
RT15492,KAJ8295559.1,94.811,212,0,1,1,201,1,212,1.89e-143,398,94.81
RT15492,PRQ70078.1,28.814,118,70,3,9,114,24,139,1.94e-07,49.3,44.07
RT15492,GEM09083.1,28.571,119,69,4,9,114,24,139,5.07e-07,48.1,45.38
RT15492,XP_016273144.1,28.571,119,69,4,9,114,24,139,7.63e-07,47.8,45.38
RT15492,KAJ8296275.1,29.167,120,67,5,9,114,59,174,2.61e-06,47.8,45.83
RT15541,KAJ8295590.1,100.000,127,0,0,1,127,1,127,1.20e-91,260,100.00
RT15541,XP_016276551.1,99.213,127,1,0,1,127,1,127,1.20e-90,258,99.21
RT16003,XP_016270257.1,100.000,219,0,0,1,219,1,219,3.59e-161,444,100.00
RT16003,KAJ8296407.1,98.630,219,3,0,1,219,1,219,4.07e-158,436,98.63
RT16003,GEM09218.1,98.174,219,1,1,1,219,1,216,6.40e-156,430,98.17
RT16204,PRQ73451.1,100.000,248,0,0,1,248,1,248,1.58e-180,495,100.00
RT16204,XP_016270309.1,97.531,243,6,0,1,243,1,243,1.46e-172,475,98.35
RT16204,KAJ8293693.1,97.531,243,6,0,1,243,36,278,3.33e-160,477,98.35
RT16204,GEM08925.1,81.967,244,22,2,1,243,1,223,1.39e-135,381,84.43
RT16204,KAJ8293686.1,93.782,193,12,0,55,247,66,258,1.85e-128,364,96.37
RT16204,XP_016270295.1,93.264,193,13,0,55,247,66,258,1.08e-127,362,96.37
RT16204,PRQ73465.1,89.730,185,9,1,59,243,2,176,1.06e-114,326,91.89
RT16212,PRQ73459.1,100.000,148,0,0,1,148,1,148,8.12e-107,300,100.00
RT16212,XP_016270302.1,96.622,148,5,0,1,148,1,148,1.59e-101,287,96.62
RT16212,GEM08932.1,95.270,148,7,0,1,148,1,148,5.61e-101,286,97.30
RT16212,KAJ8293687.1,94.595,148,8,0,1,148,1,148,3.96e-99,281,95.95
RT16218,PRQ73465.1,100.000,181,0,0,1,181,1,181,6.09e-131,364,100.00
RT16218,XP_016270309.1,88.889,189,11,1,2,180,59,247,1.48e-115,328,91.01
RT16218,PRQ73451.1,89.730,185,9,1,2,176,59,243,7.74e-115,326,91.89
RT16218,KAJ8293686.1,88.172,186,12,1,2,177,70,255,4.09e-111,317,90.32
RT16218,XP_016270295.1,87.634,186,13,1,2,177,70,255,2.87e-110,315,90.32
RT16218,KAJ8293693.1,88.889,189,11,1,2,180,94,282,3.96e-105,328,91.01
RT16218,GEM08925.1,78.333,180,27,3,2,180,59,227,1.03e-90,264,84.44
RT16248,PRQ73495.1,100.000,190,0,0,1,190,1,190,6.44e-140,387,100.00
RT16248,KAJ8293668.1,99.474,190,1,0,1,190,1,190,1.25e-139,387,100.00
RT16248,CDR39931.1,98.947,190,2,0,1,190,1,190,5.15e-139,386,99.47
RT16248,XP_016269552.1,98.889,180,2,0,1,180,1,180,8.42e-131,365,99.44
RT16248,GEM08964.1,97.778,180,4,0,1,180,1,180,8.58e-130,362,98.89
RT16392,EGU11923.1,100.000,351,0,0,1,351,1,351,0.0,735,100.00
RT16392,PRQ72468.1,100.000,351,0,0,1,351,1,351,0.0,726,100.00
RT16392,XP_016272006.1,93.768,353,18,2,1,351,1,351,0.0,667,96.03
RT16392,KAJ8294871.1,93.678,348,18,2,6,351,3,348,0.0,664,95.98
RT16392,GEM07640.1,88.068,352,40,2,1,351,1,351,0.0,615,92.05
RT16418,PRQ72494.1,100.000,110,0,0,1,110,1,110,2.22e-71,208,100.00
RT16418,XP_016272048.1,98.182,110,2,0,1,110,1,110,4.49e-70,204,100.00
RT16418,GEM07615.1,97.273,110,3,0,1,110,1,110,2.28e-69,203,100.00
RT16418,XP_016276143.1,45.161,93,44,2,19,110,22,108,0.022,32.7,56.99
RT16419,XP_016272133.1,100.000,149,0,0,1,149,1,149,8.36e-108,303,100.00
RT16419,GEM07614.1,97.987,149,3,0,1,149,1,149,2.62e-106,299,99.33
RT16419,GEM11462.1,37.736,53,33,0,80,132,34,86,6.47e-07,45.4,60.38
RT16419,PRQ71090.1,37.736,53,33,0,80,132,34,86,6.61e-07,45.4,60.38
RT16419,XP_016271321.1,35.849,53,34,0,80,132,34,86,2.46e-06,43.9,60.38
RT16419,KAJ8291983.1,35.849,53,34,0,80,132,109,161,3.21e-06,44.7,60.38
RT16579,XP_016271748.1,100.000,141,0,0,1,141,1,141,5.99e-101,285,100.00
RT16579,PRQ75513.1,35.294,136,68,5,21,141,2,132,7.12e-09,51.2,48.53
RT16579,XP_016272567.1,35.294,136,68,5,21,141,2,132,7.12e-09,51.2,48.53
RT16579,GEM11817.1,34.559,136,69,5,21,141,2,132,7.35e-09,51.2,48.53
RT16579,KAJ8291277.1,33.793,145,68,5,16,141,1289,1424,1.60e-07,49.3,46.90
RT16586,XP_016271755.1,100.000,64,0,0,1,64,1,64,9.52e-41,127,100.00
RT16754,PRQ72830.1,100.000,177,0,0,1,177,1,177,5.66e-130,361,100.00
RT16754,XP_016269989.1,99.435,177,1,0,1,177,1,177,3.00e-129,360,99.44
RT16754,GEM06511.1,98.305,177,3,0,1,177,1,177,4.32e-128,357,98.87
RT16764,PRQ72840.1,100.000,155,0,0,1,155,1,155,3.14e-111,312,100.00
RT16764,XP_016270407.1,99.355,155,1,0,1,155,1,155,8.52e-111,311,100.00
RT16764,GEM06519.1,90.323,155,15,0,1,155,1,155,2.21e-102,291,95.48
RT16764,EGU13197.1,100.000,139,0,0,15,153,1,139,2.11e-92,278,100.00
RT16765,EGU13196.1,100.000,295,0,0,1,295,1,295,0.0,596,100.00
RT16765,XP_016270408.1,95.593,295,13,0,1,295,1,295,0.0,570,96.61
RT16765,GEM06520.1,84.053,301,41,1,1,294,1,301,2.89e-163,456,88.70


