CDR35641.1,NP_013429.1,50.649,77,34,2,1,74,1,76,1.30e-16,65.9,63.64
CDR35641.1,4U3M_O8,51.351,74,32,2,4,74,3,75,4.79e-16,64.7,64.86
CDR39507.1,NP_011485.1,63.964,111,34,1,1,111,1,105,2.99e-47,145,81.08
CDR39507.1,4U3M_O0,67.327,101,33,0,11,111,4,104,6.32e-47,144,86.14
CDR39507.1,5I4L_O0,67.000,100,33,0,12,111,1,100,1.48e-46,143,86.00
CDR39507.1,5MEI_AD,68.041,97,31,0,15,111,1,97,1.35e-45,140,86.60
CDR39507.1,6T7T_Lc,69.149,94,29,0,15,108,1,94,2.18e-45,140,88.30
CDR41766.1,NP_013688.1,69.565,138,37,3,1,135,1,136,4.38e-62,185,80.43
CDR41766.1,NP_010735.3,75.000,124,26,3,1,121,1,122,5.58e-62,185,85.48
CDR41766.1,5MEI_S,74.797,123,26,3,2,121,1,121,4.71e-61,182,85.37
CDR41766.1,5MEI_c7,74.797,123,26,3,2,121,1,121,6.72e-61,181,85.37
CDR48542.1,NP_012346.1,64.706,51,18,0,1,51,1,51,5.70e-15,59.7,82.35
CDR48542.1,4U3M_O9,65.306,49,17,0,3,51,2,50,3.85e-14,57.4,83.67
CDR48542.1,5IT7_ll,66.667,48,16,0,3,50,2,49,9.38e-14,56.6,83.33
CDR49048.1,6TB3_BM,54.286,175,78,2,42,216,3,175,1.43e-56,176,69.14
CDR49048.1,NP_013553.1,54.286,175,78,2,42,216,4,176,1.44e-56,176,69.14
CDR49048.1,7NRC_LH,54.286,175,78,2,42,216,3,175,6.70e-56,174,69.71
CDR49048.1,6T7T_LE,53.143,175,80,2,42,216,3,175,6.77e-56,174,69.14
CDR49048.1,4U3M_L6,52.571,175,81,2,42,216,3,175,8.15e-56,174,69.14
CDR49048.1,NP_013638.1,52.571,175,81,2,42,216,4,176,8.79e-56,173,69.14
CDR49048.1,5APO_E,50.286,175,85,2,42,216,4,176,7.46e-54,169,64.57
CDR49048.1,7NRD_LH,52.571,175,73,2,42,216,3,167,8.10e-51,160,66.86
GEM07615.1,NP_010670.3,54.955,111,48,2,1,110,1,110,5.09e-21,79.0,69.37
GEM07615.1,NP_014603.1,49.485,97,45,2,14,110,14,106,1.03e-10,52.8,67.01
GEM07949.1,4U3M_D2,83.594,128,21,0,2,129,2,129,6.45e-78,224,89.84
GEM07949.1,NP_012345.1,83.594,128,21,0,2,129,3,130,7.12e-78,224,89.84
GEM07949.1,NP_013471.1,82.812,128,22,0,2,129,3,130,1.59e-77,223,89.84
GEM07949.1,6Y7C_W,82.812,128,22,0,2,129,3,130,1.12e-76,221,89.06
GEM07949.1,5DAT_d2,82.946,129,21,1,2,129,2,130,5.49e-76,219,89.15
GEM07989.1,NP_010759.1,61.765,136,52,0,1,136,1,136,1.12e-60,181,79.41
GEM07989.1,NP_011874.1,61.765,136,52,0,1,136,1,136,1.90e-60,181,79.41
GEM07989.1,4U3M_N7,61.940,134,51,0,3,136,2,135,1.56e-59,178,79.85
GEM09015.1,6WDR_M,55.833,120,51,1,28,145,4,123,1.80e-35,119,75.83
GEM09015.1,5DAT_C2,54.472,123,54,1,28,148,2,124,1.97e-35,119,74.80
GEM09015.1,6T7T_SM,55.372,121,52,1,30,148,1,121,2.78e-35,119,74.38
GEM09015.1,NP_015014.3,54.472,123,54,1,28,148,21,143,3.15e-35,119,74.80
GEM09015.1,4U4R_C2,54.472,123,54,1,28,148,20,142,3.30e-35,119,74.80
GEM09015.1,4U3M_C2,53.226,124,56,1,27,148,19,142,1.04e-34,118,73.39
GEM09015.1,5FCI_C2,52.101,119,55,1,32,148,24,142,2.23e-28,102,67.23
GEM09015.1,NP_010073.2,31.081,74,50,1,37,110,45,117,0.008,33.9,48.65
GEM09451.1,NP_010202.1,53.704,108,48,1,1,108,1,106,9.87e-21,78.2,68.52
GEM09451.1,NP_010153.1,55.446,101,44,1,8,108,7,106,2.90e-19,74.3,69.31
GEM09451.1,NP_014603.1,50.000,88,42,1,23,108,19,106,1.43e-05,39.3,59.09
GEM10014.1,NP_011862.1,55.906,127,55,1,8,134,13,138,1.62e-42,135,67.72
GEM10014.1,5MEI_CO,55.906,127,55,1,8,134,11,136,2.24e-42,135,67.72
GEM10014.1,NP_012920.1,55.906,127,55,1,8,134,13,138,2.25e-42,135,67.72
GEM10014.1,4U3M_M4,55.906,127,55,1,8,134,12,137,2.36e-42,135,67.72
GEM10223.1,NP_010706.3,73.939,165,41,1,1,165,1,163,5.64e-87,250,86.67
GEM10223.1,6GQ1_P2,72.632,95,24,1,54,148,1,93,2.27e-43,137,84.21
GEM10223.1,6N8J_K,77.419,62,14,0,49,110,49,110,7.99e-29,102,91.94
GEM11221.1,NP_010200.1,61.688,154,46,2,1,152,1,143,8.39e-61,182,74.03
GEM11221.1,4U3M_C6,61.438,153,46,2,2,152,1,142,1.10e-59,179,73.86
GEM11221.1,5NDW_C6,61.184,152,46,2,3,152,1,141,3.87e-59,178,73.68
GEM11221.1,6WDR_Q,57.971,138,45,2,3,138,1,127,1.43e-48,151,71.01
GEM11221.1,NP_009704.1,31.868,91,52,2,11,101,158,238,2.47e-04,38.1,49.45
GEM11328.1,NP_010349.3,70.667,150,44,0,1,150,1,150,2.58e-79,229,85.33
GEM11328.1,4U3M_C3,70.470,149,44,0,2,150,1,149,2.97e-78,227,85.23
GEM11329.1,NP_009740.3,62.712,236,85,1,1,236,1,233,5.23e-102,294,77.97
GEM11329.1,6WDR_G,62.979,235,84,1,1,235,1,232,1.30e-101,293,77.87
GEM11329.1,6GQ1_w,65.625,224,74,1,1,224,1,221,9.65e-101,290,79.02
GEM11329.1,5I4L_S6,65.625,224,74,1,1,224,1,221,1.02e-100,290,79.02
GEM11329.1,6T7T_SG,63.913,230,80,1,1,230,1,227,1.28e-100,290,77.83
GEM11329.1,5NDV_s6,65.611,221,73,1,1,221,1,218,2.94e-99,286,78.73
GEM11847.1,NP_015194.1,62.766,282,104,1,1,281,1,282,2.94e-114,357,76.95
GEM11847.1,4U3M_L5,62.857,280,103,1,3,281,2,281,2.95e-113,354,77.14
GEM11847.1,6T7T_LD,62.950,278,102,1,5,281,2,279,1.22e-112,353,77.34
GEM11847.1,NP_014293.1,31.593,383,219,10,468,843,570,916,1.04e-49,191,50.13
GEM11847.1,NP_012264.3,31.148,366,211,7,471,826,509,843,1.78e-49,189,50.82
GEM11847.1,NP_014752.3,30.137,365,217,9,468,825,545,878,1.04e-47,184,49.32
GEM11847.1,NP_014576.1,31.928,166,98,8,681,834,193,355,4.00e-10,61.6,50.60
GEM11981.1,4U51_C1,68.790,157,40,3,1,153,4,155,9.12e-77,223,83.44
GEM11981.1,NP_009604.1,68.790,157,40,3,1,153,5,156,9.74e-77,223,83.44
GEM11981.1,6GQ1_AB,68.831,154,42,2,1,153,4,152,1.34e-76,223,83.12
GEM11981.1,7D63_SM,68.831,154,42,2,1,153,5,153,1.43e-76,223,83.12
GEM11981.1,6T7T_SL,71.724,145,35,2,1,144,4,143,8.69e-76,220,86.21
GEM11981.1,5NDV_C1,71.724,145,35,2,1,144,4,143,1.03e-75,220,86.21
GEM11981.1,6TB3_X,71.724,145,35,2,1,144,2,141,1.17e-75,220,86.21
GEM11981.1,5FCI_C1,71.724,145,35,2,1,144,4,143,1.38e-75,220,86.21
GEM11981.1,6WDR_L,73.239,142,32,2,4,144,3,139,1.42e-75,220,87.32
GEM11981.1,5FCJ_C1,71.528,144,35,2,1,143,4,142,9.40e-75,218,86.11
GEM11981.1,4U3M_C1,72.662,139,32,2,1,138,4,137,9.06e-73,213,85.61
GEM12099.1,5I4L_M3,48.293,205,94,3,39,243,1,193,1.95e-50,162,65.85
GEM12099.1,5MEI_CN,48.293,205,94,3,39,243,1,193,2.20e-50,161,65.37
GEM12099.1,NP_010201.1,48.187,193,88,3,39,231,2,182,2.49e-47,154,65.80
GEM12099.1,4U3M_M3,48.187,193,88,3,39,231,1,181,2.84e-47,154,65.80
GEM12099.1,NP_013862.1,47.668,193,89,2,39,231,2,182,4.22e-46,150,64.77
KAJ8292138.1,NP_011664.3,55.782,147,63,2,1004,1149,1,146,2.43e-39,142,71.43
KAJ8292138.1,6T7T_LW,66.667,105,35,0,1004,1108,1,105,2.48e-38,138,80.00
KAJ8292138.1,6TB3_AE,65.714,105,36,0,1004,1108,1,105,1.49e-37,135,79.05
KAJ8292138.1,5I4L_n4,65.714,105,36,0,1004,1108,1,105,3.34e-37,135,79.05
KAJ8292138.1,NP_011484.1,55.782,147,63,2,1004,1149,1,146,4.57e-37,135,70.07
KAJ8292138.1,5I4L_N4,66.327,98,33,0,1004,1101,1,98,4.49e-35,127,79.59
KAJ8292138.1,7NRC_LY,70.769,65,19,0,1004,1068,1,65,2.94e-25,98.6,86.15
KAJ8292138.1,6GQB_W,70.312,64,19,0,1004,1067,1,64,1.37e-24,96.7,85.94
KAJ8292138.1,6GQ1_W,69.841,63,19,0,1004,1066,1,63,5.79e-24,95.1,85.71
KAJ8292138.1,7NRD_LY,70.492,61,18,0,1004,1064,1,61,1.37e-22,90.9,85.25
KAJ8292138.1,NP_013109.1,26.531,147,101,2,1004,1147,1,143,5.18e-11,62.4,46.26
KAJ8292138.1,NP_012609.3,27.830,212,114,8,216,418,181,362,2.64e-08,56.2,41.04
KAJ8292138.1,NP_011477.1,21.860,215,131,8,219,398,158,370,5.83e-04,42.7,40.47
KAJ8292661.1,NP_009934.1,45.597,318,159,6,1528,1838,285,595,4.57e-82,282,61.95
KAJ8292661.1,NP_010127.1,28.401,669,438,14,243,889,235,884,2.19e-76,273,50.22
KAJ8292661.1,NP_010259.1,37.667,300,171,8,1558,1847,297,590,1.09e-59,216,58.00
KAJ8292661.1,NP_014216.1,36.455,299,147,5,1578,1837,452,746,5.83e-55,206,55.52
KAJ8292661.1,NP_014910.1,46.522,230,115,6,1558,1784,210,434,8.32e-55,205,65.65
KAJ8292661.1,NP_014910.1,37.097,62,36,1,1775,1836,667,725,0.002,42.0,53.23
KAJ8292661.1,NP_010067.1,31.270,307,179,5,1558,1837,356,657,3.91e-51,192,56.03
KAJ8292661.1,NP_009705.1,35.593,295,148,8,2339,2610,13,288,1.25e-45,166,52.88
KAJ8292661.1,NP_012753.2,33.224,304,166,9,1569,1838,417,717,3.61e-44,172,50.66
KAJ8292661.1,NP_012370.1,28.894,398,204,13,1513,1838,452,842,9.69e-43,169,45.98
KAJ8292661.1,NP_014514.1,59.836,122,49,0,917,1038,17,138,1.95e-41,148,75.41
KAJ8292661.1,4U3M_N5,59.836,122,49,0,917,1038,16,137,2.58e-41,147,75.41
KAJ8292661.1,NP_014549.1,35.401,274,142,10,2366,2612,40,305,1.04e-40,152,56.57
KAJ8292661.1,5NDV_N5,61.404,114,44,0,925,1038,3,116,1.20e-40,145,77.19
KAJ8292661.1,5I4L_N5,61.404,114,44,0,925,1038,4,117,1.24e-40,145,77.19
KAJ8292661.1,NP_014551.1,22.747,677,440,24,200,842,245,872,3.14e-33,139,44.31
KAJ8292661.1,NP_010016.2,26.807,332,201,8,558,886,725,1017,7.88e-29,125,47.59
KAJ8292661.1,NP_010016.2,26.786,112,71,2,255,365,418,519,6.24e-05,46.6,49.11
KAJ8292661.1,NP_014876.1,30.420,286,180,10,1570,1847,52,326,2.05e-28,123,48.25
KAJ8292661.1,5XZV_A,29.508,305,183,9,1545,1834,180,467,3.85e-28,119,46.23
KAJ8292661.1,NP_009833.1,32.472,271,164,13,1570,1832,21,280,4.63e-28,119,53.14
KAJ8292661.1,NP_015184.1,35.622,233,140,7,1603,1833,89,313,6.28e-28,121,49.36
KAJ8292661.1,NP_015172.1,29.605,304,182,9,1545,1833,180,466,4.71e-27,118,46.38
KAJ8292661.1,NP_012723.3,29.073,313,177,10,1566,1837,199,507,6.90e-27,117,45.37
KAJ8292661.1,NP_012821.2,34.419,215,125,7,1616,1828,164,364,7.32e-27,119,52.56
KAJ8292661.1,NP_010795.3,32.710,214,133,5,1616,1828,81,284,9.66e-27,118,51.87
KAJ8292661.1,NP_010382.3,22.349,613,384,18,255,842,614,1159,1.47e-26,117,40.62
KAJ8292661.1,NP_015175.1,32.821,195,117,5,1628,1821,94,275,5.51e-26,115,52.31
KAJ8292661.1,NP_010765.3,29.057,265,168,8,1570,1833,61,306,7.47e-26,114,50.94
KAJ8292661.1,NP_116652.1,24.064,561,349,19,252,787,262,770,2.31e-24,110,42.96
KAJ8292661.1,NP_012593.3,27.003,337,199,12,1566,1858,257,590,3.87e-24,109,45.10
KAJ8292661.1,NP_010778.3,30.576,278,168,9,1570,1836,131,394,3.54e-23,106,45.32
KAJ8292661.1,NP_014541.1,29.137,278,172,10,1569,1836,184,446,4.47e-23,106,46.76
KAJ8292661.1,NP_013197.1,26.568,271,181,8,1564,1833,124,377,5.39e-23,106,45.39
KAJ8292661.1,NP_013466.1,30.000,230,150,5,1607,1835,495,714,2.11e-22,103,48.26
KAJ8292661.1,NP_012371.2,25.664,339,210,14,1517,1836,29,344,3.06e-22,100,46.31
KAJ8292661.1,NP_009907.2,28.837,215,142,5,1616,1829,77,281,3.14e-22,103,49.30
KAJ8292661.1,NP_011950.1,33.929,168,88,6,1625,1781,144,299,5.60e-22,102,52.38
KAJ8292661.1,NP_013714.1,29.778,225,145,6,1611,1833,124,337,6.06e-22,102,49.33
KAJ8292661.1,NP_012755.1,30.952,210,128,7,1559,1764,80,276,1.70e-21,97.8,51.43
KAJ8292661.1,NP_009385.2,29.954,217,123,6,1570,1771,1102,1304,5.22e-21,99.8,49.77
KAJ8292661.1,NP_011856.1,30.841,214,131,8,1559,1771,617,814,5.58e-21,99.4,52.80
KAJ8292661.1,NP_014597.1,30.131,229,128,7,1615,1833,893,1099,7.20e-21,99.0,47.16
KAJ8292661.1,NP_015115.1,26.400,250,162,8,1586,1832,124,354,7.78e-21,95.5,50.00
KAJ8292661.1,NP_012440.1,29.630,216,142,5,1560,1771,1171,1380,2.39e-20,97.4,50.46
KAJ8292661.1,NP_116669.1,28.125,320,202,11,1528,1837,2,303,3.62e-20,94.4,44.38
KAJ8292661.1,NP_010182.1,26.524,328,191,11,1545,1837,172,484,6.73e-20,94.4,43.29
KAJ8292661.1,NP_011606.3,27.356,329,175,12,1570,1848,183,497,7.66e-20,94.7,41.95
KAJ8292661.1,NP_010407.1,24.665,373,227,12,1468,1834,75,399,8.26e-20,95.5,40.75
KAJ8292661.1,NP_010015.3,25.448,279,179,9,1569,1830,329,595,9.54e-20,94.7,47.67
KAJ8292661.1,NP_015121.1,29.353,201,123,7,1573,1771,82,265,1.19e-19,92.0,52.74
KAJ8292661.1,NP_011336.3,31.718,227,124,10,1570,1771,56,276,1.34e-19,93.6,48.02
KAJ8292661.1,NP_009411.2,26.374,273,175,8,1567,1837,28,276,5.79e-19,92.8,45.79
KAJ8292661.1,NP_009998.2,28.625,269,165,9,1590,1840,1058,1317,6.72e-19,92.8,43.87
KAJ8292661.1,NP_011335.1,26.518,313,158,12,1570,1830,30,322,2.10e-18,90.9,43.13
KAJ8292661.1,NP_015185.1,30.500,200,115,7,1569,1759,219,403,4.35e-18,88.6,49.00
KAJ8292661.1,NP_014445.1,25.088,283,180,9,1569,1831,501,771,5.59e-18,89.4,45.94
KAJ8292661.1,NP_014238.3,34.228,149,92,4,1569,1716,357,500,1.04e-17,88.2,55.70
KAJ8292661.1,NP_014428.1,26.552,290,170,11,1585,1840,1285,1565,1.26e-17,88.6,42.07
KAJ8292661.1,NP_014626.1,26.936,297,197,11,1570,1859,53,336,1.30e-17,86.7,44.44
KAJ8292661.1,NP_012796.1,28.253,269,146,10,1569,1822,352,588,1.79e-17,87.4,44.24
KAJ8292661.1,NP_009445.2,26.165,279,174,11,1569,1836,829,1086,1.81e-17,87.8,46.59
KAJ8292661.1,NP_014874.1,26.087,276,180,9,1569,1833,226,488,2.02e-17,86.7,44.20
KAJ8292661.1,NP_012806.1,25.692,253,132,7,1570,1771,198,445,2.57e-17,86.3,39.92
KAJ8292661.1,NP_011970.1,23.929,280,183,7,1569,1841,28,284,3.80e-17,87.0,44.29
KAJ8292661.1,NP_011055.3,27.984,243,132,8,1570,1771,139,379,4.40e-17,86.7,42.80
KAJ8292661.1,NP_010639.1,26.537,309,200,8,2336,2631,8,302,6.00e-17,82.8,43.69
KAJ8292661.1,NP_116620.1,37.931,145,85,3,1570,1713,800,940,8.49e-17,85.9,50.34
KAJ8292661.1,NP_009584.1,28.085,235,132,8,1569,1771,133,362,1.01e-16,84.3,49.79
KAJ8292661.1,NP_014528.1,26.778,239,148,10,1613,1838,419,643,1.14e-16,84.7,48.95
KAJ8292661.1,NP_010569.3,26.587,252,147,9,1646,1866,788,1032,1.26e-16,85.5,45.24
KAJ8292661.1,NP_013822.1,28.641,206,118,7,1569,1764,349,535,1.53e-16,84.3,48.06
KAJ8292661.1,4LQS_A,33.557,149,93,4,1569,1716,109,252,1.61e-16,83.6,55.03
KAJ8292661.1,4LQP_A,33.557,149,93,4,1569,1716,109,252,1.66e-16,83.6,55.03
KAJ8292661.1,NP_010754.1,23.741,278,174,8,1586,1837,32,297,1.74e-16,84.7,44.24
KAJ8292661.1,NP_015436.1,25.595,336,170,12,1570,1854,175,481,3.53e-16,82.8,41.07
KAJ8292661.1,NP_014101.1,26.087,299,173,11,1565,1833,545,825,7.17e-16,82.4,43.81
KAJ8292661.1,NP_012075.1,23.792,269,161,8,1569,1822,417,656,7.36e-16,82.4,43.87
KAJ8292661.1,NP_011566.1,26.087,230,111,9,1584,1776,20,227,5.42e-15,77.8,45.22
KAJ8292661.1,NP_010533.1,24.803,254,149,9,1602,1830,93,329,8.57e-15,77.8,45.28
KAJ8292661.1,NP_012876.1,27.570,214,118,11,1641,1828,201,403,6.35e-14,75.9,49.53
KAJ8292661.1,NP_013349.1,23.324,373,219,13,1627,1954,249,599,6.36e-14,75.9,39.68
KAJ8292661.1,NP_010811.1,27.477,222,141,8,1546,1762,2,208,9.31e-13,71.6,46.40
KAJ8292661.1,NP_010175.1,30.412,194,122,7,1570,1761,13,195,1.50e-12,69.3,46.91
KAJ8292661.1,6XI8_A,29.897,194,123,7,1570,1761,11,193,2.92e-12,68.6,46.91
KAJ8292661.1,7KUE_A,29.897,194,123,7,1570,1761,13,195,3.08e-12,68.6,46.91
KAJ8292661.1,NP_011357.1,22.174,230,143,6,1635,1839,202,420,3.42e-12,69.7,43.04
KAJ8292661.1,NP_009718.3,27.545,167,113,3,1599,1761,40,202,4.18e-12,67.8,46.11
KAJ8292661.1,NP_013214.1,29.534,193,121,7,1570,1761,29,207,4.45e-12,69.3,46.63
KAJ8292661.1,NP_011895.1,26.244,221,123,8,1644,1834,109,319,9.74e-12,68.2,43.44
KAJ8292661.1,NP_015379.1,26.429,280,154,11,1625,1858,97,370,1.81e-11,67.0,38.93
KAJ8292661.1,NP_012783.1,31.507,146,92,4,1570,1713,189,328,2.93e-11,67.0,53.42
KAJ8292661.1,NP_012229.1,24.221,289,172,12,1585,1836,88,366,3.83e-11,65.9,40.83
KAJ8292661.1,4FI1_A,24.221,289,172,12,1585,1836,90,368,3.88e-11,65.9,40.83
KAJ8292661.1,NP_015487.1,26.190,168,101,4,1616,1761,107,273,1.18e-10,65.1,44.64
KAJ8292661.1,NP_012761.1,27.488,211,115,6,1644,1825,109,310,1.41e-10,64.3,43.13
KAJ8292661.1,4KRC_A,28.571,154,95,7,1570,1716,13,158,2.54e-10,62.8,50.00
KAJ8292661.1,NP_015294.1,32.407,108,64,5,1616,1716,53,158,3.09e-10,62.4,54.63
KAJ8292661.1,NP_015283.1,27.273,187,110,6,1591,1761,179,355,5.42e-10,62.8,45.99
KAJ8292661.1,NP_014019.1,25.180,278,140,13,1551,1771,26,292,1.91e-09,61.2,42.09
KAJ8292661.1,NP_009537.1,25.490,204,135,6,1567,1760,16,212,2.45e-09,60.1,44.12
KAJ8292661.1,NP_014704.1,28.249,177,108,9,1610,1779,86,250,2.95e-09,59.7,49.72
KAJ8293668.1,NP_011368.3,53.646,192,79,3,1,190,1,184,9.33e-67,201,71.88
KAJ8293668.1,NP_014332.1,52.604,192,81,3,1,190,1,184,1.84e-65,198,71.35
KAJ8293992.1,NP_009960.2,84.874,119,18,0,21,139,8,126,2.25e-72,211,93.28
KAJ8293992.1,4U3M_C4,84.874,119,18,0,21,139,7,125,2.46e-72,211,93.28
KAJ8293992.1,NP_012344.1,84.874,119,18,0,21,139,9,127,2.66e-72,211,93.28
KAJ8293992.1,5I4L_C4,88.596,114,13,0,26,139,4,117,7.54e-72,210,95.61
KAJ8293992.1,6GQ1_AE,88.596,114,13,0,26,139,3,116,7.71e-72,210,95.61
KAJ8294694.1,5I4L_S5,72.500,200,54,1,7,206,8,206,3.53e-107,305,84.00
KAJ8294694.1,4U3M_S5,72.500,200,54,1,7,206,26,224,4.19e-107,305,84.00
KAJ8294694.1,NP_012657.1,72.500,200,54,1,7,206,27,225,4.68e-107,305,84.00
KAJ8297092.1,NP_010738.1,75.862,145,34,1,1,145,1,144,1.21e-76,223,84.14
KAJ8297092.1,4U3M_C8,75.694,144,34,1,2,145,1,143,9.01e-76,221,84.03
KAJ8297092.1,6WDR_S,74.265,136,34,1,2,137,1,135,2.25e-69,204,83.09
KAJ8297092.1,6ZQB_DS,73.984,123,31,1,1,123,1,122,1.85e-60,182,82.11
KAJ8297155.1,NP_009526.1,62.434,189,71,0,1,189,1,189,5.49e-64,194,81.48
KAJ8297155.1,4U3M_M9,62.234,188,71,0,2,189,1,188,6.13e-63,191,81.38
KAJ8297358.1,NP_009460.1,54.815,135,51,1,37,171,5,129,3.90e-45,143,66.67
KAJ8297358.1,4U3M_O2,54.815,135,51,1,37,171,4,128,4.50e-45,143,66.67
KAJ8297358.1,5I4L_O2,55.303,132,49,1,37,168,4,125,1.09e-44,142,67.42
PRQ71197.1,5I4L_S9,77.049,183,40,1,4,184,3,185,5.93e-100,285,86.89
PRQ71197.1,NP_015244.1,76.216,185,42,1,1,183,1,185,1.95e-99,284,85.95
PRQ71197.1,6T7T_SJ,76.923,182,40,1,4,183,3,184,3.06e-99,283,86.81
PRQ71197.1,4U3M_S9,76.923,182,40,1,4,183,3,184,4.62e-99,283,86.81
PRQ71197.1,NP_009748.3,77.401,177,40,0,1,177,1,177,1.31e-98,282,87.57
PRQ71467.1,NP_013546.1,64.202,257,90,2,1,257,1,255,6.11e-122,346,82.10
PRQ71467.1,4U3M_S1,64.062,256,90,2,2,257,1,254,4.33e-121,343,82.03
PRQ71467.1,6T7T_SB,66.234,231,78,0,2,232,1,231,1.47e-117,334,84.42
PRQ71467.1,NP_013648.1,63.813,257,91,2,1,257,1,255,5.49e-115,328,82.88
PRQ71467.1,6GQ1_r,63.850,213,77,0,20,232,1,213,4.69e-106,304,83.57
PRQ71467.1,5I4L_S1,63.850,213,77,0,20,232,1,213,4.71e-106,304,83.57
PRQ71661.1,NP_013055.1,63.347,251,90,1,1,249,1,251,4.77e-114,326,76.89
PRQ71661.1,NP_011830.1,63.347,251,90,1,1,249,1,251,7.23e-114,326,77.29
PRQ71661.1,4U3N_L8,63.200,250,90,1,2,249,1,250,5.89e-113,323,77.20
PRQ71661.1,4U3M_L8,62.800,250,91,1,2,249,1,250,1.06e-108,313,76.80
PRQ71661.1,5I4L_l8,64.474,228,81,0,22,249,1,228,8.73e-108,309,78.07
PRQ71661.1,5I4L_L8,64.474,228,81,0,22,249,1,228,1.05e-107,309,78.07
PRQ71661.1,NP_010073.2,33.333,69,46,0,130,198,56,124,5.28e-09,52.4,55.07
PRQ71661.1,4NUT_A,35.000,60,39,0,130,189,36,95,2.35e-07,47.0,55.00
PRQ71661.1,NP_010888.1,35.000,60,39,0,130,189,33,92,2.50e-07,47.0,55.00
PRQ71794.1,5OBM_SR,50.476,315,150,2,2,312,3,315,5.95e-112,325,68.25
PRQ71794.1,NP_013834.1,50.476,315,150,2,2,312,4,316,6.86e-112,325,68.25
PRQ71794.1,4U3M_SR,50.476,315,150,2,2,312,3,315,7.16e-112,325,68.25
PRQ71794.1,6WDR_g,50.476,315,150,2,2,312,2,314,7.31e-112,325,68.25
PRQ71794.1,3RFG_A,50.476,315,150,2,2,312,4,316,8.63e-112,325,68.25
PRQ71794.1,6T7T_Sg,50.637,314,149,2,3,312,1,312,1.06e-111,324,68.15
PRQ71794.1,3RFH_A,50.476,315,150,2,2,312,4,316,1.26e-111,324,68.25
PRQ71794.1,7NRD_SO,50.641,312,148,2,5,312,1,310,2.10e-111,323,68.27
PRQ71794.1,NP_009757.1,29.545,220,149,4,57,273,519,735,2.61e-23,98.6,46.82
PRQ71794.1,NP_009757.1,31.336,217,137,5,10,221,559,768,8.96e-19,85.1,47.47
PRQ71794.1,6EXN_J,26.380,326,182,9,13,295,137,447,1.10e-18,84.3,42.02
PRQ71794.1,NP_015174.1,26.380,326,182,9,13,295,137,447,1.12e-18,84.3,42.02
PRQ71794.1,NP_013323.1,25.346,217,150,4,12,219,431,644,1.25e-17,81.6,44.70
PRQ71794.1,NP_013323.1,25.463,216,140,8,19,222,20,226,0.002,38.1,42.59
PRQ71794.1,NP_012218.1,31.034,203,124,6,15,214,299,488,1.60e-17,81.3,48.28
PRQ71794.1,NP_012218.1,25.439,228,141,8,13,230,380,588,2.84e-09,56.2,42.11
PRQ71794.1,NP_010136.1,29.070,258,157,10,11,264,91,326,5.26e-17,80.1,44.96
PRQ71794.1,NP_010136.1,26.042,96,67,2,6,101,200,291,0.009,36.2,44.79
PRQ71794.1,3V7D_B,24.444,270,171,7,15,260,118,378,3.48e-16,77.0,44.07
PRQ71794.1,7UG6_x,28.125,256,135,6,4,219,266,512,2.22e-14,71.6,42.97
PRQ71794.1,7UG6_x,23.276,348,202,13,11,309,181,512,1.61e-11,62.8,40.52
PRQ71794.1,7UG6_x,29.268,82,57,1,146,227,140,220,9.07e-06,45.1,47.56
PRQ71794.1,NP_009997.2,37.241,145,87,3,76,219,372,513,2.39e-14,71.6,51.72
PRQ71794.1,NP_009997.2,23.276,348,202,13,11,309,182,513,1.70e-11,62.8,40.52
PRQ71794.1,NP_009997.2,29.268,82,57,1,146,227,141,221,9.32e-06,45.1,47.56
PRQ71794.1,NP_010007.1,27.485,171,110,5,65,226,445,610,3.38e-14,71.2,46.20
PRQ71794.1,NP_010007.1,25.269,186,112,4,18,181,529,709,1.85e-10,60.1,44.62
PRQ71794.1,NP_010007.1,30.508,118,70,5,194,308,445,553,1.18e-04,42.0,50.00
PRQ71794.1,4WJV_A,28.906,256,133,7,4,219,133,379,3.43e-14,70.5,43.36
PRQ71794.1,4WJV_A,23.988,346,197,14,15,309,49,379,1.13e-11,63.2,40.46
PRQ71794.1,4WJV_A,25.424,177,110,6,146,311,7,172,4.77e-06,45.8,41.81
PRQ71794.1,NP_009984.1,26.792,265,171,10,1,259,333,580,6.93e-14,70.5,43.77
PRQ71794.1,6LQS_B1,26.792,265,171,10,1,259,333,580,9.48e-14,70.1,43.77
PRQ71794.1,NP_116585.1,27.559,254,149,11,15,263,378,601,4.72e-13,67.8,45.67
PRQ71794.1,NP_014855.3,25.431,232,157,7,44,263,74,301,9.09e-13,66.6,45.69
PRQ71794.1,NP_015504.1,26.396,197,137,5,66,256,178,372,4.18e-12,64.7,47.21
PRQ71794.1,NP_015504.1,21.596,213,116,5,9,177,259,464,1.79e-07,50.4,37.56
PRQ71794.1,NP_012962.3,25.309,324,173,15,36,311,293,595,6.02e-12,64.3,42.59
PRQ71794.1,NP_014392.3,24.779,226,154,7,55,269,67,287,7.01e-12,63.2,45.58
PRQ71794.1,NP_014392.3,20.207,193,103,5,161,309,1,186,0.005,36.2,35.75
PRQ71794.1,NP_012423.1,24.506,253,134,11,58,263,393,635,7.35e-10,58.2,42.29
PRQ71794.1,NP_012423.1,23.377,154,109,4,8,161,556,700,1.27e-07,51.2,48.70
PRQ71794.1,NP_011378.1,26.733,202,132,4,13,214,138,323,8.28e-10,58.2,42.08
PRQ71794.1,NP_010652.3,25.595,168,117,4,13,178,160,321,4.01e-09,55.5,45.83
PRQ71794.1,6J6G_n,25.595,168,117,4,13,178,160,321,4.38e-09,55.5,45.83
PRQ71794.1,NP_011033.3,31.667,120,76,5,66,181,39,156,4.55e-09,55.1,48.33
PRQ71794.1,NP_009734.1,23.948,309,170,10,12,306,8,265,5.39e-09,54.7,39.16
PRQ71794.1,6BX3_A,23.948,309,170,10,12,306,7,264,5.88e-09,54.7,39.16
PRQ71794.1,NP_013230.1,25.698,179,114,4,58,220,468,643,1.66e-08,53.9,43.02
PRQ71794.1,NP_013230.1,25.833,120,86,2,59,178,569,685,1.20e-07,51.2,47.50
PRQ71794.1,NP_013230.1,23.741,139,100,3,84,222,100,232,8.14e-07,48.9,43.88
PRQ71794.1,6JP6_A,33.721,86,56,1,59,144,175,259,4.42e-08,52.8,60.47
PRQ71794.1,6JP6_A,41.818,55,30,2,174,227,161,214,0.009,35.8,52.73
PRQ71794.1,NP_015142.1,33.721,86,56,1,59,144,175,259,4.57e-08,52.8,60.47
PRQ71794.1,NP_015142.1,41.818,55,30,2,174,227,161,214,0.010,35.8,52.73
PRQ71794.1,NP_009545.2,21.166,326,207,9,14,309,78,383,6.25e-08,52.0,39.88
PRQ71794.1,NP_014912.1,25.641,234,122,11,10,203,248,469,2.53e-07,50.1,41.88
PRQ71794.1,NP_009661.1,33.333,78,51,1,55,132,351,427,2.09e-06,47.4,57.69
PRQ71794.1,6GSM_s,24.157,178,120,6,146,311,8,182,1.84e-05,43.9,41.57
PRQ71794.1,6GSM_s,24.706,85,58,2,11,95,6,84,0.023,34.3,50.59
PRQ71794.1,6GSM_s,51.724,29,14,0,190,218,291,319,0.029,33.9,68.97
PRQ71794.1,NP_013866.1,24.157,178,120,6,146,311,8,182,2.10e-05,43.9,41.57
PRQ71794.1,NP_013866.1,24.706,85,58,2,11,95,6,84,0.023,34.3,50.59
PRQ71794.1,NP_013866.1,51.724,29,14,0,190,218,291,319,0.029,33.9,68.97
PRQ71794.1,NP_013605.1,21.370,365,194,13,3,303,59,394,4.92e-05,42.7,36.71
PRQ71794.1,NP_013605.1,25.532,188,94,7,148,313,13,176,1.13e-04,41.6,40.43
PRQ71794.1,NP_014082.1,20.909,220,146,8,12,219,174,377,2.61e-04,40.4,42.73
PRQ71794.1,6EOJ_D,20.909,220,146,8,12,219,174,377,2.62e-04,40.4,42.73
PRQ71794.1,NP_012907.3,24.427,262,166,14,64,308,28,274,2.94e-04,40.0,45.42
PRQ71794.1,NP_013811.1,22.305,269,176,11,9,260,33,285,6.72e-04,39.3,40.89
PRQ71794.1,NP_011399.1,25.000,180,106,6,55,220,249,413,0.001,38.5,41.11
PRQ71794.1,NP_013156.1,28.571,84,60,0,30,113,274,357,0.004,37.0,45.24
PRQ71794.1,NP_010553.3,21.942,278,147,12,13,224,56,329,0.006,36.2,36.69
PRQ71794.1,NP_013090.1,31.034,87,57,2,101,187,301,384,0.017,35.0,50.57
PRQ71794.1,NP_013090.1,27.174,92,51,2,13,93,65,151,0.033,33.9,44.57
PRQ71794.1,6LQT_3F,27.723,101,66,2,156,253,204,300,0.029,34.3,40.59
PRQ71794.1,NP_015463.1,27.723,101,66,2,156,253,204,300,0.030,34.3,40.59
PRQ71794.1,7APX_E,28.916,83,55,3,229,309,156,236,0.040,33.5,50.60
PRQ71794.1,4J0X_A,27.723,101,66,2,156,253,82,178,0.044,33.5,40.59
PRQ71794.1,NP_014146.1,28.916,83,55,3,229,309,156,236,0.047,33.5,50.60
PRQ71900.1,NP_009587.1,63.686,369,122,4,3,370,2,359,2.44e-145,414,78.05
PRQ71900.1,4U3M_L4,63.686,369,122,4,3,370,1,358,2.57e-145,414,78.05
PRQ71900.1,NP_010295.3,63.686,369,122,4,3,370,2,359,3.82e-145,414,78.05
PRQ72312.1,NP_014098.1,61.905,189,67,3,1,187,1,186,5.59e-72,214,77.78
PRQ72312.1,4U3M_M8,61.702,188,67,3,2,187,1,185,4.82e-71,211,77.66
PRQ73893.1,5NDW_E0,68.333,60,18,1,531,590,2,60,5.75e-13,62.4,73.33
PRQ73893.1,NP_013390.1,68.333,60,18,1,531,590,3,61,6.06e-13,62.4,73.33
PRQ73893.1,4U3M_E0,68.333,60,18,1,531,590,2,60,6.43e-13,62.0,73.33
PRQ73893.1,4U3M_e0,68.333,60,18,1,531,590,2,60,7.39e-13,62.0,73.33
PRQ73893.1,7NRC_Sg,67.241,58,18,1,533,590,1,57,8.75e-12,58.9,72.41
PRQ73893.1,7NRD_Sg,79.070,43,9,0,531,573,2,44,1.22e-10,55.1,79.07
PRQ74367.1,NP_013492.3,75.000,56,14,0,1,56,1,56,1.02e-27,92.0,82.14
PRQ74367.1,4U3M_D9,74.545,55,14,0,2,56,1,55,8.61e-27,89.7,81.82
PRQ74367.1,NP_010222.1,69.643,56,17,0,1,56,1,56,3.05e-26,88.6,80.36
PRQ74367.1,5I4L_D9,75.472,53,13,0,4,56,1,53,9.93e-26,87.0,83.02
PRQ74367.1,6WDR_d,72.222,36,10,0,21,56,2,37,6.53e-14,57.0,80.56
PRQ74412.1,NP_011057.1,66.667,114,37,1,1,114,1,113,2.07e-52,159,80.70
PRQ74412.1,NP_011326.1,65.487,113,38,1,1,113,1,112,2.68e-51,156,80.53
PRQ74412.1,4U3M_D6,68.421,95,30,0,4,98,3,97,1.70e-45,141,83.16
PRQ74611.1,4U3M_N6,55.932,118,52,0,4,121,7,124,5.02e-43,136,79.66
PRQ74611.1,NP_013448.1,55.932,118,52,0,4,121,8,125,5.24e-43,136,79.66
PRQ74611.1,5NDV_N6,55.932,118,52,0,4,121,7,124,5.32e-43,136,79.66
PRQ74611.1,NP_011548.2,55.932,118,52,0,4,121,8,125,6.59e-43,135,79.66
PRQ77063.1,5NDW_S7,63.793,174,63,0,17,190,9,182,5.94e-80,234,77.59
PRQ77063.1,4U3M_S7,63.793,174,63,0,17,190,11,184,5.95e-80,234,77.59
PRQ77063.1,5I4L_S7,63.793,174,63,0,17,190,11,184,6.21e-80,234,77.59
PRQ77063.1,NP_014739.1,63.793,174,63,0,17,190,12,185,6.43e-80,234,77.59
PRQ77063.1,7NRD_SU,63.793,174,63,0,17,190,10,183,6.85e-80,234,77.59
PRQ77063.1,NP_014303.3,62.069,174,66,0,17,190,12,185,6.12e-79,232,78.74
PRQ77192.1,NP_014221.3,71.041,221,58,4,6,223,4,221,1.52e-110,315,83.26
PRQ77192.1,4U3M_S3,71.041,221,58,4,6,223,3,220,1.66e-110,315,83.26
PRQ77192.1,6T7T_SD,71.041,221,58,4,6,223,1,218,1.84e-110,314,83.26
PRQ77192.1,5I4L_S3,71.041,221,58,4,6,223,2,219,1.94e-110,314,83.26
PRQ77628.1,NP_012073.1,71.094,256,74,0,1,256,1,256,1.97e-138,388,83.20
PRQ77628.1,6T7T_SE,70.980,255,74,0,2,256,1,255,1.04e-137,386,83.14
PRQ77628.1,4U3M_S4,70.980,255,74,0,2,256,1,255,1.63e-137,386,83.14
XP_016269179.1,NP_011392.1,69.585,217,64,2,24,239,31,246,1.05e-106,307,80.65
XP_016269179.1,4U3M_S2,69.585,217,64,2,24,239,30,245,1.96e-106,306,80.65
XP_016269179.1,6T7T_SC,69.484,213,63,2,28,239,2,213,5.69e-105,301,80.75
XP_016269179.1,5I4L_S2,69.484,213,63,2,28,239,2,213,5.89e-105,301,80.75
XP_016269989.1,5FCI_M1,77.907,172,38,0,6,177,2,173,1.86e-101,287,87.79
XP_016269989.1,NP_015427.1,77.907,172,38,0,6,177,3,174,2.19e-101,287,87.79
XP_016269989.1,4U3M_M1,78.235,170,37,0,8,177,4,173,6.56e-101,286,88.24
XP_016269989.1,NP_011599.1,78.235,170,37,0,8,177,5,174,8.18e-101,286,88.24
XP_016269989.1,5I4L_M1,78.107,169,37,0,9,177,1,169,6.66e-100,283,88.17
XP_016270257.1,NP_011380.3,68.519,216,68,0,4,219,2,217,4.72e-96,277,84.26
XP_016270257.1,6GQB_BA,70.098,204,61,0,15,218,1,204,2.01e-92,268,85.29
XP_016270302.1,NP_014520.1,61.538,143,51,3,1,140,1,142,3.53e-57,173,77.62
XP_016270302.1,NP_014097.1,61.871,139,51,2,3,140,5,142,4.85e-57,173,78.42
XP_016270302.1,4U3M_C9,61.871,139,51,2,3,140,4,141,6.04e-57,172,78.42
XP_016271040.1,NP_015126.1,59.836,244,97,1,1,243,1,244,3.34e-103,297,74.59
XP_016271040.1,NP_011439.1,59.426,244,98,1,1,243,1,244,7.02e-103,296,74.59
XP_016271040.1,4U3M_L7,59.259,243,98,1,2,243,1,243,6.89e-102,294,74.49
XP_016271040.1,5NDV_L7,60.889,225,87,1,20,243,2,226,8.07e-97,280,75.11
XP_016271040.1,5I4L_L7,64.734,207,72,1,38,243,17,223,1.33e-96,280,78.26
XP_016271040.1,5MEI_CI,64.734,207,72,1,38,243,16,222,1.48e-96,280,78.26
XP_016271040.1,NP_014396.3,34.599,237,126,8,10,221,59,291,3.06e-32,118,52.74
XP_016271042.1,NP_015074.1,52.000,100,48,0,1,100,1,100,5.69e-33,108,73.00
XP_016271042.1,NP_013920.1,51.000,100,49,0,1,100,1,100,1.74e-32,107,72.00
XP_016271042.1,4U3M_O6,51.546,97,47,0,4,100,3,99,1.57e-31,105,73.20
XP_016271250.1,NP_009750.1,70.000,160,48,0,1,160,1,160,2.22e-81,235,82.50
XP_016271250.1,NP_015246.1,69.375,160,49,0,1,160,1,160,6.08e-81,234,82.50
XP_016271250.1,4U3M_N1,70.701,157,46,0,4,160,3,159,6.14e-81,234,83.44
XP_016271290.1,NP_012118.1,92.188,128,10,0,1,128,1,128,4.38e-87,247,96.88
XP_016271290.1,4NNJ_B,98.684,76,1,0,1,76,4,79,3.55e-51,155,100.00
XP_016271290.1,4HCN_B,98.684,76,1,0,1,76,23,98,6.71e-51,155,100.00
XP_016271290.1,5L6J_B,98.684,76,1,0,1,76,1,76,7.48e-51,154,100.00
XP_016271290.1,NP_013268.1,98.684,76,1,0,1,76,1,76,6.06e-50,154,100.00
XP_016271290.1,4V88_Af,98.684,76,1,0,1,76,1,76,1.75e-49,153,100.00
XP_016271290.1,4Q5E_B,97.333,75,2,0,1,75,1,75,3.79e-49,150,100.00
XP_016271290.1,6NZO_C,98.667,75,1,0,1,75,21,95,8.61e-49,154,100.00
XP_016271290.1,NP_013061.1,97.403,77,2,0,1,77,1,77,1.06e-47,155,100.00
XP_016271290.1,NP_013061.1,97.403,77,2,0,1,77,77,153,1.06e-47,155,100.00
XP_016271290.1,NP_013061.1,97.403,77,2,0,1,77,153,229,1.06e-47,155,100.00
XP_016271290.1,NP_013061.1,97.403,77,2,0,1,77,229,305,1.06e-47,155,100.00
XP_016271290.1,NP_013061.1,98.684,76,1,0,1,76,305,380,1.61e-47,155,100.00
XP_016271290.1,4U3M_Q0,82.692,52,9,0,77,128,1,52,4.25e-28,96.3,92.31
XP_016271290.1,NP_010423.4,52.632,76,36,0,1,76,1,76,7.86e-23,83.6,76.32
XP_016271290.1,NP_014003.1,39.286,56,34,0,15,70,16,71,1.54e-06,43.9,57.14
XP_016271322.1,NP_013969.3,69.767,172,52,0,1,172,1,172,4.58e-91,261,83.72
XP_016271322.1,6T7T_LS,69.591,171,52,0,2,172,1,171,3.59e-90,259,83.63
XP_016271748.1,NP_009466.1,80.451,133,26,0,9,141,5,137,1.41e-78,227,89.47
XP_016271748.1,4U3M_N3,80.451,133,26,0,9,141,4,136,1.51e-78,226,89.47
XP_016271755.1,NP_116690.3,80.000,50,10,0,1,50,1,50,1.70e-24,84.3,88.00
XP_016271755.1,4U3M_N9,79.592,49,10,0,2,50,1,49,1.90e-23,82.0,87.76
XP_016271906.1,4U3M_D5,58.667,75,31,0,28,102,33,107,6.11e-31,103,82.67
XP_016271906.1,NP_011541.1,58.667,75,31,0,28,102,34,108,7.09e-31,103,82.67
XP_016271906.1,6T7T_SZ,59.722,72,29,0,28,99,11,82,2.22e-30,101,83.33
XP_016271906.1,NP_013437.1,57.333,75,32,0,28,102,34,108,4.30e-30,101,81.33
XP_016271906.1,5I4L_D5,60.000,70,28,0,30,99,1,70,3.43e-29,98.2,82.86
XP_016271906.1,7NRD_SK,59.420,69,28,0,31,99,1,69,1.48e-28,96.7,82.61
XP_016271906.1,6WDR_Z,58.065,62,26,0,36,97,1,62,6.93e-25,87.4,82.26
XP_016271986.1,NP_012766.1,74.390,82,21,0,1,82,1,82,1.73e-41,129,81.71
XP_016271986.1,NP_011885.1,73.171,82,22,0,1,82,1,82,3.19e-41,128,81.71
XP_016271986.1,4U3M_D7,75.000,80,20,0,3,82,2,81,8.99e-41,127,82.50
XP_016272033.1,NP_013176.1,74.178,213,53,1,1,211,1,213,4.72e-120,338,84.98
XP_016272033.1,4U3M_M0,74.057,212,53,1,2,211,1,212,6.19e-119,335,84.91
XP_016272033.1,6T7T_LI,74.057,212,53,1,2,211,1,212,7.93e-119,335,84.91
XP_016272048.1,NP_010670.3,52.252,111,51,2,1,110,1,110,1.88e-20,77.8,69.37
XP_016272048.1,NP_014603.1,49.485,97,45,2,14,110,14,106,1.88e-11,54.7,67.01
XP_016272088.1,4U3M_p0,61.812,309,117,1,5,313,4,311,4.05e-123,353,80.26
XP_016272088.1,NP_013444.1,61.812,309,117,1,5,313,5,312,4.37e-123,353,80.26
XP_016272088.1,4U3N_p0,61.812,309,117,1,5,313,4,311,6.04e-118,340,80.58
XP_016272088.1,4V88_Dq,58.576,309,127,1,5,313,5,312,6.45e-110,320,74.43
XP_016272088.1,5FCI_p0,58.576,309,127,1,5,313,4,311,6.59e-110,320,74.43
XP_016272088.1,5TBW_p0,64.055,217,78,0,5,221,3,219,7.16e-96,281,83.41
XP_016272088.1,5DAT_p0,64.055,217,78,0,5,221,4,220,9.11e-96,280,83.41
XP_016272088.1,6GQ1_P0,66.138,189,64,0,5,193,1,189,7.25e-83,246,83.60
XP_016272133.1,4U3M_C5,67.391,138,42,2,12,149,7,141,7.32e-61,182,76.81
XP_016272133.1,NP_014602.1,67.391,138,42,2,12,149,8,142,8.34e-61,182,76.81
XP_016272133.1,4U4O_C5,67.391,138,42,2,12,149,7,141,2.28e-60,181,76.09
XP_016272133.1,6WDR_P,68.462,130,38,2,20,149,1,127,2.06e-58,176,78.46
XP_016272133.1,5DAT_C5,66.418,134,42,2,12,145,7,137,7.93e-58,174,76.12
XP_016272133.1,5TBW_Q,64.925,134,44,1,12,145,5,135,9.47e-58,174,74.63
XP_016272133.1,6GQ1_AF,67.480,123,40,0,12,134,1,123,9.98e-57,171,77.24
XP_016272133.1,7NRD_SE,68.376,117,37,0,20,136,3,119,5.71e-55,167,78.63
XP_016272133.1,6T7T_SP,67.521,117,38,0,17,133,1,117,5.52e-54,164,77.78
XP_016272133.1,NP_014435.3,33.333,84,50,1,45,128,4,81,3.42e-08,47.0,53.57
XP_016272363.1,NP_013268.1,82.353,153,26,1,1,153,1,152,2.80e-74,217,90.20
XP_016272363.1,4V88_Af,69.935,153,45,1,1,153,1,152,2.89e-74,217,77.12
XP_016272363.1,4NNJ_B,98.684,76,1,0,1,76,4,79,1.08e-50,155,100.00
XP_016272363.1,5L6J_B,98.684,76,1,0,1,76,1,76,1.71e-50,154,100.00
XP_016272363.1,4HCN_B,98.684,76,1,0,1,76,23,98,2.16e-50,155,100.00
XP_016272363.1,NP_012118.1,97.403,77,2,0,1,77,1,77,6.30e-50,154,100.00
XP_016272363.1,4Q5E_B,97.333,75,2,0,1,75,1,75,7.65e-49,150,100.00
XP_016272363.1,6NZO_C,98.667,75,1,0,1,75,21,95,2.13e-48,154,100.00
XP_016272363.1,NP_013061.1,98.701,77,1,0,1,77,1,77,6.49e-48,157,100.00
XP_016272363.1,NP_013061.1,98.701,77,1,0,1,77,77,153,6.49e-48,157,100.00
XP_016272363.1,NP_013061.1,98.701,77,1,0,1,77,153,229,6.49e-48,157,100.00
XP_016272363.1,NP_013061.1,98.701,77,1,0,1,77,229,305,6.49e-48,157,100.00
XP_016272363.1,NP_013061.1,98.684,76,1,0,1,76,305,380,5.20e-47,155,100.00
XP_016272363.1,6TB3_N,68.493,73,23,0,81,153,1,73,7.64e-34,112,83.56
XP_016272363.1,4U3M_e1,69.737,76,23,0,78,153,1,76,7.27e-28,97.1,84.21
XP_016272363.1,4U3M_E1,68.421,76,24,0,78,153,1,76,4.38e-27,95.1,82.89
XP_016272363.1,5NDW_E1,68.493,73,23,0,81,153,1,73,4.19e-26,92.4,83.56
XP_016272363.1,5OBM_E1,68.056,72,23,0,82,153,1,72,2.11e-25,90.9,83.33
XP_016272363.1,5MEI_g,67.606,71,23,0,83,153,1,71,7.48e-25,89.4,83.10
XP_016272363.1,NP_010423.4,52.632,76,36,0,1,76,1,76,2.33e-22,83.2,76.32
XP_016272363.1,5MEI_e1,62.745,51,19,0,103,153,1,51,3.50e-20,77.0,82.35
XP_016272363.1,6GQ1_AW,64.865,37,13,0,117,153,1,37,2.63e-13,58.9,81.08
XP_016272363.1,NP_014003.1,39.286,56,34,0,15,70,16,71,5.72e-06,43.1,57.14
XP_016272364.1,NP_013286.1,78.571,84,18,0,1,84,1,84,1.39e-43,134,84.52
XP_016272364.1,4U3M_O7,79.268,82,17,0,3,84,2,83,6.21e-43,133,85.37
XP_016272364.1,6T7T_Lj,79.268,82,17,0,3,84,2,83,8.79e-43,132,85.37
XP_016272364.1,6TB3_AF,81.250,80,15,0,3,82,2,81,1.97e-42,131,86.25
XP_016272364.1,NP_010788.1,76.829,82,19,0,1,82,1,82,2.07e-41,129,84.15
XP_016272839.1,4U3M_D4,71.667,120,33,1,6,124,3,122,3.63e-56,170,80.83
XP_016272839.1,NP_010997.3,71.667,120,33,1,6,124,4,123,3.95e-56,169,80.83
XP_016273381.1,NP_013366.1,84.615,65,10,0,5,69,3,67,5.20e-35,111,93.85
XP_016273381.1,4U3M_D8,83.077,65,11,0,5,69,2,66,1.89e-34,110,93.85
XP_016273381.1,NP_014810.1,83.077,65,11,0,5,69,3,67,1.94e-34,110,93.85
XP_016273381.1,5TZS_G,81.538,65,12,0,5,69,3,67,1.01e-33,108,92.31
XP_016273381.1,5I4L_D8,84.127,63,10,0,7,69,1,63,1.30e-33,107,93.65
XP_016273472.1,NP_011412.1,69.799,149,43,1,1,147,1,149,6.35e-77,223,85.23
XP_016273472.1,4U3M_N8,69.595,148,43,1,2,147,1,148,5.15e-76,221,85.14
XP_016273720.1,NP_014706.1,73.575,386,100,1,1,386,1,384,0.0,554,85.23
XP_016273720.1,4U3M_L3,73.506,385,100,1,2,386,1,383,0.0,550,85.19
XP_016273720.1,5FCI_L3,73.247,385,101,1,2,386,1,383,0.0,545,84.94
XP_016273916.1,NP_009481.1,65.049,206,66,1,1,206,1,200,4.96e-96,276,78.64
XP_016273916.1,5MEI_J,65.196,204,65,1,3,206,2,199,5.62e-95,273,78.92
XP_016273916.1,7B7D_V,66.000,200,62,1,3,202,2,195,9.19e-95,273,79.50
XP_016273916.1,7NRD_SV,63.725,204,57,1,3,206,2,188,6.47e-92,265,76.96
XP_016273916.1,6T7T_SI,64.500,200,54,1,3,202,2,184,9.59e-92,265,77.50
XP_016274005.1,NP_012741.1,52.663,169,68,1,4,172,8,164,8.30e-58,177,66.27
XP_016274005.1,4U3M_M7,52.663,169,68,1,4,172,7,163,9.27e-58,177,66.27
XP_016274005.1,NP_012358.1,52.071,169,69,1,4,172,8,164,2.88e-57,176,66.27
XP_016274159.1,6WDR_U,61.000,100,39,0,24,123,3,102,1.79e-38,123,77.00
XP_016274159.1,6T7T_SU,61.616,99,38,0,24,122,2,100,2.74e-38,123,76.77
XP_016274159.1,7NRD_SJ,61.616,99,38,0,24,122,3,101,3.32e-38,122,76.77
XP_016274159.1,4U3M_D0,60.204,98,39,0,26,123,22,119,3.75e-37,120,76.53
XP_016274159.1,NP_011848.1,60.204,98,39,0,26,123,23,120,3.94e-37,120,76.53
XP_016274159.1,5NDW_D0,59.375,96,39,0,28,123,11,106,9.31e-36,117,76.04
XP_016274159.1,5NDV_D0,59.375,96,39,0,28,123,13,108,9.88e-36,117,76.04
XP_016274159.1,5I4L_D0,59.375,96,39,0,28,123,14,109,1.02e-35,117,76.04
XP_016274826.1,NP_012010.1,85.849,106,15,0,1,106,1,106,2.02e-54,163,90.57
XP_016274826.1,4U3M_Q2,85.714,105,15,0,2,106,1,105,1.72e-53,160,90.48
XP_016274826.1,6T7T_Lo,86.408,103,14,0,2,104,1,103,8.39e-53,159,91.26
XP_016274852.1,NP_010090.1,53.333,120,52,2,7,125,4,120,2.11e-35,116,75.00
XP_016274852.1,4U3M_O5,53.333,120,52,2,7,125,3,119,2.58e-35,116,75.00
XP_016275054.1,NP_012983.3,66.667,87,28,1,1,86,1,87,7.49e-39,122,82.76
XP_016275054.1,NP_012399.1,65.517,87,29,1,1,86,1,87,1.04e-38,122,82.76
XP_016275125.1,NP_011633.3,85.517,145,21,0,1,145,1,145,1.28e-88,253,93.10
XP_016275125.1,4U3M_D3,85.417,144,21,0,2,145,1,144,1.23e-87,250,93.06
XP_016275125.1,NP_014434.1,36.250,80,43,4,50,129,59,130,2.13e-08,48.5,63.75
XP_016275281.1,5I4L_S0,66.829,205,68,0,6,210,2,206,6.31e-102,295,79.02
XP_016275281.1,NP_013149.1,66.829,205,68,0,6,210,3,207,2.60e-101,295,79.51
XP_016275281.1,NP_011730.1,66.829,205,68,0,6,210,3,207,5.07e-101,294,79.02
XP_016275281.1,4U3M_S0,66.829,205,68,0,6,210,2,206,5.29e-101,294,79.02
XP_016275281.1,6WDR_A,66.341,205,69,0,6,210,2,206,1.58e-100,291,78.54
XP_016275281.1,6FAI_A,66.341,205,69,0,6,210,3,207,1.10e-99,291,78.54
XP_016275533.1,NP_014877.3,63.462,104,38,0,3,106,4,107,3.95e-45,140,76.92
XP_016275533.1,NP_015182.1,62.500,104,39,0,3,106,4,107,1.29e-44,138,76.92
XP_016275533.1,4U3M_O3,62.500,104,39,0,3,106,3,106,1.56e-44,138,76.92
XP_016275534.1,NP_013510.3,51.327,113,53,1,14,126,2,112,2.33e-35,116,68.14
XP_016275534.1,NP_010208.1,51.327,113,53,1,14,126,2,112,4.89e-35,115,67.26
XP_016275534.1,4U3M_O1,51.327,113,53,1,14,126,1,111,5.18e-35,115,67.26
XP_016275534.1,5I4L_O1,52.252,111,51,1,16,126,1,109,9.45e-35,114,67.57
XP_016275779.1,NP_013840.1,80.296,203,38,1,1,201,1,203,2.79e-120,337,89.16
XP_016275779.1,NP_013129.1,80.296,203,38,1,1,201,1,203,3.59e-120,337,89.16
XP_016275779.1,4U3M_M5,80.198,202,38,1,2,201,1,202,5.32e-119,334,89.11
XP_016275779.1,5DAT_M5,79.803,203,38,2,2,201,1,203,2.12e-117,330,88.67
XP_016275974.1,NP_012628.3,71.429,91,26,0,1,91,1,91,7.32e-45,138,84.62
XP_016275974.1,4U3M_Q3,71.910,89,25,0,3,91,2,90,5.91e-44,135,85.39
XP_016276143.1,NP_010202.1,54.630,108,47,1,1,108,1,106,1.16e-21,80.5,69.44
XP_016276143.1,NP_010153.1,54.455,101,45,1,8,108,7,106,7.00e-19,73.6,69.31
XP_016276143.1,NP_014603.1,50.000,88,42,1,23,108,19,106,9.68e-06,39.7,59.09
XP_016276504.1,NP_012133.1,65.128,195,66,2,7,201,7,199,9.59e-91,262,80.51
XP_016276504.1,4U3M_M6,65.128,195,66,2,7,201,6,198,1.13e-90,262,80.51
XP_016276504.1,5I4L_M6,65.128,195,66,2,7,201,5,197,1.34e-90,262,80.51
XP_016276504.1,4V88_BO,62.051,195,72,2,7,201,7,199,1.88e-88,256,80.00
XP_016276504.1,NP_014330.1,62.564,195,71,2,7,201,6,198,1.29e-85,249,80.00
XP_016276551.1,NP_013162.1,44.068,118,59,3,1,118,1,111,7.45e-21,79.7,66.10
XP_016276551.1,4U3M_N2,44.545,110,56,2,9,118,6,110,2.84e-20,78.2,67.27
XP_016276551.1,5I4L_N2,46.602,103,50,2,13,115,3,100,3.12e-19,75.1,66.99
XP_016276551.1,5NDV_N2,46.602,103,50,2,13,115,2,99,3.70e-19,74.7,66.99
XP_016276551.1,NP_116619.1,42.373,118,61,3,1,118,1,111,6.04e-19,74.7,65.25
XP_016277045.1,4U3N_c0,61.818,110,37,2,1,110,1,105,1.96e-45,142,80.00
XP_016277045.1,4U3M_C0,61.818,110,37,2,1,110,1,105,3.17e-45,142,79.09
XP_016277045.1,NP_014936.1,60.909,110,38,2,1,110,1,105,1.91e-44,140,78.18
XP_016277045.1,5FCI_C0,60.909,110,38,2,1,110,1,105,2.89e-44,139,78.18
XP_016277045.1,NP_013957.1,60.000,110,39,2,1,110,1,105,4.83e-44,139,79.09
XP_016277045.1,6WDR_K,67.033,91,30,0,1,91,1,91,5.83e-44,138,84.62
XP_016277045.1,5I4L_C0,67.033,91,30,0,1,91,1,91,1.00e-43,137,84.62
XP_016277045.1,6T7T_SK,67.033,91,30,0,1,91,1,91,1.06e-43,137,84.62
XP_016277045.1,5FCI_c0,67.470,83,27,0,1,83,1,83,3.04e-40,129,86.75
XP_016277160.1,NP_012212.1,65.741,108,37,0,1,108,1,108,8.87e-47,145,76.85
XP_016277160.1,NP_010977.2,64.815,108,38,0,1,108,1,108,1.23e-46,144,76.85
XP_016277160.1,5I4L_O4,65.094,106,37,0,3,108,2,107,6.79e-46,142,77.36
XP_016277160.1,4U3M_O4,65.094,106,37,0,3,108,2,107,1.08e-45,142,77.36
XP_016277160.1,4U4Q_O4,65.094,106,37,0,3,108,2,107,1.12e-45,142,77.36


